ISO-10303-21;
HEADER;
FILE_DESCRIPTION (( 'STEP AP214' ),
    '1' );
FILE_NAME ('ÉÏ¸Ç°å.STEP',
    '2026-08-05T10:05:43',
    ( '' ),
    ( '' ),
    'SwSTEP 2.0',
    'SolidWorks 2025',
    '' );
FILE_SCHEMA (( 'AUTOMOTIVE_DESIGN' ));
ENDSEC;

DATA;
#1 = LINE ( 'NONE', #483, #3067 ) ;
#2 = CARTESIAN_POINT ( 'NONE',  ( 20.00895226759132228, -22.06604833802116161, 0.000000000000000000 ) ) ;
#3 = ORIENTED_EDGE ( 'NONE', *, *, #2177, .F. ) ;
#4 = EDGE_CURVE ( 'NONE', #3202, #3207, #721, .T. ) ;
#5 = CARTESIAN_POINT ( 'NONE',  ( 22.60895226759131305, -20.06604833802116161, 0.000000000000000000 ) ) ;
#6 = ORIENTED_EDGE ( 'NONE', *, *, #1437, .F. ) ;
#7 = DIRECTION ( 'NONE',  ( 1.000000000000000000, 0.000000000000000000, 0.000000000000000000 ) ) ;
#8 = VERTEX_POINT ( 'NONE', #2525 ) ;
#9 = CARTESIAN_POINT ( 'NONE',  ( -18.37934213867641375, -21.09632204341421158, 0.000000000000000000 ) ) ;
#10 = LINE ( 'NONE', #2934, #831 ) ;
#11 = CARTESIAN_POINT ( 'NONE',  ( -21.39104773240869406, 27.33395166197680837, 3.299999999999999822 ) ) ;
#12 = CARTESIAN_POINT ( 'NONE',  ( 29.18930565207478267, 26.41430504646028155, 3.299999999999999822 ) ) ;
#13 = DIRECTION ( 'NONE',  ( 0.000000000000000000, -1.000000000000000000, 2.168404344971005170E-16 ) ) ;
#14 = FACE_OUTER_BOUND ( 'NONE', #141, .T. ) ;
#15 = EDGE_LOOP ( 'NONE', ( #271, #1060, #1075, #2225, #1213 ) ) ;
#16 = ADVANCED_FACE ( 'NONE', ( #981 ), #1498, .T. ) ;
#17 = CARTESIAN_POINT ( 'NONE',  ( -15.79104773240869797, 26.83395166197682258, 4.500000000000000000 ) ) ;
#18 = VERTEX_POINT ( 'NONE', #2509 ) ;
#19 = EDGE_CURVE ( 'NONE', #2366, #1223, #962, .T. ) ;
#20 = LINE ( 'NONE', #2011, #1283 ) ;
#21 = ORIENTED_EDGE ( 'NONE', *, *, #546, .T. ) ;
#22 = ADVANCED_FACE ( 'NONE', ( #2462 ), #2736, .F. ) ;
#23 = DIRECTION ( 'NONE',  ( -1.000000000000000000, 0.000000000000000000, -0.000000000000000000 ) ) ;
#24 = CARTESIAN_POINT ( 'NONE',  ( 24.76557659461724370, 28.43395166197680624, 4.800000000000000711 ) ) ;
#25 = DIRECTION ( 'NONE',  ( 0.000000000000000000, -0.000000000000000000, -1.000000000000000000 ) ) ;
#26 = DIRECTION ( 'NONE',  ( -1.000000000000000000, -1.388870244769555320E-16, 0.000000000000000000 ) ) ;
#27 = CARTESIAN_POINT ( 'NONE',  ( 29.80535941072009010, -22.29604833802116204, -2.030000000000000249 ) ) ;
#28 = DIRECTION ( 'NONE',  ( 1.000000000000000000, 0.000000000000000000, 0.000000000000000000 ) ) ;
#29 = CIRCLE ( 'NONE', #458, 1.000000000000000000 ) ;
#30 = DIRECTION ( 'NONE',  ( -0.4999999999999981681, -0.000000000000000000, 0.8660254037844395958 ) ) ;
#31 = VERTEX_POINT ( 'NONE', #3214 ) ;
#32 = DIRECTION ( 'NONE',  ( -0.000000000000000000, -0.000000000000000000, -1.000000000000000000 ) ) ;
#33 = AXIS2_PLACEMENT_3D ( 'NONE', #2406, #2860, #1154 ) ;
#34 = EDGE_CURVE ( 'NONE', #1425, #1478, #3117, .T. ) ;
#35 = DIRECTION ( 'NONE',  ( -1.000000000000000000, -0.000000000000000000, -0.000000000000000000 ) ) ;
#36 = ORIENTED_EDGE ( 'NONE', *, *, #211, .T. ) ;
#37 = CIRCLE ( 'NONE', #1352, 0.5000000000000004441 ) ;
#38 = AXIS2_PLACEMENT_3D ( 'NONE', #232, #997, #754 ) ;
#39 = DIRECTION ( 'NONE',  ( -0.000000000000000000, -0.000000000000000000, 1.000000000000000000 ) ) ;
#40 = VECTOR ( 'NONE', #1489, 1000.000000000000000 ) ;
#41 = EDGE_LOOP ( 'NONE', ( #1735, #322, #1931, #2631 ) ) ;
#42 = EDGE_LOOP ( 'NONE', ( #1545, #397, #1096, #253 ) ) ;
#43 = VECTOR ( 'NONE', #2151, 1000.000000000000000 ) ;
#44 = DIRECTION ( 'NONE',  ( -1.355252715606880543E-16, 1.000000000000000000, -0.000000000000000000 ) ) ;
#45 = ADVANCED_FACE ( 'NONE', ( #2212 ), #1983, .F. ) ;
#46 = CARTESIAN_POINT ( 'NONE',  ( 11.05895226759131056, -24.68604833802116261, -1.530000000000000027 ) ) ;
#47 = DIRECTION ( 'NONE',  ( -0.000000000000000000, -0.000000000000000000, -1.000000000000000000 ) ) ;
#48 = CARTESIAN_POINT ( 'NONE',  ( 20.00895226759131873, -21.56604833802116161, 0.000000000000000000 ) ) ;
#49 = DIRECTION ( 'NONE',  ( -1.000000000000000000, 0.000000000000000000, 0.000000000000000000 ) ) ;
#50 = ADVANCED_FACE ( 'NONE', ( #275 ), #231, .F. ) ;
#51 = CARTESIAN_POINT ( 'NONE',  ( -16.34767205943462542, 28.43395166197680624, 5.299999999999998934 ) ) ;
#52 = ORIENTED_EDGE ( 'NONE', *, *, #2095, .T. ) ;
#53 = CARTESIAN_POINT ( 'NONE',  ( -21.96934213867641361, -13.56604833802115984, -1.529999999999996474 ) ) ;
#54 = EDGE_CURVE ( 'NONE', #476, #2678, #1510, .T. ) ;
#55 = DIRECTION ( 'NONE',  ( 1.627881617134397475E-16, 1.000000000000000000, 0.000000000000000000 ) ) ;
#56 = ORIENTED_EDGE ( 'NONE', *, *, #3086, .T. ) ;
#57 = EDGE_CURVE ( 'NONE', #1737, #1393, #2262, .T. ) ;
#58 = LINE ( 'NONE', #1073, #2250 ) ;
#59 = EDGE_CURVE ( 'NONE', #861, #2382, #289, .T. ) ;
#60 = AXIS2_PLACEMENT_3D ( 'NONE', #73, #7, #814 ) ;
#61 = ORIENTED_EDGE ( 'NONE', *, *, #242, .F. ) ;
#62 = ORIENTED_EDGE ( 'NONE', *, *, #1554, .T. ) ;
#63 = DIRECTION ( 'NONE',  ( -0.000000000000000000, -0.000000000000000000, 1.000000000000000000 ) ) ;
#64 = DIRECTION ( 'NONE',  ( 1.627881617134397475E-16, 1.000000000000000000, 0.000000000000000000 ) ) ;
#65 = CARTESIAN_POINT ( 'NONE',  ( -20.77140111689214663, -23.54640172250463692, 0.000000000000000000 ) ) ;
#66 = LINE ( 'NONE', #3018, #2162 ) ;
#67 = DIRECTION ( 'NONE',  ( -1.000000000000000000, 0.000000000000000000, 0.000000000000000000 ) ) ;
#68 = ADVANCED_FACE ( 'NONE', ( #1996 ), #738, .F. ) ;
#69 = VERTEX_POINT ( 'NONE', #1716 ) ;
#70 = DIRECTION ( 'NONE',  ( -1.000000000000000000, 0.000000000000000000, 0.000000000000000000 ) ) ;
#71 = LINE ( 'NONE', #2119, #3224 ) ;
#72 = VERTEX_POINT ( 'NONE', #1471 ) ;
#73 = CARTESIAN_POINT ( 'NONE',  ( 5.805359410720100755, 27.05735331470829763, -2.030000000000000249 ) ) ;
#74 = ORIENTED_EDGE ( 'NONE', *, *, #1343, .T. ) ;
#75 = ORIENTED_EDGE ( 'NONE', *, *, #1670, .F. ) ;
#76 = VECTOR ( 'NONE', #2904, 1000.000000000000000 ) ;
#77 = DIRECTION ( 'NONE',  ( 1.000000000000000000, -0.000000000000000000, -0.000000000000000000 ) ) ;
#78 = DIRECTION ( 'NONE',  ( 0.000000000000000000, 0.000000000000000000, -1.000000000000000000 ) ) ;
#79 = DIRECTION ( 'NONE',  ( -1.627881617134397475E-16, -1.000000000000000000, 0.000000000000000000 ) ) ;
#80 = PLANE ( 'NONE',  #3102 ) ;
#81 = EDGE_CURVE ( 'NONE', #168, #863, #1227, .T. ) ;
#82 = EDGE_CURVE ( 'NONE', #2668, #1942, #525, .T. ) ;
#83 = DIRECTION ( 'NONE',  ( 0.000000000000000000, -1.000000000000000000, 1.084202172485504434E-16 ) ) ;
#84 = VECTOR ( 'NONE', #1937, 1000.000000000000000 ) ;
#85 = ORIENTED_EDGE ( 'NONE', *, *, #1621, .F. ) ;
#86 = CARTESIAN_POINT ( 'NONE',  ( 29.80535941072009010, -22.29604833802116204, -2.030000000000000249 ) ) ;
#87 = VECTOR ( 'NONE', #1884, 1000.000000000000000 ) ;
#88 = DIRECTION ( 'NONE',  ( -2.109689130350252706E-17, -2.859161922993497459E-33, 1.000000000000000000 ) ) ;
#89 = ORIENTED_EDGE ( 'NONE', *, *, #2031, .T. ) ;
#90 = CIRCLE ( 'NONE', #2848, 2.019646615516526467 ) ;
#91 = VECTOR ( 'NONE', #1037, 1000.000000000000000 ) ;
#92 = LINE ( 'NONE', #1093, #1135 ) ;
#93 = ORIENTED_EDGE ( 'NONE', *, *, #1019, .F. ) ;
#94 = AXIS2_PLACEMENT_3D ( 'NONE', #2094, #1873, #915 ) ;
#95 = ORIENTED_EDGE ( 'NONE', *, *, #651, .T. ) ;
#96 = CARTESIAN_POINT ( 'NONE',  ( 25.51613194456375666, 26.83395166197682968, 4.500000000000000000 ) ) ;
#97 = AXIS2_PLACEMENT_3D ( 'NONE', #850, #1531, #2080 ) ;
#98 = DIRECTION ( 'NONE',  ( 1.000000000000000000, 0.000000000000000000, 0.000000000000000000 ) ) ;
#99 = DIRECTION ( 'NONE',  ( -0.000000000000000000, -0.000000000000000000, 1.000000000000000000 ) ) ;
#100 = VECTOR ( 'NONE', #1797, 1000.000000000000000 ) ;
#101 = CARTESIAN_POINT ( 'NONE',  ( -16.34767205943462542, 28.43395166197680624, 5.299999999999998934 ) ) ;
#102 = ORIENTED_EDGE ( 'NONE', *, *, #3131, .T. ) ;
#103 = PLANE ( 'NONE',  #2639 ) ;
#104 = DIRECTION ( 'NONE',  ( -0.000000000000000000, -0.000000000000000000, 1.000000000000000000 ) ) ;
#105 = VERTEX_POINT ( 'NONE', #3012 ) ;
#106 = EDGE_CURVE ( 'NONE', #2448, #1374, #1241, .T. ) ;
#107 = ORIENTED_EDGE ( 'NONE', *, *, #1670, .T. ) ;
#108 = CARTESIAN_POINT ( 'NONE',  ( -16.34767205943461832, 26.33395166197680837, 4.800000000000000711 ) ) ;
#109 = EDGE_CURVE ( 'NONE', #2817, #1267, #2753, .T. ) ;
#110 = ORIENTED_EDGE ( 'NONE', *, *, #640, .F. ) ;
#111 = ORIENTED_EDGE ( 'NONE', *, *, #1182, .T. ) ;
#112 = LINE ( 'NONE', #313, #2964 ) ;
#113 = CARTESIAN_POINT ( 'NONE',  ( -2.269342138677063581, 27.05735331470829408, -2.030000000000000249 ) ) ;
#114 = DIRECTION ( 'NONE',  ( 0.000000000000000000, 0.000000000000000000, 1.000000000000000000 ) ) ;
#115 = ORIENTED_EDGE ( 'NONE', *, *, #372, .F. ) ;
#116 = DIRECTION ( 'NONE',  ( -7.304913682519391717E-17, 1.000000000000000000, -0.000000000000000000 ) ) ;
#117 = CARTESIAN_POINT ( 'NONE',  ( 25.51613194456376021, 27.33395166197681547, 4.499999999999999112 ) ) ;
#118 = ORIENTED_EDGE ( 'NONE', *, *, #2004, .F. ) ;
#119 = CARTESIAN_POINT ( 'NONE',  ( 19.50895226759131518, -20.56604833802116516, 0.000000000000000000 ) ) ;
#120 = EDGE_CURVE ( 'NONE', #3138, #2660, #1026, .T. ) ;
#121 = ORIENTED_EDGE ( 'NONE', *, *, #586, .F. ) ;
#122 =( NAMED_UNIT ( * ) PLANE_ANGLE_UNIT ( ) SI_UNIT ( $, .RADIAN. ) );
#123 = ORIENTED_EDGE ( 'NONE', *, *, #468, .T. ) ;
#124 = ORIENTED_EDGE ( 'NONE', *, *, #2132, .F. ) ;
#125 = DIRECTION ( 'NONE',  ( -0.000000000000000000, -0.000000000000000000, 1.000000000000000000 ) ) ;
#126 = EDGE_CURVE ( 'NONE', #1907, #3212, #2781, .T. ) ;
#127 = FACE_OUTER_BOUND ( 'NONE', #904, .T. ) ;
#128 = DIRECTION ( 'NONE',  ( 0.000000000000000000, 0.000000000000000000, -1.000000000000000000 ) ) ;
#129 = AXIS2_PLACEMENT_3D ( 'NONE', #1855, #414, #432 ) ;
#130 = ORIENTED_EDGE ( 'NONE', *, *, #907, .F. ) ;
#131 = DIRECTION ( 'NONE',  ( -1.000000000000000000, 0.000000000000000000, 0.000000000000000000 ) ) ;
#132 = ORIENTED_EDGE ( 'NONE', *, *, #4, .T. ) ;
#133 = DIRECTION ( 'NONE',  ( 0.000000000000000000, 0.000000000000000000, -1.000000000000000000 ) ) ;
#134 = CARTESIAN_POINT ( 'NONE',  ( 29.18930565207478267, 26.41430504646028155, 0.000000000000000000 ) ) ;
#135 = ADVANCED_FACE ( 'NONE', ( #1822 ), #2245, .F. ) ;
#136 = AXIS2_PLACEMENT_3D ( 'NONE', #577, #2995, #25 ) ;
#137 = ORIENTED_EDGE ( 'NONE', *, *, #1923, .T. ) ;
#138 = AXIS2_PLACEMENT_3D ( 'NONE', #1317, #1565, #2045 ) ;
#139 = DIRECTION ( 'NONE',  ( 0.000000000000000000, -1.000000000000000000, 1.084202172485504434E-16 ) ) ;
#140 = LINE ( 'NONE', #2567, #1600 ) ;
#141 = EDGE_LOOP ( 'NONE', ( #1684, #874, #1421, #2928 ) ) ;
#142 = VECTOR ( 'NONE', #511, 1000.000000000000000 ) ;
#143 = ORIENTED_EDGE ( 'NONE', *, *, #604, .F. ) ;
#144 = PLANE ( 'NONE',  #983 ) ;
#145 = VECTOR ( 'NONE', #2486, 1000.000000000000000 ) ;
#146 = ORIENTED_EDGE ( 'NONE', *, *, #1557, .T. ) ;
#147 = CARTESIAN_POINT ( 'NONE',  ( 24.20895226759130381, 26.83395166197682968, 4.500000000000000000 ) ) ;
#148 = ORIENTED_EDGE ( 'NONE', *, *, #2772, .F. ) ;
#149 = AXIS2_PLACEMENT_3D ( 'NONE', #1416, #2407, #469 ) ;
#150 = EDGE_CURVE ( 'NONE', #3110, #1387, #58, .T. ) ;
#151 = CARTESIAN_POINT ( 'NONE',  ( 29.80895226759130168, 27.33395166197681547, 1.000000000000000000 ) ) ;
#152 = ORIENTED_EDGE ( 'NONE', *, *, #1634, .F. ) ;
#153 = DIRECTION ( 'NONE',  ( -1.627881617134397475E-16, -1.000000000000000000, 0.000000000000000000 ) ) ;
#154 = AXIS2_PLACEMENT_3D ( 'NONE', #2728, #1249, #2502 ) ;
#155 = ADVANCED_FACE ( 'NONE', ( #2523 ), #2059, .T. ) ;
#156 = LINE ( 'NONE', #2911, #2910 ) ;
#157 = DIRECTION ( 'NONE',  ( -0.000000000000000000, -0.000000000000000000, 1.000000000000000000 ) ) ;
#158 = ADVANCED_FACE ( 'NONE', ( #800 ), #2507, .T. ) ;
#159 = ORIENTED_EDGE ( 'NONE', *, *, #1345, .F. ) ;
#160 = CARTESIAN_POINT ( 'NONE',  ( -15.79104773240869797, 27.33395166197680837, 5.299999999999998934 ) ) ;
#161 = FACE_OUTER_BOUND ( 'NONE', #2187, .T. ) ;
#162 = VERTEX_POINT ( 'NONE', #308 ) ;
#163 = APPLICATION_CONTEXT ( 'automotive_design' ) ;
#164 = ORIENTED_EDGE ( 'NONE', *, *, #2519, .T. ) ;
#165 = CARTESIAN_POINT ( 'NONE',  ( -20.77140111689215374, 28.43395166197680979, 0.000000000000000000 ) ) ;
#166 = ORIENTED_EDGE ( 'NONE', *, *, #609, .T. ) ;
#167 = CARTESIAN_POINT ( 'NONE',  ( 13.05895226759130878, 27.55735331470829763, -1.530000000000000027 ) ) ;
#168 = VERTEX_POINT ( 'NONE', #1044 ) ;
#169 = ADVANCED_FACE ( 'NONE', ( #2260 ), #3062, .T. ) ;
#170 = CARTESIAN_POINT ( 'NONE',  ( 26.49762740218612223, 27.33395166197681547, 3.299999999999999822 ) ) ;
#171 = ORIENTED_EDGE ( 'NONE', *, *, #2252, .T. ) ;
#172 = FACE_OUTER_BOUND ( 'NONE', #2610, .T. ) ;
#173 = CARTESIAN_POINT ( 'NONE',  ( 8.558952267596669827, -21.16604833802115948, 0.000000000000000000 ) ) ;
#174 = EDGE_CURVE ( 'NONE', #1529, #1789, #1512, .T. ) ;
#175 = CARTESIAN_POINT ( 'NONE',  ( 13.05895226759131056, -24.68604833802116261, -1.030000000000000027 ) ) ;
#176 = EDGE_CURVE ( 'NONE', #350, #200, #2801, .T. ) ;
#177 = ORIENTED_EDGE ( 'NONE', *, *, #958, .F. ) ;
#178 = CARTESIAN_POINT ( 'NONE',  ( -20.77140111689215374, 26.41430504646028155, 3.299999999999999822 ) ) ;
#179 = DIRECTION ( 'NONE',  ( -0.000000000000000000, 0.000000000000000000, 1.000000000000000000 ) ) ;
#180 = EDGE_LOOP ( 'NONE', ( #186, #394, #2310, #1453, #1965, #2115, #927, #1358 ) ) ;
#181 = ORIENTED_EDGE ( 'NONE', *, *, #298, .T. ) ;
#182 = DIRECTION ( 'NONE',  ( 0.000000000000000000, -1.000000000000000000, 0.000000000000000000 ) ) ;
#183 = EDGE_CURVE ( 'NONE', #1123, #1950, #188, .T. ) ;
#184 = VERTEX_POINT ( 'NONE', #1023 ) ;
#185 = DIRECTION ( 'NONE',  ( -0.000000000000000000, -0.000000000000000000, -1.000000000000000000 ) ) ;
#186 = ORIENTED_EDGE ( 'NONE', *, *, #750, .F. ) ;
#187 = CARTESIAN_POINT ( 'NONE',  ( -21.46934213867641361, -22.29604833802115849, -2.030000000000000249 ) ) ;
#188 = CIRCLE ( 'NONE', #138, 2.019646615516526467 ) ;
#189 = EDGE_CURVE ( 'NONE', #1319, #72, #3043, .T. ) ;
#190 = EDGE_LOOP ( 'NONE', ( #825, #955, #2865, #1661, #629, #1788, #1628, #2378, #902, #3029, #1304, #132, #2729, #431, #1255, #655 ) ) ;
#191 = EDGE_CURVE ( 'NONE', #3207, #1564, #2687, .T. ) ;
#192 = FACE_OUTER_BOUND ( 'NONE', #1016, .T. ) ;
#193 = FACE_OUTER_BOUND ( 'NONE', #2735, .T. ) ;
#194 = VERTEX_POINT ( 'NONE', #1007 ) ;
#195 = CARTESIAN_POINT ( 'NONE',  ( 24.60895226759131305, 23.43395166197680979, 1.000000000000000000 ) ) ;
#196 = DIRECTION ( 'NONE',  ( -1.000000000000000000, 0.000000000000000000, 0.000000000000000000 ) ) ;
#197 = VECTOR ( 'NONE', #2315, 1000.000000000000000 ) ;
#198 = AXIS2_PLACEMENT_3D ( 'NONE', #1404, #2395, #1371 ) ;
#199 = EDGE_CURVE ( 'NONE', #2678, #476, #1025, .T. ) ;
#200 = VERTEX_POINT ( 'NONE', #2491 ) ;
#201 = AXIS2_PLACEMENT_3D ( 'NONE', #1702, #223, #206 ) ;
#202 = ORIENTED_EDGE ( 'NONE', *, *, #852, .F. ) ;
#203 = AXIS2_PLACEMENT_3D ( 'NONE', #1800, #1298, #55 ) ;
#204 = LINE ( 'NONE', #707, #664 ) ;
#205 = ORIENTED_EDGE ( 'NONE', *, *, #2269, .T. ) ;
#206 = DIRECTION ( 'NONE',  ( 1.499770454748205193E-16, 1.000000000000000000, 0.000000000000000000 ) ) ;
#207 = CIRCLE ( 'NONE', #1817, 0.5000000000000004441 ) ;
#208 = CARTESIAN_POINT ( 'NONE',  ( 29.80895226759130878, -18.66604833802318453, 3.299999999999999822 ) ) ;
#209 = CARTESIAN_POINT ( 'NONE',  ( 31.20895226759131447, -23.54640172250463692, 0.000000000000000000 ) ) ;
#210 = VECTOR ( 'NONE', #2761, 1000.000000000000000 ) ;
#211 = EDGE_CURVE ( 'NONE', #2155, #2879, #20, .T. ) ;
#212 = AXIS2_PLACEMENT_3D ( 'NONE', #919, #3087, #2874 ) ;
#213 = ORIENTED_EDGE ( 'NONE', *, *, #1263, .T. ) ;
#214 = CARTESIAN_POINT ( 'NONE',  ( -15.79104773240869797, 26.33395166197680837, 4.500000000000000000 ) ) ;
#215 = PLANE ( 'NONE',  #2954 ) ;
#216 = ADVANCED_FACE ( 'NONE', ( #1266 ), #502, .T. ) ;
#217 = EDGE_LOOP ( 'NONE', ( #111, #2385, #3077, #3141 ) ) ;
#218 = APPLICATION_PROTOCOL_DEFINITION ( 'draft international standard', 'automotive_design', 1998, #163 ) ;
#219 = ORIENTED_EDGE ( 'NONE', *, *, #1802, .F. ) ;
#220 = DIRECTION ( 'NONE',  ( 0.000000000000000000, -1.000000000000000000, 0.000000000000000000 ) ) ;
#221 = DIRECTION ( 'NONE',  ( -0.000000000000000000, -0.000000000000000000, 1.000000000000000000 ) ) ;
#222 = ORIENTED_EDGE ( 'NONE', *, *, #1464, .T. ) ;
#223 = DIRECTION ( 'NONE',  ( 1.000000000000000000, -1.499770454748205193E-16, 0.000000000000000000 ) ) ;
#224 = CARTESIAN_POINT ( 'NONE',  ( 23.10895226759131660, -20.56604833802116516, 0.000000000000000000 ) ) ;
#225 = DIRECTION ( 'NONE',  ( 1.000000000000000000, 0.000000000000000000, 0.000000000000000000 ) ) ;
#226 = EDGE_LOOP ( 'NONE', ( #2210, #3025, #880, #762 ) ) ;
#227 = CARTESIAN_POINT ( 'NONE',  ( 27.91805689611508967, 25.17005080010329721, 0.000000000000000000 ) ) ;
#228 = ORIENTED_EDGE ( 'NONE', *, *, #150, .T. ) ;
#229 = CARTESIAN_POINT ( 'NONE',  ( 29.80535941072009010, 16.43395166197680979, -1.530000000000000027 ) ) ;
#230 = ORIENTED_EDGE ( 'NONE', *, *, #736, .T. ) ;
#231 = PLANE ( 'NONE',  #1087 ) ;
#232 = CARTESIAN_POINT ( 'NONE',  ( -20.77140111689214663, -23.54640172250463692, 3.299999999999999822 ) ) ;
#233 = LINE ( 'NONE', #2168, #2219 ) ;
#234 = ORIENTED_EDGE ( 'NONE', *, *, #1004, .T. ) ;
#235 = CARTESIAN_POINT ( 'NONE',  ( -21.46934213867641361, 16.43395166197680979, -1.530000000000000027 ) ) ;
#236 = MANIFOLD_SOLID_BREP ( '\X2\955c5411\X0\4', #3051 ) ;
#237 = DIRECTION ( 'NONE',  ( -1.627881617134397475E-16, -1.000000000000000000, 0.000000000000000000 ) ) ;
#238 = LINE ( 'NONE', #3190, #2233 ) ;
#239 = ORIENTED_EDGE ( 'NONE', *, *, #2436, .F. ) ;
#240 = DIRECTION ( 'NONE',  ( 0.000000000000000000, 0.000000000000000000, -1.000000000000000000 ) ) ;
#241 = ORIENTED_EDGE ( 'NONE', *, *, #2223, .T. ) ;
#242 = EDGE_CURVE ( 'NONE', #2184, #2899, #667, .T. ) ;
#243 = ORIENTED_EDGE ( 'NONE', *, *, #1673, .T. ) ;
#244 = CIRCLE ( 'NONE', #1079, 1.890000000000002789 ) ;
#245 = DIRECTION ( 'NONE',  ( -0.000000000000000000, -0.000000000000000000, 1.000000000000000000 ) ) ;
#246 = DIRECTION ( 'NONE',  ( 0.000000000000000000, 0.000000000000000000, 1.000000000000000000 ) ) ;
#247 = DIRECTION ( 'NONE',  ( 1.355252715606880543E-16, -1.000000000000000000, 0.000000000000000000 ) ) ;
#248 = AXIS2_PLACEMENT_3D ( 'NONE', #2444, #2161, #2180 ) ;
#249 = FACE_BOUND ( 'NONE', #3126, .T. ) ;
#250 = VECTOR ( 'NONE', #810, 1000.000000000000000 ) ;
#251 = DIRECTION ( 'NONE',  ( -0.000000000000000000, -0.000000000000000000, 1.000000000000000000 ) ) ;
#252 = LINE ( 'NONE', #1705, #782 ) ;
#253 = ORIENTED_EDGE ( 'NONE', *, *, #1939, .F. ) ;
#254 = VECTOR ( 'NONE', #2853, 1000.000000000000000 ) ;
#255 = DIRECTION ( 'NONE',  ( -0.000000000000000000, -0.000000000000000000, 1.000000000000000000 ) ) ;
#256 = CIRCLE ( 'NONE', #679, 2.019646615516526467 ) ;
#257 = ORIENTED_EDGE ( 'NONE', *, *, #666, .F. ) ;
#258 = AXIS2_PLACEMENT_3D ( 'NONE', #2630, #1611, #1156 ) ;
#259 = DIRECTION ( 'NONE',  ( 1.000000000000000000, 1.355252715606880543E-16, 0.000000000000000000 ) ) ;
#260 = ORIENTED_EDGE ( 'NONE', *, *, #2799, .F. ) ;
#261 = CARTESIAN_POINT ( 'NONE',  ( 29.80535941072009010, -22.29604833802116204, 0.000000000000000000 ) ) ;
#262 = LINE ( 'NONE', #1974, #1561 ) ;
#263 = CARTESIAN_POINT ( 'NONE',  ( -19.57934213867641304, -22.29604833802115849, 0.000000000000000000 ) ) ;
#264 = LINE ( 'NONE', #966, #1603 ) ;
#265 = EDGE_CURVE ( 'NONE', #2537, #2046, #2077, .T. ) ;
#266 = FACE_OUTER_BOUND ( 'NONE', #2028, .T. ) ;
#267 = DIRECTION ( 'NONE',  ( 1.000000000000000000, 1.355252715606880789E-16, 0.000000000000000000 ) ) ;
#268 = VERTEX_POINT ( 'NONE', #597 ) ;
#269 = ADVANCED_FACE ( 'NONE', ( #1593 ), #2344, .F. ) ;
#270 = PLANE ( 'NONE',  #203 ) ;
#271 = ORIENTED_EDGE ( 'NONE', *, *, #1889, .F. ) ;
#272 = EDGE_CURVE ( 'NONE', #1347, #2361, #2618, .T. ) ;
#273 = CARTESIAN_POINT ( 'NONE',  ( -8.491047732408681270, -21.26604833802320016, 0.000000000000000000 ) ) ;
#274 = ORIENTED_EDGE ( 'NONE', *, *, #415, .T. ) ;
#275 = FACE_OUTER_BOUND ( 'NONE', #2178, .T. ) ;
#276 = DIRECTION ( 'NONE',  ( -0.000000000000000000, -0.000000000000000000, 1.000000000000000000 ) ) ;
#277 = DIRECTION ( 'NONE',  ( -1.000000000000000000, 0.000000000000000000, 0.000000000000000000 ) ) ;
#278 = EDGE_CURVE ( 'NONE', #1205, #2155, #140, .T. ) ;
#279 = DIRECTION ( 'NONE',  ( 1.388870244769555320E-16, -1.000000000000000000, 0.000000000000000000 ) ) ;
#280 = LINE ( 'NONE', #561, #2734 ) ;
#281 = LINE ( 'NONE', #1248, #881 ) ;
#282 = PLANE ( 'NONE',  #2339 ) ;
#283 = ORIENTED_EDGE ( 'NONE', *, *, #106, .T. ) ;
#284 = DIRECTION ( 'NONE',  ( -0.000000000000000000, -0.000000000000000000, 1.000000000000000000 ) ) ;
#285 = CARTESIAN_POINT ( 'NONE',  ( 24.60895226759130949, -4.006046101334973924E-15, 0.000000000000000000 ) ) ;
#286 = ORIENTED_EDGE ( 'NONE', *, *, #1836, .T. ) ;
#287 = CARTESIAN_POINT ( 'NONE',  ( 20.00895226759131873, -21.56604833802116161, 3.299999999999999822 ) ) ;
#288 = VERTEX_POINT ( 'NONE', #912 ) ;
#289 = LINE ( 'NONE', #1009, #2716 ) ;
#290 = ADVANCED_FACE ( 'NONE', ( #161 ), #634, .T. ) ;
#291 = CARTESIAN_POINT ( 'NONE',  ( 24.20895226759130381, 26.33395166197681547, 4.500000000000000000 ) ) ;
#292 = DIRECTION ( 'NONE',  ( 0.000000000000000000, 0.000000000000000000, -1.000000000000000000 ) ) ;
#293 = DIRECTION ( 'NONE',  ( 1.000000000000000000, 0.000000000000000000, -0.000000000000000000 ) ) ;
#294 = AXIS2_PLACEMENT_3D ( 'NONE', #2916, #341, #1662 ) ;
#295 = CARTESIAN_POINT ( 'NONE',  ( 26.49762740218612223, 26.41430504646028155, 3.799999999999999822 ) ) ;
#296 = DIRECTION ( 'NONE',  ( -0.000000000000000000, 0.000000000000000000, -1.000000000000000000 ) ) ;
#297 = CIRCLE ( 'NONE', #1806, 0.6873025146050086853 ) ;
#298 = EDGE_CURVE ( 'NONE', #2311, #1405, #2903, .T. ) ;
#299 = CARTESIAN_POINT ( 'NONE',  ( 24.20895226759130381, 26.33395166197681547, 4.500000000000000000 ) ) ;
#300 = ORIENTED_EDGE ( 'NONE', *, *, #1336, .F. ) ;
#301 = CARTESIAN_POINT ( 'NONE',  ( 29.80535941072009010, 25.17005080010329721, -2.030000000000000249 ) ) ;
#302 = VECTOR ( 'NONE', #1271, 1000.000000000000000 ) ;
#303 = CARTESIAN_POINT ( 'NONE',  ( 31.20895226759131447, -15.74999999999999645, 0.000000000000000000 ) ) ;
#304 = ADVANCED_FACE ( 'NONE', ( #1384 ), #354, .F. ) ;
#305 = ORIENTED_EDGE ( 'NONE', *, *, #3038, .F. ) ;
#306 = VECTOR ( 'NONE', #1591, 1000.000000000000000 ) ;
#307 = VECTOR ( 'NONE', #588, 1000.000000000000000 ) ;
#308 = CARTESIAN_POINT ( 'NONE',  ( 13.05895226759131056, -24.18604833802116261, -1.530000000000000027 ) ) ;
#309 = AXIS2_PLACEMENT_3D ( 'NONE', #2959, #1445, #1978 ) ;
#310 = ORIENTED_EDGE ( 'NONE', *, *, #1468, .T. ) ;
#311 = ORIENTED_EDGE ( 'NONE', *, *, #586, .T. ) ;
#312 = AXIS2_PLACEMENT_3D ( 'NONE', #1486, #247, #3216 ) ;
#313 = CARTESIAN_POINT ( 'NONE',  ( 28.60535941072009436, 25.17005080010329721, -2.030000000000000249 ) ) ;
#314 = ADVANCED_FACE ( 'NONE', ( #2324 ), #1848, .F. ) ;
#315 = CARTESIAN_POINT ( 'NONE',  ( 24.60895226759130949, -4.006046101334973924E-15, 1.000000000000000000 ) ) ;
#316 = DIRECTION ( 'NONE',  ( 1.499770454748205193E-16, 1.000000000000000000, 0.000000000000000000 ) ) ;
#317 = CARTESIAN_POINT ( 'NONE',  ( 30.30535941072009010, 16.43395166197681334, -1.030000000000000027 ) ) ;
#318 = DIRECTION ( 'NONE',  ( 0.000000000000000000, 1.084202172485504434E-16, 1.000000000000000000 ) ) ;
#319 = ORIENTED_EDGE ( 'NONE', *, *, #433, .F. ) ;
#320 = CARTESIAN_POINT ( 'NONE',  ( 30.30535941072009010, 16.43395166197681334, -1.030000000000000027 ) ) ;
#321 = CARTESIAN_POINT ( 'NONE',  ( -16.34767205943462542, 72.47938275306727007, 5.299999999999998934 ) ) ;
#322 = ORIENTED_EDGE ( 'NONE', *, *, #393, .F. ) ;
#323 = DIRECTION ( 'NONE',  ( 0.000000000000000000, 0.000000000000000000, 1.000000000000000000 ) ) ;
#324 = ORIENTED_EDGE ( 'NONE', *, *, #1209, .T. ) ;
#325 = ORIENTED_EDGE ( 'NONE', *, *, #1770, .F. ) ;
#326 = EDGE_CURVE ( 'NONE', #31, #552, #92, .T. ) ;
#327 = LINE ( 'NONE', #1825, #2492 ) ;
#328 = AXIS2_PLACEMENT_3D ( 'NONE', #2297, #2767, #259 ) ;
#329 = CARTESIAN_POINT ( 'NONE',  ( -19.58203962407140253, 25.85735331470830545, -2.030000000000000249 ) ) ;
#330 = DIRECTION ( 'NONE',  ( 0.000000000000000000, 0.000000000000000000, 1.000000000000000000 ) ) ;
#331 = CARTESIAN_POINT ( 'NONE',  ( 5.805359410720100755, 25.85735331470829834, -2.030000000000000249 ) ) ;
#332 = CARTESIAN_POINT ( 'NONE',  ( 22.60895226759131660, -21.56604833802116161, 3.299999999999999822 ) ) ;
#333 = VERTEX_POINT ( 'NONE', #896 ) ;
#334 = DIRECTION ( 'NONE',  ( 0.000000000000000000, -0.000000000000000000, 1.000000000000000000 ) ) ;
#335 = DIRECTION ( 'NONE',  ( -1.000000000000000000, 0.000000000000000000, 0.000000000000000000 ) ) ;
#336 = ORIENTED_EDGE ( 'NONE', *, *, #631, .F. ) ;
#337 = DIRECTION ( 'NONE',  ( -1.355252715606880543E-16, 1.000000000000000000, -0.000000000000000000 ) ) ;
#338 = ORIENTED_EDGE ( 'NONE', *, *, #1770, .T. ) ;
#339 = EDGE_LOOP ( 'NONE', ( #3197, #692, #3022, #2487, #1605, #1738, #75, #219, #759 ) ) ;
#340 = CARTESIAN_POINT ( 'NONE',  ( 31.20895226759131447, -15.74999999999999645, 0.4399999999999990030 ) ) ;
#341 = DIRECTION ( 'NONE',  ( -1.000000000000000000, 0.000000000000000000, 0.000000000000000000 ) ) ;
#342 = CARTESIAN_POINT ( 'NONE',  ( -21.39104773240868695, -18.66604833802319163, 1.000000000000000000 ) ) ;
#343 = CARTESIAN_POINT ( 'NONE',  ( -21.96934213867641361, -13.56604833802115984, -1.529999999999996474 ) ) ;
#344 = EDGE_CURVE ( 'NONE', #3122, #1737, #616, .T. ) ;
#345 = DIRECTION ( 'NONE',  ( 1.000000000000000000, -4.007979640238702175E-16, 0.000000000000000000 ) ) ;
#346 = VECTOR ( 'NONE', #853, 1000.000000000000000 ) ;
#347 = VERTEX_POINT ( 'NONE', #2127 ) ;
#348 = CARTESIAN_POINT ( 'NONE',  ( 29.18930565207478978, -15.74999999999999645, 0.000000000000000000 ) ) ;
#349 = CARTESIAN_POINT ( 'NONE',  ( -20.26934213867641432, -21.09632204341421158, 0.000000000000000000 ) ) ;
#350 = VERTEX_POINT ( 'NONE', #2603 ) ;
#351 = VECTOR ( 'NONE', #2216, 1000.000000000000000 ) ;
#352 = VECTOR ( 'NONE', #104, 1000.000000000000000 ) ;
#353 = EDGE_LOOP ( 'NONE', ( #3210, #1318, #2684, #2524 ) ) ;
#354 = CYLINDRICAL_SURFACE ( 'NONE', #925, 0.5000000000000004441 ) ;
#355 = ORIENTED_EDGE ( 'NONE', *, *, #546, .F. ) ;
#356 = AXIS2_PLACEMENT_3D ( 'NONE', #757, #728, #49 ) ;
#357 = ORIENTED_EDGE ( 'NONE', *, *, #885, .F. ) ;
#358 = DIRECTION ( 'NONE',  ( -1.000000000000000000, -1.687751304280201918E-16, -2.109689130350252398E-17 ) ) ;
#359 = VECTOR ( 'NONE', #514, 1000.000000000000000 ) ;
#360 = LINE ( 'NONE', #1599, #2439 ) ;
#361 = CARTESIAN_POINT ( 'NONE',  ( -21.39104773240868695, -18.66604833802319163, 1.000000000000000000 ) ) ;
#362 = CIRCLE ( 'NONE', #2914, 1.000000000005352607 ) ;
#363 = EDGE_CURVE ( 'NONE', #1850, #3081, #2742, .T. ) ;
#364 = CARTESIAN_POINT ( 'NONE',  ( 11.05895226759130878, 27.55735331470829763, -1.530000000000000027 ) ) ;
#365 = ORIENTED_EDGE ( 'NONE', *, *, #2942, .T. ) ;
#366 = LINE ( 'NONE', #1365, #91 ) ;
#367 = CARTESIAN_POINT ( 'NONE',  ( -21.46934213867641361, -13.56604833802115628, -1.529999999999996252 ) ) ;
#368 = VERTEX_POINT ( 'NONE', #2144 ) ;
#369 = PLANE ( 'NONE',  #3010 ) ;
#370 = EDGE_CURVE ( 'NONE', #1151, #2221, #2358, .T. ) ;
#371 = VERTEX_POINT ( 'NONE', #2764 ) ;
#372 = EDGE_CURVE ( 'NONE', #1126, #2449, #2323, .T. ) ;
#373 = DIRECTION ( 'NONE',  ( 1.355252715606880543E-16, -1.000000000000000000, 0.000000000000000000 ) ) ;
#374 = ORIENTED_EDGE ( 'NONE', *, *, #440, .F. ) ;
#375 = ORIENTED_EDGE ( 'NONE', *, *, #344, .T. ) ;
#376 = DIRECTION ( 'NONE',  ( -0.000000000000000000, -0.000000000000000000, 1.000000000000000000 ) ) ;
#377 = FACE_OUTER_BOUND ( 'NONE', #910, .T. ) ;
#378 = ADVANCED_FACE ( 'NONE', ( #3182 ), #2272, .F. ) ;
#379 = CARTESIAN_POINT ( 'NONE',  ( 20.00895226759131873, -20.56604833802116161, 0.000000000000000000 ) ) ;
#380 = ORIENTED_EDGE ( 'NONE', *, *, #2284, .T. ) ;
#381 = LINE ( 'NONE', #1379, #979 ) ;
#382 = ORIENTED_EDGE ( 'NONE', *, *, #2571, .F. ) ;
#383 = DIRECTION ( 'NONE',  ( -1.000000000000000000, 0.000000000000000000, 0.000000000000000000 ) ) ;
#384 = ORIENTED_EDGE ( 'NONE', *, *, #2118, .F. ) ;
#385 = CARTESIAN_POINT ( 'NONE',  ( -21.96934213867641361, 14.43395166197680801, -1.529999999999999805 ) ) ;
#386 = ORIENTED_EDGE ( 'NONE', *, *, #2275, .F. ) ;
#387 = DIRECTION ( 'NONE',  ( 0.4999999999999970579, 0.000000000000000000, 0.8660254037844402619 ) ) ;
#388 = ORIENTED_EDGE ( 'NONE', *, *, #2461, .T. ) ;
#389 = EDGE_CURVE ( 'NONE', #801, #1567, #3161, .T. ) ;
#390 = ORIENTED_EDGE ( 'NONE', *, *, #425, .F. ) ;
#391 = FACE_OUTER_BOUND ( 'NONE', #2693, .T. ) ;
#392 = CARTESIAN_POINT ( 'NONE',  ( -20.26934213867641432, -21.09632204341421158, -2.030000000000000249 ) ) ;
#393 = EDGE_CURVE ( 'NONE', #2921, #1262, #1276, .T. ) ;
#394 = ORIENTED_EDGE ( 'NONE', *, *, #1682, .F. ) ;
#395 = DIRECTION ( 'NONE',  ( 1.000000000000000000, 0.000000000000000000, 0.000000000000000000 ) ) ;
#396 = AXIS2_PLACEMENT_3D ( 'NONE', #2759, #1519, #2560 ) ;
#397 = ORIENTED_EDGE ( 'NONE', *, *, #1995, .F. ) ;
#398 = DIRECTION ( 'NONE',  ( 1.355252715606880296E-16, -1.000000000000000000, 2.008895273620740181E-33 ) ) ;
#399 = ADVANCED_FACE ( 'NONE', ( #2897 ), #215, .F. ) ;
#400 = LINE ( 'NONE', #2939, #1968 ) ;
#401 = CARTESIAN_POINT ( 'NONE',  ( 28.60535941072009436, -21.09632204341422224, -2.030000000000000249 ) ) ;
#402 = AXIS2_PLACEMENT_3D ( 'NONE', #46, #2558, #1048 ) ;
#403 = ORIENTED_EDGE ( 'NONE', *, *, #1021, .F. ) ;
#404 = AXIS2_PLACEMENT_3D ( 'NONE', #702, #2966, #179 ) ;
#405 = CARTESIAN_POINT ( 'NONE',  ( -20.77140111689214663, -25.56604833802116161, 0.000000000000000000 ) ) ;
#406 = CARTESIAN_POINT ( 'NONE',  ( -17.79104773240868198, 72.47938275306727007, 3.299999999999999822 ) ) ;
#407 = ORIENTED_EDGE ( 'NONE', *, *, #2092, .T. ) ;
#408 = EDGE_CURVE ( 'NONE', #2452, #2869, #974, .T. ) ;
#409 = VECTOR ( 'NONE', #3154, 1000.000000000000000 ) ;
#410 = EDGE_LOOP ( 'NONE', ( #2475, #2948, #260, #2256 ) ) ;
#411 = CARTESIAN_POINT ( 'NONE',  ( 24.60895226759130949, -4.749999999999996447, 0.4400000000000003353 ) ) ;
#412 = VECTOR ( 'NONE', #2647, 1000.000000000000000 ) ;
#413 = ORIENTED_EDGE ( 'NONE', *, *, #1091, .T. ) ;
#414 = DIRECTION ( 'NONE',  ( -1.000000000000000000, 0.000000000000000000, 0.000000000000000000 ) ) ;
#415 = EDGE_CURVE ( 'NONE', #350, #3110, #670, .T. ) ;
#416 = ORIENTED_EDGE ( 'NONE', *, *, #2720, .F. ) ;
#417 = VECTOR ( 'NONE', #1896, 1000.000000000000000 ) ;
#418 = LINE ( 'NONE', #2907, #1301 ) ;
#419 = ORIENTED_EDGE ( 'NONE', *, *, #3026, .F. ) ;
#420 = DIRECTION ( 'NONE',  ( 0.000000000000000000, -0.000000000000000000, 1.000000000000000000 ) ) ;
#421 = CIRCLE ( 'NONE', #1765, 1.000000000005352607 ) ;
#422 = CARTESIAN_POINT ( 'NONE',  ( -18.37934213867641375, -22.98632204341421215, -2.030000000000000249 ) ) ;
#423 = CARTESIAN_POINT ( 'NONE',  ( 27.91535941072008953, -22.29604833802116204, -2.030000000000000249 ) ) ;
#424 = ORIENTED_EDGE ( 'NONE', *, *, #326, .F. ) ;
#425 = EDGE_CURVE ( 'NONE', #1423, #1089, #2917, .T. ) ;
#426 = CYLINDRICAL_SURFACE ( 'NONE', #2683, 0.6873025146050051326 ) ;
#427 = PLANE ( 'NONE',  #1446 ) ;
#428 = ORIENTED_EDGE ( 'NONE', *, *, #2947, .F. ) ;
#429 = CARTESIAN_POINT ( 'NONE',  ( 25.19858929650946067, 72.47938275306728428, 5.049999999999999822 ) ) ;
#430 = EDGE_CURVE ( 'NONE', #333, #162, #945, .T. ) ;
#431 = ORIENTED_EDGE ( 'NONE', *, *, #992, .T. ) ;
#432 = DIRECTION ( 'NONE',  ( 0.000000000000000000, 0.000000000000000000, 1.000000000000000000 ) ) ;
#433 = EDGE_CURVE ( 'NONE', #3193, #1123, #2667, .T. ) ;
#434 = ORIENTED_EDGE ( 'NONE', *, *, #59, .F. ) ;
#435 = DIRECTION ( 'NONE',  ( -1.000000000000000000, -0.000000000000000000, -0.000000000000000000 ) ) ;
#436 = ORIENTED_EDGE ( 'NONE', *, *, #739, .T. ) ;
#437 = CARTESIAN_POINT ( 'NONE',  ( 30.30535941072009010, 16.43395166197681334, -1.030000000000000027 ) ) ;
#438 = DIRECTION ( 'NONE',  ( 1.499770454748205193E-16, 1.000000000000000000, 0.000000000000000000 ) ) ;
#439 = CARTESIAN_POINT ( 'NONE',  ( -17.64671016511127277, 28.43395166197680624, 3.550000000000001155 ) ) ;
#440 = EDGE_CURVE ( 'NONE', #1312, #2472, #90, .T. ) ;
#441 = VERTEX_POINT ( 'NONE', #1663 ) ;
#442 = LINE ( 'NONE', #3143, #717 ) ;
#443 = DIRECTION ( 'NONE',  ( 0.000000000000000000, 0.000000000000000000, 1.000000000000000000 ) ) ;
#444 = VERTEX_POINT ( 'NONE', #2426 ) ;
#445 = VERTEX_POINT ( 'NONE', #1767 ) ;
#446 = ADVANCED_FACE ( 'NONE', ( #716 ), #475, .F. ) ;
#447 = DIRECTION ( 'NONE',  ( 0.000000000000000000, 0.000000000000000000, -1.000000000000000000 ) ) ;
#448 = ORIENTED_EDGE ( 'NONE', *, *, #2009, .T. ) ;
#449 = CARTESIAN_POINT ( 'NONE',  ( -16.19104773240868411, 2.635710896573367125E-15, 1.000000000000000000 ) ) ;
#450 = ADVANCED_FACE ( 'NONE', ( #2518 ), #427, .T. ) ;
#451 = CARTESIAN_POINT ( 'NONE',  ( -21.39104773240868695, -18.66604833802319163, 1.000000000000000000 ) ) ;
#452 = CARTESIAN_POINT ( 'NONE',  ( 7.558952267591317664, -21.16604833802115948, 0.000000000000000000 ) ) ;
#453 = ADVANCED_FACE ( 'NONE', ( #2459 ), #2931, .F. ) ;
#454 = EDGE_LOOP ( 'NONE', ( #569, #380, #274, #228 ) ) ;
#455 = DIRECTION ( 'NONE',  ( -1.000000000000000000, 0.000000000000000000, 0.000000000000000000 ) ) ;
#456 = DIRECTION ( 'NONE',  ( -0.000000000000000000, -0.000000000000000000, -1.000000000000000000 ) ) ;
#457 = VECTOR ( 'NONE', #139, 1000.000000000000000 ) ;
#458 = AXIS2_PLACEMENT_3D ( 'NONE', #2195, #3195, #960 ) ;
#459 = VERTEX_POINT ( 'NONE', #2680 ) ;
#460 = VECTOR ( 'NONE', #2188, 1000.000000000000000 ) ;
#461 = ORIENTED_EDGE ( 'NONE', *, *, #2677, .F. ) ;
#462 = CYLINDRICAL_SURFACE ( 'NONE', #2072, 0.6873025146050086853 ) ;
#463 = AXIS2_PLACEMENT_3D ( 'NONE', #1278, #761, #551 ) ;
#464 = DIRECTION ( 'NONE',  ( -1.000000000000000000, 0.000000000000000000, -0.000000000000000000 ) ) ;
#465 = ORIENTED_EDGE ( 'NONE', *, *, #1554, .F. ) ;
#466 = DIRECTION ( 'NONE',  ( 0.000000000000000000, 0.000000000000000000, -1.000000000000000000 ) ) ;
#467 = AXIS2_PLACEMENT_3D ( 'NONE', #2199, #491, #963 ) ;
#468 = EDGE_CURVE ( 'NONE', #18, #1824, #29, .T. ) ;
#469 = DIRECTION ( 'NONE',  ( 0.000000000000000000, 0.000000000000000000, -1.000000000000000000 ) ) ;
#470 = CARTESIAN_POINT ( 'NONE',  ( -8.491047732408681270, -21.26604833802320016, 3.299999999999999822 ) ) ;
#471 = VECTOR ( 'NONE', #1521, 1000.000000000000000 ) ;
#472 = ORIENTED_EDGE ( 'NONE', *, *, #2947, .T. ) ;
#473 = VECTOR ( 'NONE', #1622, 1000.000000000000000 ) ;
#474 = ORIENTED_EDGE ( 'NONE', *, *, #2602, .T. ) ;
#475 = PLANE ( 'NONE',  #3163 ) ;
#476 = VERTEX_POINT ( 'NONE', #1952 ) ;
#477 = DIRECTION ( 'NONE',  ( 0.000000000000000000, -0.000000000000000000, 1.000000000000000000 ) ) ;
#478 = LINE ( 'NONE', #1549, #571 ) ;
#479 = CARTESIAN_POINT ( 'NONE',  ( -7.491047732408680382, -21.26604833802320016, 0.000000000000000000 ) ) ;
#480 = ORIENTED_EDGE ( 'NONE', *, *, #1277, .T. ) ;
#481 = CARTESIAN_POINT ( 'NONE',  ( 29.18930565207478622, -4.749999999999997335, 0.000000000000000000 ) ) ;
#482 = EDGE_CURVE ( 'NONE', #1595, #574, #2946, .T. ) ;
#483 = CARTESIAN_POINT ( 'NONE',  ( 24.20895226759130381, 26.33395166197681547, 5.000000000000007105 ) ) ;
#484 = DIRECTION ( 'NONE',  ( 0.000000000000000000, -1.000000000000000000, 0.000000000000000000 ) ) ;
#485 = ORIENTED_EDGE ( 'NONE', *, *, #2587, .T. ) ;
#486 = DIRECTION ( 'NONE',  ( -0.000000000000000000, -0.000000000000000000, 1.000000000000000000 ) ) ;
#487 = ORIENTED_EDGE ( 'NONE', *, *, #1903, .F. ) ;
#488 = VERTEX_POINT ( 'NONE', #2778 ) ;
#489 = EDGE_CURVE ( 'NONE', #2709, #3202, #297, .T. ) ;
#490 = DIRECTION ( 'NONE',  ( 0.000000000000000000, -0.000000000000000000, -1.000000000000000000 ) ) ;
#491 = DIRECTION ( 'NONE',  ( -1.388870244769555320E-16, 1.000000000000000000, 0.000000000000000000 ) ) ;
#492 = DIRECTION ( 'NONE',  ( -0.000000000000000000, 0.000000000000000000, 1.000000000000000000 ) ) ;
#493 = EDGE_CURVE ( 'NONE', #1830, #1373, #2085, .T. ) ;
#494 = CARTESIAN_POINT ( 'NONE',  ( 29.18930565207476846, 28.43395166197680979, 3.299999999999999822 ) ) ;
#495 = CARTESIAN_POINT ( 'NONE',  ( 11.05895226759131056, -24.18604833802116261, -1.030000000000000027 ) ) ;
#496 = EDGE_CURVE ( 'NONE', #444, #2448, #1539, .T. ) ;
#497 = CARTESIAN_POINT ( 'NONE',  ( -15.79104773240869797, 27.33395166197680837, 4.500000000000000888 ) ) ;
#498 = ORIENTED_EDGE ( 'NONE', *, *, #1946, .F. ) ;
#499 = DIRECTION ( 'NONE',  ( -1.000000000000000000, 0.000000000000000000, 1.558253378221493773E-15 ) ) ;
#500 = VERTEX_POINT ( 'NONE', #594 ) ;
#501 = VECTOR ( 'NONE', #2478, 1000.000000000000000 ) ;
#502 = CYLINDRICAL_SURFACE ( 'NONE', #2582, 2.019646615516526467 ) ;
#503 = ADVANCED_FACE ( 'NONE', ( #1068 ), #103, .F. ) ;
#504 = VERTEX_POINT ( 'NONE', #86 ) ;
#505 = APPLICATION_PROTOCOL_DEFINITION ( 'draft international standard', 'automotive_design', 1998, #1104 ) ;
#506 = COLOUR_RGB ( '',0.7921568627450980005, 0.8196078431372548767, 0.9333333333333333481 ) ;
#507 = DIRECTION ( 'NONE',  ( 0.000000000000000000, -1.000000000000000000, 1.084202172485504434E-16 ) ) ;
#508 = DIRECTION ( 'NONE',  ( -1.355252715606880789E-16, 1.000000000000000000, 0.000000000000000000 ) ) ;
#509 = FACE_OUTER_BOUND ( 'NONE', #1226, .T. ) ;
#510 = VECTOR ( 'NONE', #2813, 1000.000000000000000 ) ;
#511 = DIRECTION ( 'NONE',  ( -0.000000000000000000, -0.000000000000000000, -1.000000000000000000 ) ) ;
#512 = EDGE_CURVE ( 'NONE', #2057, #3165, #1576, .T. ) ;
#513 = AXIS2_PLACEMENT_3D ( 'NONE', #2287, #1308, #820 ) ;
#514 = DIRECTION ( 'NONE',  ( -0.000000000000000000, -0.000000000000000000, 1.000000000000000000 ) ) ;
#515 = EDGE_CURVE ( 'NONE', #1116, #1412, #2294, .T. ) ;
#516 = CARTESIAN_POINT ( 'NONE',  ( 11.05895226759130878, 27.55735331470829763, -1.030000000000000027 ) ) ;
#517 = EDGE_LOOP ( 'NONE', ( #2635, #897, #914, #712 ) ) ;
#518 = AXIS2_PLACEMENT_3D ( 'NONE', #321, #88, #2354 ) ;
#519 = FACE_OUTER_BOUND ( 'NONE', #2556, .T. ) ;
#520 = ORIENTED_EDGE ( 'NONE', *, *, #3038, .T. ) ;
#521 = AXIS2_PLACEMENT_3D ( 'NONE', #824, #318, #83 ) ;
#522 = EDGE_CURVE ( 'NONE', #1157, #1312, #3054, .T. ) ;
#523 = SURFACE_SIDE_STYLE ('',( #2750 ) ) ;
#524 = VERTEX_POINT ( 'NONE', #2071 ) ;
#525 = LINE ( 'NONE', #2494, #2247 ) ;
#526 = CARTESIAN_POINT ( 'NONE',  ( -20.77140111689214663, -23.54640172250463692, 3.299999999999999822 ) ) ;
#527 = EDGE_CURVE ( 'NONE', #371, #2709, #582, .T. ) ;
#528 = LINE ( 'NONE', #3068, #1280 ) ;
#529 = CARTESIAN_POINT ( 'NONE',  ( -21.96934213867641361, -11.56604833802115984, -1.029999999999996696 ) ) ;
#530 = DIRECTION ( 'NONE',  ( -0.000000000000000000, 1.000000000000000000, -0.000000000000000000 ) ) ;
#531 = CARTESIAN_POINT ( 'NONE',  ( -21.96934213867641361, -13.56604833802115984, -1.529999999999996474 ) ) ;
#532 = CARTESIAN_POINT ( 'NONE',  ( -16.34767205943462542, 72.47938275306727007, 5.300000000000000711 ) ) ;
#533 = EDGE_LOOP ( 'NONE', ( #1588, #1169, #2032, #2259 ) ) ;
#534 = CARTESIAN_POINT ( 'NONE',  ( 13.05895226759130878, 27.55735331470829763, -1.530000000000000027 ) ) ;
#535 = CARTESIAN_POINT ( 'NONE',  ( -18.37934213867641375, -22.98632204341421215, 0.000000000000000000 ) ) ;
#536 = ORIENTED_EDGE ( 'NONE', *, *, #1107, .F. ) ;
#537 = EDGE_CURVE ( 'NONE', #2783, #1359, #2055, .T. ) ;
#538 = DIRECTION ( 'NONE',  ( 1.000000000000000000, -0.000000000000000000, -0.000000000000000000 ) ) ;
#539 = ORIENTED_EDGE ( 'NONE', *, *, #176, .T. ) ;
#540 = DIRECTION ( 'NONE',  ( 0.000000000000000000, 1.000000000000000000, 0.000000000000000000 ) ) ;
#541 = ADVANCED_FACE ( 'NONE', ( #3037 ), #3075, .T. ) ;
#542 = CARTESIAN_POINT ( 'NONE',  ( 29.18930565207477557, -25.56604833802116161, 0.000000000000000000 ) ) ;
#543 = CARTESIAN_POINT ( 'NONE',  ( 19.50895226759131518, -20.56604833802116516, 0.000000000000000000 ) ) ;
#544 = FACE_OUTER_BOUND ( 'NONE', #1300, .T. ) ;
#545 = DIRECTION ( 'NONE',  ( -1.508455196501571429E-16, 1.000000000000000000, -0.000000000000000000 ) ) ;
#546 = EDGE_CURVE ( 'NONE', #552, #3058, #826, .T. ) ;
#547 = DIRECTION ( 'NONE',  ( 7.304913682519391717E-17, -1.000000000000000000, 0.000000000000000000 ) ) ;
#548 = CARTESIAN_POINT ( 'NONE',  ( 25.51613194456375666, 26.33395166197681547, 5.000000000000007105 ) ) ;
#549 = ORIENTED_EDGE ( 'NONE', *, *, #1679, .F. ) ;
#550 = CARTESIAN_POINT ( 'NONE',  ( -19.58203962407140253, 25.17005080010329721, -2.030000000000000249 ) ) ;
#551 = DIRECTION ( 'NONE',  ( -1.000000000000000000, 0.000000000000000000, 0.000000000000000000 ) ) ;
#552 = VERTEX_POINT ( 'NONE', #1831 ) ;
#553 = EDGE_CURVE ( 'NONE', #2817, #1275, #1589, .T. ) ;
#554 = CARTESIAN_POINT ( 'NONE',  ( 24.20895226759130381, 26.83395166197682968, 4.500000000000000000 ) ) ;
#555 = ORIENTED_EDGE ( 'NONE', *, *, #2381, .T. ) ;
#556 = ORIENTED_EDGE ( 'NONE', *, *, #109, .T. ) ;
#557 = CARTESIAN_POINT ( 'NONE',  ( -8.491047732408681270, -21.26604833802320016, 0.000000000000000000 ) ) ;
#558 = CARTESIAN_POINT ( 'NONE',  ( -21.39104773240868695, -18.66604833802319163, 1.000000000000000000 ) ) ;
#559 = PLANE ( 'NONE',  #1496 ) ;
#560 = VECTOR ( 'NONE', #1532, 1000.000000000000000 ) ;
#561 = CARTESIAN_POINT ( 'NONE',  ( -20.26934213867641432, -21.09632204341421158, -2.030000000000000249 ) ) ;
#562 = CARTESIAN_POINT ( 'NONE',  ( -22.79104773240868198, 26.41430504646028155, 3.299999999999999822 ) ) ;
#563 = STYLED_ITEM ( 'NONE', ( #785 ), #236 ) ;
#564 = CARTESIAN_POINT ( 'NONE',  ( -16.34767205943461832, 26.33395166197680837, 5.300000000000000711 ) ) ;
#565 = ORIENTED_EDGE ( 'NONE', *, *, #1695, .T. ) ;
#566 = CARTESIAN_POINT ( 'NONE',  ( 24.20895226759130381, 27.33395166197681547, 4.500000000000000000 ) ) ;
#567 = AXIS2_PLACEMENT_3D ( 'NONE', #1843, #3089, #1328 ) ;
#568 = CARTESIAN_POINT ( 'NONE',  ( -16.34767205943461832, 28.43395166197680624, 4.800000000000000711 ) ) ;
#569 = ORIENTED_EDGE ( 'NONE', *, *, #2436, .T. ) ;
#570 = AXIS2_PLACEMENT_3D ( 'NONE', #2422, #3139, #1657 ) ;
#571 = VECTOR ( 'NONE', #2328, 1000.000000000000000 ) ;
#572 = CARTESIAN_POINT ( 'NONE',  ( -18.37934213867641375, -21.09632204341421158, -2.030000000000000249 ) ) ;
#573 = VECTOR ( 'NONE', #909, 1000.000000000000000 ) ;
#574 = VERTEX_POINT ( 'NONE', #1816 ) ;
#575 = VERTEX_POINT ( 'NONE', #2319 ) ;
#576 = CYLINDRICAL_SURFACE ( 'NONE', #97, 1.887302514605001313 ) ;
#577 = CARTESIAN_POINT ( 'NONE',  ( 29.18930565207476846, 28.43395166197680979, 3.299999999999999822 ) ) ;
#578 = DIRECTION ( 'NONE',  ( 0.000000000000000000, 0.000000000000000000, 1.000000000000000000 ) ) ;
#579 = CARTESIAN_POINT ( 'NONE',  ( -21.96934213867641361, 16.43395166197681334, -1.030000000000000027 ) ) ;
#580 = FACE_OUTER_BOUND ( 'NONE', #3103, .T. ) ;
#581 = EDGE_LOOP ( 'NONE', ( #1334, #1162, #2965, #659 ) ) ;
#582 = LINE ( 'NONE', #2827, #2169 ) ;
#583 = FACE_OUTER_BOUND ( 'NONE', #1041, .T. ) ;
#584 = ORIENTED_EDGE ( 'NONE', *, *, #370, .T. ) ;
#585 = ORIENTED_EDGE ( 'NONE', *, *, #2823, .T. ) ;
#586 = EDGE_CURVE ( 'NONE', #459, #2399, #1103, .T. ) ;
#587 = ORIENTED_EDGE ( 'NONE', *, *, #2241, .F. ) ;
#588 = DIRECTION ( 'NONE',  ( -0.000000000000000000, -0.000000000000000000, -1.000000000000000000 ) ) ;
#589 = DIRECTION ( 'NONE',  ( -0.000000000000000000, 1.000000000000000000, -0.000000000000000000 ) ) ;
#590 = CARTESIAN_POINT ( 'NONE',  ( -16.19104773240868411, 2.635710896573367125E-15, -0.000000000000000000 ) ) ;
#591 = FACE_OUTER_BOUND ( 'NONE', #1910, .T. ) ;
#592 = LINE ( 'NONE', #2316, #2700 ) ;
#593 = ORIENTED_EDGE ( 'NONE', *, *, #527, .F. ) ;
#594 = CARTESIAN_POINT ( 'NONE',  ( 29.18930565207477557, -25.56604833802116161, 3.299999999999999822 ) ) ;
#595 = CARTESIAN_POINT ( 'NONE',  ( -15.79104773240869797, 26.33395166197680837, 5.299999999999999822 ) ) ;
#596 = ORIENTED_EDGE ( 'NONE', *, *, #553, .T. ) ;
#597 = CARTESIAN_POINT ( 'NONE',  ( 5.805359410720100755, 25.85735331470829834, -2.030000000000000249 ) ) ;
#598 = ORIENTED_EDGE ( 'NONE', *, *, #1021, .T. ) ;
#599 = ORIENTED_EDGE ( 'NONE', *, *, #987, .T. ) ;
#600 = ADVANCED_FACE ( 'NONE', ( #856 ), #1606, .T. ) ;
#601 = DIRECTION ( 'NONE',  ( -1.000000000000000000, 7.498852273741028430E-17, 0.000000000000000000 ) ) ;
#602 = CARTESIAN_POINT ( 'NONE',  ( 24.60895226759130949, -15.74999999999999645, 0.000000000000000000 ) ) ;
#603 = LINE ( 'NONE', #2165, #2000 ) ;
#604 = EDGE_CURVE ( 'NONE', #3153, #2047, #2841, .T. ) ;
#605 = CARTESIAN_POINT ( 'NONE',  ( -21.39104773240869406, 27.33395166197680837, 1.000000000000000000 ) ) ;
#606 = VECTOR ( 'NONE', #2935, 1000.000000000000000 ) ;
#607 = ORIENTED_EDGE ( 'NONE', *, *, #2833, .F. ) ;
#608 = DIRECTION ( 'NONE',  ( 1.000000000000000000, 1.355252715606880789E-16, 0.000000000000000000 ) ) ;
#609 = EDGE_CURVE ( 'NONE', #635, #796, #366, .T. ) ;
#610 = DIRECTION ( 'NONE',  ( 0.000000000000000000, -1.084202172485504434E-16, -1.000000000000000000 ) ) ;
#611 = ORIENTED_EDGE ( 'NONE', *, *, #1856, .T. ) ;
#612 = CARTESIAN_POINT ( 'NONE',  ( 11.05895226759131056, -24.68604833802116261, -1.530000000000000027 ) ) ;
#613 = AXIS2_PLACEMENT_3D ( 'NONE', #12, #3233, #1986 ) ;
#614 = VECTOR ( 'NONE', #125, 1000.000000000000000 ) ;
#615 = VERTEX_POINT ( 'NONE', #3023 ) ;
#616 = LINE ( 'NONE', #1356, #1238 ) ;
#617 = EDGE_LOOP ( 'NONE', ( #2124, #434, #336, #1623 ) ) ;
#618 = VECTOR ( 'NONE', #1269, 1000.000000000000000 ) ;
#619 = ORIENTED_EDGE ( 'NONE', *, *, #776, .F. ) ;
#620 = ADVANCED_FACE ( 'NONE', ( #797 ), #1781, .F. ) ;
#621 = FACE_OUTER_BOUND ( 'NONE', #916, .T. ) ;
#622 = VECTOR ( 'NONE', #2845, 1000.000000000000000 ) ;
#623 = DIRECTION ( 'NONE',  ( -1.000000000000000000, 0.000000000000000000, 0.000000000000000000 ) ) ;
#624 = AXIS2_PLACEMENT_3D ( 'NONE', #605, #2351, #3135 ) ;
#625 = FACE_OUTER_BOUND ( 'NONE', #2388, .T. ) ;
#626 = ORIENTED_EDGE ( 'NONE', *, *, #59, .T. ) ;
#627 = CARTESIAN_POINT ( 'NONE',  ( 31.20895226759131091, -4.749999999999995559, 0.000000000000000000 ) ) ;
#628 = LINE ( 'NONE', #1380, #1140 ) ;
#629 = ORIENTED_EDGE ( 'NONE', *, *, #2674, .T. ) ;
#630 = CARTESIAN_POINT ( 'NONE',  ( -20.77140111689214663, -25.56604833802116161, 3.299999999999999822 ) ) ;
#631 = EDGE_CURVE ( 'NONE', #1412, #861, #3120, .T. ) ;
#632 = ORIENTED_EDGE ( 'NONE', *, *, #1072, .T. ) ;
#633 = EDGE_CURVE ( 'NONE', #1567, #2089, #2906, .T. ) ;
#634 = PLANE ( 'NONE',  #2061 ) ;
#635 = VERTEX_POINT ( 'NONE', #2138 ) ;
#636 = ORIENTED_EDGE ( 'NONE', *, *, #2835, .F. ) ;
#637 = PLANE ( 'NONE',  #3064 ) ;
#638 = EDGE_CURVE ( 'NONE', #1789, #1083, #2099, .T. ) ;
#639 = DIRECTION ( 'NONE',  ( 1.000000000000000000, 1.355252715606880789E-16, 0.000000000000000000 ) ) ;
#640 = EDGE_CURVE ( 'NONE', #288, #2508, #1189, .T. ) ;
#641 = ORIENTED_EDGE ( 'NONE', *, *, #720, .T. ) ;
#642 = PLANE ( 'NONE',  #212 ) ;
#643 = EDGE_LOOP ( 'NONE', ( #1701, #2532 ) ) ;
#644 = CARTESIAN_POINT ( 'NONE',  ( -17.64671016511127277, 27.33395166197680837, 3.550000000000000711 ) ) ;
#645 = EDGE_CURVE ( 'NONE', #1410, #1045, #2367, .T. ) ;
#646 = DIRECTION ( 'NONE',  ( -1.000000000000000000, -1.355252715606880543E-16, 0.000000000000000000 ) ) ;
#647 = PLANE ( 'NONE',  #1148 ) ;
#648 = ORIENTED_EDGE ( 'NONE', *, *, #3015, .F. ) ;
#649 = PLANE ( 'NONE',  #2949 ) ;
#650 = DIRECTION ( 'NONE',  ( 0.000000000000000000, 0.000000000000000000, 1.000000000000000000 ) ) ;
#651 = EDGE_CURVE ( 'NONE', #2084, #1071, #2876, .T. ) ;
#652 = ORIENTED_EDGE ( 'NONE', *, *, #3187, .T. ) ;
#653 = VERTEX_POINT ( 'NONE', #627 ) ;
#654 = CARTESIAN_POINT ( 'NONE',  ( 28.60535941072009436, -21.09632204341422224, -2.030000000000000249 ) ) ;
#655 = ORIENTED_EDGE ( 'NONE', *, *, #2132, .T. ) ;
#656 = DIRECTION ( 'NONE',  ( -0.000000000000000000, -0.000000000000000000, -1.000000000000000000 ) ) ;
#657 = ORIENTED_EDGE ( 'NONE', *, *, #1971, .F. ) ;
#658 = CARTESIAN_POINT ( 'NONE',  ( 29.80535941072009010, 25.17005080010329721, 0.000000000000000000 ) ) ;
#659 = ORIENTED_EDGE ( 'NONE', *, *, #1542, .F. ) ;
#660 = DIRECTION ( 'NONE',  ( 0.000000000000000000, 0.000000000000000000, -1.000000000000000000 ) ) ;
#661 = ORIENTED_EDGE ( 'NONE', *, *, #786, .T. ) ;
#662 = LINE ( 'NONE', #2157, #932 ) ;
#663 = PLANE ( 'NONE',  #2967 ) ;
#664 = VECTOR ( 'NONE', #1198, 1000.000000000000000 ) ;
#665 = ORIENTED_EDGE ( 'NONE', *, *, #2350, .T. ) ;
#666 = EDGE_CURVE ( 'NONE', #3153, #1483, #1637, .T. ) ;
#667 = CIRCLE ( 'NONE', #977, 0.5000000000000004441 ) ;
#668 = EDGE_CURVE ( 'NONE', #2470, #2852, #695, .T. ) ;
#669 = DIRECTION ( 'NONE',  ( -0.000000000000000000, -6.938893903907228378E-15, -1.000000000000000000 ) ) ;
#670 = LINE ( 'NONE', #534, #871 ) ;
#671 = ORIENTED_EDGE ( 'NONE', *, *, #2112, .T. ) ;
#672 = CIRCLE ( 'NONE', #1448, 1.889999999999999236 ) ;
#673 = CARTESIAN_POINT ( 'NONE',  ( -17.64671016511127277, 27.33395166197680837, 3.550000000000000266 ) ) ;
#674 = CIRCLE ( 'NONE', #3115, 1.887302514605001313 ) ;
#675 = VERTEX_POINT ( 'NONE', #1167 ) ;
#676 = AXIS2_PLACEMENT_3D ( 'NONE', #996, #769, #507 ) ;
#677 = DIRECTION ( 'NONE',  ( -1.000000000000000000, 0.000000000000000000, 0.000000000000000000 ) ) ;
#678 = ORIENTED_EDGE ( 'NONE', *, *, #2497, .F. ) ;
#679 = AXIS2_PLACEMENT_3D ( 'NONE', #817, #2805, #2034 ) ;
#680 = DIRECTION ( 'NONE',  ( 0.000000000000000000, 0.000000000000000000, 1.000000000000000000 ) ) ;
#681 = ORIENTED_EDGE ( 'NONE', *, *, #1329, .T. ) ;
#682 = CARTESIAN_POINT ( 'NONE',  ( 7.558952267591317664, -21.16604833802115948, 3.299999999999999822 ) ) ;
#683 = VECTOR ( 'NONE', #1744, 1000.000000000000000 ) ;
#684 = CARTESIAN_POINT ( 'NONE',  ( -16.19104773240868766, -19.19134633802116241, 1.000000000000000000 ) ) ;
#685 = CARTESIAN_POINT ( 'NONE',  ( -21.96934213867641361, -11.56604833802115984, -1.529999999999996696 ) ) ;
#686 = VERTEX_POINT ( 'NONE', #2420 ) ;
#687 = DIRECTION ( 'NONE',  ( -0.000000000000000000, -0.000000000000000000, 1.000000000000000000 ) ) ;
#688 = DIRECTION ( 'NONE',  ( -0.000000000000000000, 1.000000000000000000, 0.000000000000000000 ) ) ;
#689 = ADVANCED_FACE ( 'NONE', ( #172 ), #1894, .F. ) ;
#690 = ORIENTED_EDGE ( 'NONE', *, *, #1524, .T. ) ;
#691 = PRODUCT_CONTEXT ( 'NONE', #163, 'mechanical' ) ;
#692 = ORIENTED_EDGE ( 'NONE', *, *, #1527, .T. ) ;
#693 = FACE_OUTER_BOUND ( 'NONE', #1905, .T. ) ;
#694 = EDGE_LOOP ( 'NONE', ( #1992, #2246, #2844, #2818 ) ) ;
#695 = LINE ( 'NONE', #2909, #2957 ) ;
#696 = EDGE_CURVE ( 'NONE', #488, #105, #1933, .T. ) ;
#697 = CARTESIAN_POINT ( 'NONE',  ( 26.71535941072009024, -22.98632204341422280, 0.000000000000000000 ) ) ;
#698 = VECTOR ( 'NONE', #1773, 1000.000000000000000 ) ;
#699 = DIRECTION ( 'NONE',  ( -1.000000000000000000, 0.000000000000000000, 0.000000000000000000 ) ) ;
#700 = ORIENTED_EDGE ( 'NONE', *, *, #2244, .F. ) ;
#701 = CARTESIAN_POINT ( 'NONE',  ( 26.71535941072009024, -21.09632204341422224, -2.030000000000000249 ) ) ;
#702 = CARTESIAN_POINT ( 'NONE',  ( 19.50895226759131518, -20.56604833802116516, 0.000000000000000000 ) ) ;
#703 = ORIENTED_EDGE ( 'NONE', *, *, #344, .F. ) ;
#704 = EDGE_CURVE ( 'NONE', #3036, #2296, #2661, .T. ) ;
#705 = VERTEX_POINT ( 'NONE', #2645 ) ;
#706 = DIRECTION ( 'NONE',  ( -0.000000000000000000, -0.000000000000000000, 1.000000000000000000 ) ) ;
#707 = CARTESIAN_POINT ( 'NONE',  ( -21.46934213867641006, 25.17005080010329721, -2.030000000000000249 ) ) ;
#708 = ORIENTED_EDGE ( 'NONE', *, *, #752, .T. ) ;
#709 = CARTESIAN_POINT ( 'NONE',  ( 24.20895226759130381, 27.33395166197681547, 5.299999999999999822 ) ) ;
#710 = CARTESIAN_POINT ( 'NONE',  ( -15.79104773240869797, 26.33395166197680837, 5.000000000000007105 ) ) ;
#711 = CARTESIAN_POINT ( 'NONE',  ( -21.96934213867641361, -11.56604833802115984, -1.529999999999996696 ) ) ;
#712 = ORIENTED_EDGE ( 'NONE', *, *, #430, .T. ) ;
#713 = EDGE_CURVE ( 'NONE', #1267, #2046, #672, .T. ) ;
#714 = EDGE_LOOP ( 'NONE', ( #2345, #1106, #2396, #1490 ) ) ;
#715 = CARTESIAN_POINT ( 'NONE',  ( 27.91805689611508967, 25.17005080010329721, -2.030000000000000249 ) ) ;
#716 = FACE_OUTER_BOUND ( 'NONE', #2357, .T. ) ;
#717 = VECTOR ( 'NONE', #2651, 1000.000000000000227 ) ;
#718 = EDGE_LOOP ( 'NONE', ( #2859, #85, #1418, #2566 ) ) ;
#719 = VECTOR ( 'NONE', #1340, 1000.000000000000000 ) ;
#720 = EDGE_CURVE ( 'NONE', #1237, #767, #2171, .T. ) ;
#721 = LINE ( 'NONE', #2476, #2791 ) ;
#722 = CARTESIAN_POINT ( 'NONE',  ( 0.000000000000000000, 23.43395166197680979, 1.000000000000000000 ) ) ;
#723 = VECTOR ( 'NONE', #1980, 1000.000000000000000 ) ;
#724 = DIRECTION ( 'NONE',  ( 0.000000000000000000, -2.168404344971005170E-16, -1.000000000000000000 ) ) ;
#725 = ORIENTED_EDGE ( 'NONE', *, *, #2669, .F. ) ;
#726 = LINE ( 'NONE', #2711, #460 ) ;
#727 = VECTOR ( 'NONE', #706, 1000.000000000000000 ) ;
#728 = DIRECTION ( 'NONE',  ( -0.000000000000000000, -0.000000000000000000, 1.000000000000000000 ) ) ;
#729 = DIRECTION ( 'NONE',  ( -0.000000000000000000, -0.000000000000000000, -1.000000000000000000 ) ) ;
#730 = CIRCLE ( 'NONE', #1819, 0.5000000000000004441 ) ;
#731 = ORIENTED_EDGE ( 'NONE', *, *, #2701, .T. ) ;
#732 = VECTOR ( 'NONE', #2922, 1000.000000000000000 ) ;
#733 = FACE_OUTER_BOUND ( 'NONE', #410, .T. ) ;
#734 = ORIENTED_EDGE ( 'NONE', *, *, #2506, .T. ) ;
#735 = EDGE_CURVE ( 'NONE', #1157, #184, #938, .T. ) ;
#736 = EDGE_CURVE ( 'NONE', #3058, #1595, #870, .T. ) ;
#737 = ORIENTED_EDGE ( 'NONE', *, *, #1209, .F. ) ;
#738 = PLANE ( 'NONE',  #1573 ) ;
#739 = EDGE_CURVE ( 'NONE', #3122, #1368, #2925, .T. ) ;
#740 = CARTESIAN_POINT ( 'NONE',  ( -21.46934213867641361, 14.43395166197680801, -1.029999999999999583 ) ) ;
#741 = FACE_OUTER_BOUND ( 'NONE', #1067, .T. ) ;
#742 = CARTESIAN_POINT ( 'NONE',  ( 5.805359410720100755, 27.05735331470829763, 0.000000000000000000 ) ) ;
#743 = PLANE ( 'NONE',  #1353 ) ;
#744 = CARTESIAN_POINT ( 'NONE',  ( 20.00895226759131873, -21.56604833802116161, 0.000000000000000000 ) ) ;
#745 = VERTEX_POINT ( 'NONE', #3104 ) ;
#746 = CARTESIAN_POINT ( 'NONE',  ( 31.20895226759131447, -23.54640172250463692, 0.000000000000000000 ) ) ;
#747 = VECTOR ( 'NONE', #1268, 1000.000000000000000 ) ;
#748 = EDGE_CURVE ( 'NONE', #1262, #1095, #381, .T. ) ;
#749 = ORIENTED_EDGE ( 'NONE', *, *, #553, .F. ) ;
#750 = EDGE_CURVE ( 'NONE', #920, #1953, #1134, .T. ) ;
#751 = ORIENTED_EDGE ( 'NONE', *, *, #34, .F. ) ;
#752 = EDGE_CURVE ( 'NONE', #2399, #937, #2453, .T. ) ;
#753 = CARTESIAN_POINT ( 'NONE',  ( -8.491047732408681270, -21.26604833802320016, 0.000000000000000000 ) ) ;
#754 = DIRECTION ( 'NONE',  ( -1.000000000000000000, 0.000000000000000000, 0.000000000000000000 ) ) ;
#755 = LINE ( 'NONE', #2418, #975 ) ;
#756 = DIRECTION ( 'NONE',  ( 1.000000000000000000, 1.388870244769555320E-16, -0.000000000000000000 ) ) ;
#757 = CARTESIAN_POINT ( 'NONE',  ( 27.91805689611508967, 25.17005080010329721, 0.000000000000000000 ) ) ;
#758 = LINE ( 'NONE', #3222, #2123 ) ;
#759 = ORIENTED_EDGE ( 'NONE', *, *, #393, .T. ) ;
#760 = EDGE_CURVE ( 'NONE', #2449, #3138, #264, .T. ) ;
#761 = DIRECTION ( 'NONE',  ( 0.000000000000000000, 0.000000000000000000, -1.000000000000000000 ) ) ;
#762 = ORIENTED_EDGE ( 'NONE', *, *, #3078, .T. ) ;
#763 = ADVANCED_FACE ( 'NONE', ( #1760 ), #1721, .F. ) ;
#764 = EDGE_CURVE ( 'NONE', #2129, #2670, #1503, .T. ) ;
#765 = VECTOR ( 'NONE', #545, 1000.000000000000000 ) ;
#766 = DIRECTION ( 'NONE',  ( -1.000000000000000000, 0.000000000000000000, 0.000000000000000000 ) ) ;
#767 = VERTEX_POINT ( 'NONE', #1999 ) ;
#768 = VECTOR ( 'NONE', #2042, 1000.000000000000000 ) ;
#769 = DIRECTION ( 'NONE',  ( 0.000000000000000000, 1.084202172485504434E-16, 1.000000000000000000 ) ) ;
#770 = DIRECTION ( 'NONE',  ( -0.000000000000000000, 1.000000000000000000, -0.000000000000000000 ) ) ;
#771 = CARTESIAN_POINT ( 'NONE',  ( 24.60895226759130949, -3.937051417631351345E-15, 0.4400000000000008349 ) ) ;
#772 = VECTOR ( 'NONE', #1799, 1000.000000000000000 ) ;
#773 = FACE_OUTER_BOUND ( 'NONE', #1890, .T. ) ;
#774 = AXIS2_PLACEMENT_3D ( 'NONE', #2828, #2565, #335 ) ;
#775 = LINE ( 'NONE', #2468, #2229 ) ;
#776 = EDGE_CURVE ( 'NONE', #2060, #575, #999, .T. ) ;
#777 = DIRECTION ( 'NONE',  ( 0.3779644730092225346, -0.6546536707079829709, 0.6546536707079740891 ) ) ;
#778 = ORIENTED_EDGE ( 'NONE', *, *, #2799, .T. ) ;
#779 = CARTESIAN_POINT ( 'NONE',  ( 29.18930565207476846, 28.43395166197680979, 0.000000000000000000 ) ) ;
#780 = VECTOR ( 'NONE', #1183, 1000.000000000000000 ) ;
#781 = DIRECTION ( 'NONE',  ( -1.000000000000000000, 0.000000000000000000, 0.000000000000000000 ) ) ;
#782 = VECTOR ( 'NONE', #2692, 1000.000000000000000 ) ;
#783 = EDGE_LOOP ( 'NONE', ( #1633, #1674, #2150, #539 ) ) ;
#784 = CIRCLE ( 'NONE', #990, 0.5000000000000000000 ) ;
#785 = PRESENTATION_STYLE_ASSIGNMENT (( #3009 ) ) ;
#786 = EDGE_CURVE ( 'NONE', #1953, #1275, #2937, .T. ) ;
#787 = VERTEX_POINT ( 'NONE', #2467 ) ;
#788 = CARTESIAN_POINT ( 'NONE',  ( -2.269342138677063581, 27.05735331470829408, -2.030000000000000249 ) ) ;
#789 = DIRECTION ( 'NONE',  ( -0.000000000000000000, -0.000000000000000000, 1.000000000000000000 ) ) ;
#790 = PLANE ( 'NONE',  #402 ) ;
#791 = FACE_OUTER_BOUND ( 'NONE', #970, .T. ) ;
#792 = DIRECTION ( 'NONE',  ( -0.000000000000000000, -0.000000000000000000, 1.000000000000000000 ) ) ;
#793 = LINE ( 'NONE', #531, #2176 ) ;
#794 = DIRECTION ( 'NONE',  ( -0.4999999999999965028, 0.000000000000000000, -0.8660254037844407060 ) ) ;
#795 = EDGE_CURVE ( 'NONE', #686, #1199, #1200, .T. ) ;
#796 = VERTEX_POINT ( 'NONE', #2996 ) ;
#797 = FACE_OUTER_BOUND ( 'NONE', #3082, .T. ) ;
#798 = DIRECTION ( 'NONE',  ( 0.000000000000000000, 0.000000000000000000, 1.000000000000000000 ) ) ;
#799 = ORIENTED_EDGE ( 'NONE', *, *, #1666, .F. ) ;
#800 = FACE_OUTER_BOUND ( 'NONE', #1166, .T. ) ;
#801 = VERTEX_POINT ( 'NONE', #2202 ) ;
#802 = ORIENTED_EDGE ( 'NONE', *, *, #1004, .F. ) ;
#803 = LINE ( 'NONE', #1791, #939 ) ;
#804 = LINE ( 'NONE', #2313, #2108 ) ;
#805 = CARTESIAN_POINT ( 'NONE',  ( -20.77140111689215374, 28.43395166197680979, 3.299999999999999822 ) ) ;
#806 = DIRECTION ( 'NONE',  ( -1.000000000000000000, 0.000000000000000000, 0.000000000000000000 ) ) ;
#807 = FACE_OUTER_BOUND ( 'NONE', #2542, .T. ) ;
#808 = LINE ( 'NONE', #2053, #100 ) ;
#809 = ORIENTED_EDGE ( 'NONE', *, *, #2732, .T. ) ;
#810 = DIRECTION ( 'NONE',  ( 1.000000000000000000, 1.388870244769555320E-16, -0.000000000000000000 ) ) ;
#811 = CARTESIAN_POINT ( 'NONE',  ( -19.58203962407140253, 25.85735331470830545, 0.000000000000000000 ) ) ;
#812 = VERTEX_POINT ( 'NONE', #1475 ) ;
#813 = PRODUCT_DEFINITION_FORMATION_WITH_SPECIFIED_SOURCE ( 'ä»', '', #1062, .NOT_KNOWN. ) ;
#814 = DIRECTION ( 'NONE',  ( 0.000000000000000000, 0.000000000000000000, -1.000000000000000000 ) ) ;
#815 = ORIENTED_EDGE ( 'NONE', *, *, #2854, .F. ) ;
#816 = ORIENTED_EDGE ( 'NONE', *, *, #645, .F. ) ;
#817 = CARTESIAN_POINT ( 'NONE',  ( 29.18930565207478978, -23.54640172250463692, 3.299999999999999822 ) ) ;
#818 = DIRECTION ( 'NONE',  ( 0.000000000000000000, 0.000000000000000000, -1.000000000000000000 ) ) ;
#819 = EDGE_CURVE ( 'NONE', #31, #2452, #2253, .T. ) ;
#820 = DIRECTION ( 'NONE',  ( 0.000000000000000000, 0.000000000000000000, 1.000000000000000000 ) ) ;
#821 = AXIS2_PLACEMENT_3D ( 'NONE', #2498, #2064, #1029 ) ;
#822 = FACE_OUTER_BOUND ( 'NONE', #217, .T. ) ;
#823 = VECTOR ( 'NONE', #2881, 1000.000000000000000 ) ;
#824 = CARTESIAN_POINT ( 'NONE',  ( -21.96934213867641361, 16.43395166197680979, -1.530000000000000027 ) ) ;
#825 = ORIENTED_EDGE ( 'NONE', *, *, #189, .F. ) ;
#826 = LINE ( 'NONE', #320, #1659 ) ;
#827 = VECTOR ( 'NONE', #2500, 1000.000000000000000 ) ;
#828 = CARTESIAN_POINT ( 'NONE',  ( 27.91535941072008953, -24.18604833802116261, -2.030000000000000249 ) ) ;
#829 = ORIENTED_EDGE ( 'NONE', *, *, #3026, .T. ) ;
#830 = VECTOR ( 'NONE', #2504, 1000.000000000000000 ) ;
#831 = VECTOR ( 'NONE', #1011, 1000.000000000000000 ) ;
#832 = DIRECTION ( 'NONE',  ( 1.000000000000000000, 0.000000000000000000, 0.000000000000000000 ) ) ;
#833 = CIRCLE ( 'NONE', #258, 1.000000000005352607 ) ;
#834 = ORIENTED_EDGE ( 'NONE', *, *, #522, .T. ) ;
#835 = EDGE_LOOP ( 'NONE', ( #2201, #1835, #2780, #565 ) ) ;
#836 = DIRECTION ( 'NONE',  ( 1.000000000000000000, 0.000000000000000000, 0.000000000000000000 ) ) ;
#837 = LINE ( 'NONE', #11, #2900 ) ;
#838 = LINE ( 'NONE', #590, #2278 ) ;
#839 = DIRECTION ( 'NONE',  ( -0.000000000000000000, 1.000000000000000000, -2.168404344971005170E-16 ) ) ;
#840 = AXIS2_PLACEMENT_3D ( 'NONE', #753, #2980, #1256 ) ;
#841 = LINE ( 'NONE', #51, #1867 ) ;
#842 = VERTEX_POINT ( 'NONE', #742 ) ;
#843 = DIRECTION ( 'NONE',  ( -1.000000000000000000, 4.007979640238702175E-16, -0.000000000000000000 ) ) ;
#844 = DIRECTION ( 'NONE',  ( 0.000000000000000000, 1.000000000000000000, -1.084202172485504434E-16 ) ) ;
#845 = ORIENTED_EDGE ( 'NONE', *, *, #2522, .T. ) ;
#846 = EDGE_CURVE ( 'NONE', #459, #1151, #1959, .T. ) ;
#847 = DIRECTION ( 'NONE',  ( -0.000000000000000000, -0.000000000000000000, 1.000000000000000000 ) ) ;
#848 = ORIENTED_EDGE ( 'NONE', *, *, #3078, .F. ) ;
#849 = EDGE_LOOP ( 'NONE', ( #152, #1805, #2847, #2549 ) ) ;
#850 = CARTESIAN_POINT ( 'NONE',  ( 27.91805689611508967, 25.17005080010329721, -2.030000000000000249 ) ) ;
#851 = CARTESIAN_POINT ( 'NONE',  ( 29.18930565207476846, 28.43395166197680979, 3.299999999999999822 ) ) ;
#852 = EDGE_CURVE ( 'NONE', #2197, #2033, #726, .T. ) ;
#853 = DIRECTION ( 'NONE',  ( 0.000000000000000000, 0.000000000000000000, -1.000000000000000000 ) ) ;
#854 = DIRECTION ( 'NONE',  ( -1.355252715606880789E-16, 1.000000000000000000, 0.000000000000000000 ) ) ;
#855 = ORIENTED_EDGE ( 'NONE', *, *, #496, .F. ) ;
#856 = FACE_OUTER_BOUND ( 'NONE', #1566, .T. ) ;
#857 = DIRECTION ( 'NONE',  ( 1.000000000000000000, 1.388870244769555320E-16, 0.000000000000000000 ) ) ;
#858 = ORIENTED_EDGE ( 'NONE', *, *, #3192, .F. ) ;
#859 = DIRECTION ( 'NONE',  ( -7.304913682519391717E-17, 1.000000000000000000, -0.000000000000000000 ) ) ;
#860 = EDGE_CURVE ( 'NONE', #2361, #2130, #3219, .T. ) ;
#861 = VERTEX_POINT ( 'NONE', #529 ) ;
#862 = DIRECTION ( 'NONE',  ( -0.8660254037844403729, -1.173683280263408174E-16, 0.4999999999999971134 ) ) ;
#863 = VERTEX_POINT ( 'NONE', #709 ) ;
#864 = ORIENTED_EDGE ( 'NONE', *, *, #2602, .F. ) ;
#865 = LINE ( 'NONE', #899, #254 ) ;
#866 = PLANE ( 'NONE',  #129 ) ;
#867 = VECTOR ( 'NONE', #2705, 1000.000000000000000 ) ;
#868 = DIRECTION ( 'NONE',  ( -1.000000000000000000, -1.355252715606880543E-16, 0.000000000000000000 ) ) ;
#869 = ORIENTED_EDGE ( 'NONE', *, *, #2490, .T. ) ;
#870 = LINE ( 'NONE', #437, #1857 ) ;
#871 = VECTOR ( 'NONE', #456, 1000.000000000000000 ) ;
#872 = ADVANCED_FACE ( 'NONE', ( #773, #985 ), #2972, .F. ) ;
#873 = DIRECTION ( 'NONE',  ( 1.000000000000000000, -2.308107271640239084E-16, 0.000000000000000000 ) ) ;
#874 = ORIENTED_EDGE ( 'NONE', *, *, #126, .T. ) ;
#875 = CARTESIAN_POINT ( 'NONE',  ( -19.57934213867641304, -24.18604833802116261, 0.000000000000000000 ) ) ;
#876 = CIRCLE ( 'NONE', #1710, 2.019646615516522914 ) ;
#877 = VECTOR ( 'NONE', #35, 1000.000000000000000 ) ;
#878 = ORIENTED_EDGE ( 'NONE', *, *, #3204, .F. ) ;
#879 = ADVANCED_FACE ( 'NONE', ( #1732, #2726, #249, #1246 ), #2236, .T. ) ;
#880 = ORIENTED_EDGE ( 'NONE', *, *, #191, .F. ) ;
#881 = VECTOR ( 'NONE', #1977, 1000.000000000000000 ) ;
#882 = EDGE_LOOP ( 'NONE', ( #1402, #1474, #374, #205 ) ) ;
#883 = DIRECTION ( 'NONE',  ( 1.000000000000000000, 0.000000000000000000, 0.000000000000000000 ) ) ;
#884 = CIRCLE ( 'NONE', #1299, 0.5000000000000000000 ) ;
#885 = EDGE_CURVE ( 'NONE', #1410, #1953, #1013, .T. ) ;
#886 = CARTESIAN_POINT ( 'NONE',  ( -20.77140111689215374, 28.43395166197680979, 3.299999999999999822 ) ) ;
#887 = AXIS2_PLACEMENT_3D ( 'NONE', #379, #1672, #2333 ) ;
#888 = DIRECTION ( 'NONE',  ( 1.499770454748205193E-16, 1.000000000000000000, 0.000000000000000000 ) ) ;
#889 = ORIENTED_EDGE ( 'NONE', *, *, #1763, .T. ) ;
#890 = CARTESIAN_POINT ( 'NONE',  ( 24.60895226759130594, -15.74999999999999645, 1.000000000000000000 ) ) ;
#891 = CARTESIAN_POINT ( 'NONE',  ( -21.96934213867641361, -13.56604833802115984, -1.029999999999996474 ) ) ;
#892 = EDGE_CURVE ( 'NONE', #787, #2296, #1742, .T. ) ;
#893 = DIRECTION ( 'NONE',  ( 0.000000000000000000, 0.000000000000000000, 1.000000000000000000 ) ) ;
#894 = EDGE_LOOP ( 'NONE', ( #2834, #2397, #2624, #243 ) ) ;
#895 = DIRECTION ( 'NONE',  ( -0.000000000000000000, -0.000000000000000000, -1.000000000000000000 ) ) ;
#896 = CARTESIAN_POINT ( 'NONE',  ( 13.05895226759131056, -24.68604833802116261, -1.530000000000000027 ) ) ;
#897 = ORIENTED_EDGE ( 'NONE', *, *, #2009, .F. ) ;
#898 = ORIENTED_EDGE ( 'NONE', *, *, #992, .F. ) ;
#899 = CARTESIAN_POINT ( 'NONE',  ( 19.50895226759131518, -21.56604833802116161, 0.000000000000000000 ) ) ;
#900 = ORIENTED_EDGE ( 'NONE', *, *, #638, .F. ) ;
#901 =( LENGTH_UNIT ( ) NAMED_UNIT ( * ) SI_UNIT ( .MILLI., .METRE. ) );
#902 = ORIENTED_EDGE ( 'NONE', *, *, #3174, .T. ) ;
#903 = FACE_OUTER_BOUND ( 'NONE', #15, .T. ) ;
#904 = EDGE_LOOP ( 'NONE', ( #137, #2891, #1807, #1864 ) ) ;
#905 = DIRECTION ( 'NONE',  ( 1.000000000000000000, 0.000000000000000000, 0.000000000000000000 ) ) ;
#906 = VERTEX_POINT ( 'NONE', #2573 ) ;
#907 = EDGE_CURVE ( 'NONE', #1319, #504, #1098, .T. ) ;
#908 = LINE ( 'NONE', #710, #412 ) ;
#909 = DIRECTION ( 'NONE',  ( 1.000000000000000000, -0.000000000000000000, -0.000000000000000000 ) ) ;
#910 = EDGE_LOOP ( 'NONE', ( #2230, #2815, #1458, #143, #465, #1941 ) ) ;
#911 = CARTESIAN_POINT ( 'NONE',  ( 20.00895226759132228, -22.06604833802116161, 3.299999999999999822 ) ) ;
#912 = CARTESIAN_POINT ( 'NONE',  ( 6.558952267585965501, -21.16604833802115948, 3.299999999999999822 ) ) ;
#913 = ORIENTED_EDGE ( 'NONE', *, *, #713, .T. ) ;
#914 = ORIENTED_EDGE ( 'NONE', *, *, #2004, .T. ) ;
#915 = DIRECTION ( 'NONE',  ( -1.000000000000000000, 0.000000000000000000, -0.000000000000000000 ) ) ;
#916 = EDGE_LOOP ( 'NONE', ( #257, #2442, #107, #864 ) ) ;
#917 = DIRECTION ( 'NONE',  ( 1.000000000000000000, 1.355252715606880789E-16, 0.000000000000000000 ) ) ;
#918 = EDGE_LOOP ( 'NONE', ( #2829, #3199, #611, #3063, #2978 ) ) ;
#919 = CARTESIAN_POINT ( 'NONE',  ( 24.20895226759130381, 26.33395166197681547, 5.299999999999999822 ) ) ;
#920 = VERTEX_POINT ( 'NONE', #3084 ) ;
#921 = CARTESIAN_POINT ( 'NONE',  ( 31.20895226759131447, -23.54640172250463692, 3.299999999999999822 ) ) ;
#922 = LINE ( 'NONE', #2437, #1406 ) ;
#923 = VECTOR ( 'NONE', #687, 1000.000000000000000 ) ;
#924 = FACE_OUTER_BOUND ( 'NONE', #1282, .T. ) ;
#925 = AXIS2_PLACEMENT_3D ( 'NONE', #3144, #1834, #1615 ) ;
#926 = EDGE_CURVE ( 'NONE', #2472, #2826, #1534, .T. ) ;
#927 = ORIENTED_EDGE ( 'NONE', *, *, #1232, .T. ) ;
#928 = VECTOR ( 'NONE', #2386, 1000.000000000000000 ) ;
#929 = LINE ( 'NONE', #2632, #2740 ) ;
#930 = DIRECTION ( 'NONE',  ( -1.000000000000000000, 0.000000000000000000, 0.000000000000000000 ) ) ;
#931 = VECTOR ( 'NONE', #2348, 1000.000000000000000 ) ;
#932 = VECTOR ( 'NONE', #1203, 1000.000000000000000 ) ;
#933 = EDGE_LOOP ( 'NONE', ( #1469, #3088, #1220, #520 ) ) ;
#934 = ORIENTED_EDGE ( 'NONE', *, *, #3158, .T. ) ;
#935 = CIRCLE ( 'NONE', #1195, 1.889999999999999236 ) ;
#936 = CARTESIAN_POINT ( 'NONE',  ( 0.000000000000000000, -19.19134633802116241, 1.000000000000000000 ) ) ;
#937 = VERTEX_POINT ( 'NONE', #805 ) ;
#938 = LINE ( 'NONE', #921, #2383 ) ;
#939 = VECTOR ( 'NONE', #2784, 1000.000000000000000 ) ;
#940 = PLANE ( 'NONE',  #149 ) ;
#941 = CARTESIAN_POINT ( 'NONE',  ( -21.39104773240868695, -18.66604833802319519, 3.299999999999999822 ) ) ;
#942 = ORIENTED_EDGE ( 'NONE', *, *, #1922, .F. ) ;
#943 = ADVANCED_FACE ( 'NONE', ( #544 ), #1793, .T. ) ;
#944 = FACE_OUTER_BOUND ( 'NONE', #1002, .T. ) ;
#945 = LINE ( 'NONE', #1712, #2110 ) ;
#946 = EDGE_CURVE ( 'NONE', #2472, #3193, #1776, .T. ) ;
#947 = ORIENTED_EDGE ( 'NONE', *, *, #408, .F. ) ;
#948 = ORIENTED_EDGE ( 'NONE', *, *, #2337, .T. ) ;
#949 = LINE ( 'NONE', #2214, #2292 ) ;
#950 = EDGE_CURVE ( 'NONE', #1095, #3036, #838, .T. ) ;
#951 = ORIENTED_EDGE ( 'NONE', *, *, #704, .F. ) ;
#952 = DIRECTION ( 'NONE',  ( 0.000000000000000000, -1.000000000000000000, 0.000000000000000000 ) ) ;
#953 = FACE_OUTER_BOUND ( 'NONE', #2185, .T. ) ;
#954 = LINE ( 'NONE', #1689, #683 ) ;
#955 = ORIENTED_EDGE ( 'NONE', *, *, #907, .T. ) ;
#956 = VECTOR ( 'NONE', #1993, 1000.000000000000000 ) ;
#957 = ORIENTED_EDGE ( 'NONE', *, *, #2154, .F. ) ;
#958 = EDGE_CURVE ( 'NONE', #2670, #1789, #1049, .T. ) ;
#959 = DIRECTION ( 'NONE',  ( -0.000000000000000000, -0.000000000000000000, 1.000000000000000000 ) ) ;
#960 = DIRECTION ( 'NONE',  ( 1.000000000000000000, 0.000000000000000000, 0.000000000000000000 ) ) ;
#961 = ORIENTED_EDGE ( 'NONE', *, *, #3020, .F. ) ;
#962 = LINE ( 'NONE', #3230, #867 ) ;
#963 = DIRECTION ( 'NONE',  ( -1.000000000000000000, -1.388870244769555320E-16, 0.000000000000000000 ) ) ;
#964 = PLANE ( 'NONE',  #2482 ) ;
#965 = ORIENTED_EDGE ( 'NONE', *, *, #1923, .F. ) ;
#966 = CARTESIAN_POINT ( 'NONE',  ( -19.58203962407140253, 27.05735331470830118, -2.030000000000000249 ) ) ;
#967 = EDGE_CURVE ( 'NONE', #3097, #2889, #876, .T. ) ;
#968 = LINE ( 'NONE', #1960, #1813 ) ;
#969 = DIRECTION ( 'NONE',  ( -1.355252715606880789E-16, 1.000000000000000000, 0.000000000000000000 ) ) ;
#970 = EDGE_LOOP ( 'NONE', ( #2098, #3159, #829, #166 ) ) ;
#971 = ADVANCED_FACE ( 'NONE', ( #2302 ), #1571, .F. ) ;
#972 = CARTESIAN_POINT ( 'NONE',  ( -21.96934213867641361, -13.56604833802115984, -1.529999999999996474 ) ) ;
#973 = ORIENTED_EDGE ( 'NONE', *, *, #631, .T. ) ;
#974 = LINE ( 'NONE', #1925, #2008 ) ;
#975 = VECTOR ( 'NONE', #1957, 1000.000000000000000 ) ;
#976 = EDGE_CURVE ( 'NONE', #1737, #524, #1031, .T. ) ;
#977 = AXIS2_PLACEMENT_3D ( 'NONE', #287, #3094, #2831 ) ;
#978 = ORIENTED_EDGE ( 'NONE', *, *, #3042, .T. ) ;
#979 = VECTOR ( 'NONE', #131, 1000.000000000000000 ) ;
#980 = SHAPE_DEFINITION_REPRESENTATION ( #3006, #1190 ) ;
#981 = FACE_OUTER_BOUND ( 'NONE', #454, .T. ) ;
#982 = DIRECTION ( 'NONE',  ( 1.000000000000000000, 0.000000000000000000, 0.000000000000000000 ) ) ;
#983 = AXIS2_PLACEMENT_3D ( 'NONE', #1480, #2131, #2362 ) ;
#984 = DIRECTION ( 'NONE',  ( 1.000000000000000000, 0.000000000000000000, 0.000000000000000000 ) ) ;
#985 = FACE_BOUND ( 'NONE', #42, .T. ) ;
#986 = AXIS2_PLACEMENT_3D ( 'NONE', #722, #220, #1211 ) ;
#987 = EDGE_CURVE ( 'NONE', #1319, #2817, #2559, .T. ) ;
#988 = DIRECTION ( 'NONE',  ( 1.000000000000000000, 0.000000000000000000, 0.000000000000000000 ) ) ;
#989 = LINE ( 'NONE', #209, #2182 ) ;
#990 = AXIS2_PLACEMENT_3D ( 'NONE', #1724, #484, #1477 ) ;
#991 = ORIENTED_EDGE ( 'NONE', *, *, #819, .T. ) ;
#992 = EDGE_CURVE ( 'NONE', #1564, #801, #2330, .T. ) ;
#993 = LINE ( 'NONE', #1055, #2175 ) ;
#994 = ORIENTED_EDGE ( 'NONE', *, *, #265, .F. ) ;
#995 = ORIENTED_EDGE ( 'NONE', *, *, #363, .F. ) ;
#996 = CARTESIAN_POINT ( 'NONE',  ( -21.96934213867641361, -11.56604833802115984, -1.529999999999996696 ) ) ;
#997 = DIRECTION ( 'NONE',  ( -0.000000000000000000, -0.000000000000000000, -1.000000000000000000 ) ) ;
#998 = CARTESIAN_POINT ( 'NONE',  ( 27.91805689611508967, 27.05735331470829763, -2.030000000000000249 ) ) ;
#999 = LINE ( 'NONE', #1976, #2172 ) ;
#1000 = CARTESIAN_POINT ( 'NONE',  ( 30.30535941072009010, 16.43395166197681334, -1.030000000000000027 ) ) ;
#1001 = DIRECTION ( 'NONE',  ( -0.000000000000000000, -0.000000000000000000, 1.000000000000000000 ) ) ;
#1002 = EDGE_LOOP ( 'NONE', ( #3130, #2568, #1436, #2087 ) ) ;
#1003 = ADVANCED_FACE ( 'NONE', ( #2050 ), #559, .T. ) ;
#1004 = EDGE_CURVE ( 'NONE', #575, #1423, #2036, .T. ) ;
#1005 = DIRECTION ( 'NONE',  ( 1.000000000000000000, -0.000000000000000000, -0.000000000000000000 ) ) ;
#1006 = ORIENTED_EDGE ( 'NONE', *, *, #1100, .F. ) ;
#1007 = CARTESIAN_POINT ( 'NONE',  ( -21.96934213867641361, 14.43395166197680801, -1.529999999999999805 ) ) ;
#1008 = ORIENTED_EDGE ( 'NONE', *, *, #1501, .F. ) ;
#1009 = CARTESIAN_POINT ( 'NONE',  ( -21.96934213867641361, -11.56604833802115984, -1.029999999999996696 ) ) ;
#1010 = ADVANCED_FACE ( 'NONE', ( #2822 ), #1585, .F. ) ;
#1011 = DIRECTION ( 'NONE',  ( -0.000000000000000000, -0.000000000000000000, -1.000000000000000000 ) ) ;
#1012 = FACE_OUTER_BOUND ( 'NONE', #2409, .T. ) ;
#1013 = LINE ( 'NONE', #2983, #2800 ) ;
#1014 = DIRECTION ( 'NONE',  ( 1.000000000000000000, 0.000000000000000000, 0.000000000000000000 ) ) ;
#1015 = LINE ( 'NONE', #1052, #1040 ) ;
#1016 = EDGE_LOOP ( 'NONE', ( #1970, #202, #1141, #2875 ) ) ;
#1017 = VECTOR ( 'NONE', #1150, 1000.000000000000000 ) ;
#1018 = LINE ( 'NONE', #3039, #1754 ) ;
#1019 = EDGE_CURVE ( 'NONE', #2802, #2221, #2545, .T. ) ;
#1020 = ORIENTED_EDGE ( 'NONE', *, *, #2522, .F. ) ;
#1021 = EDGE_CURVE ( 'NONE', #2089, #3106, #2266, .T. ) ;
#1022 = AXIS2_PLACEMENT_3D ( 'NONE', #2671, #447, #2431 ) ;
#1023 = CARTESIAN_POINT ( 'NONE',  ( 31.20895226759131447, -23.54640172250463692, 0.000000000000000000 ) ) ;
#1024 = ORIENTED_EDGE ( 'NONE', *, *, #389, .T. ) ;
#1025 = CIRCLE ( 'NONE', #2485, 1.000000000000000000 ) ;
#1026 = LINE ( 'NONE', #788, #698 ) ;
#1027 = CARTESIAN_POINT ( 'NONE',  ( 26.06461470029389815, 27.33395166197681547, 3.550000000000002043 ) ) ;
#1028 = ADVANCED_FACE ( 'NONE', ( #791 ), #3049, .T. ) ;
#1029 = DIRECTION ( 'NONE',  ( 0.000000000000000000, -0.000000000000000000, 1.000000000000000000 ) ) ;
#1030 = VECTOR ( 'NONE', #1460, 1000.000000000000000 ) ;
#1031 = LINE ( 'NONE', #2837, #2690 ) ;
#1032 = CARTESIAN_POINT ( 'NONE',  ( 27.91805689611508967, 25.17005080010329721, -2.030000000000000249 ) ) ;
#1033 = VECTOR ( 'NONE', #1619, 1000.000000000000000 ) ;
#1034 = LINE ( 'NONE', #2218, #3226 ) ;
#1035 = CARTESIAN_POINT ( 'NONE',  ( -21.46934213867641361, -11.56604833802116161, -1.029999999999996696 ) ) ;
#1036 = ORIENTED_EDGE ( 'NONE', *, *, #2364, .F. ) ;
#1037 = DIRECTION ( 'NONE',  ( -0.000000000000000000, -6.938893903907228378E-15, -1.000000000000000000 ) ) ;
#1038 = VECTOR ( 'NONE', #2760, 1000.000000000000000 ) ;
#1039 = DIRECTION ( 'NONE',  ( 0.000000000000000000, 1.000000000000000000, -6.938893903907228378E-15 ) ) ;
#1040 = VECTOR ( 'NONE', #794, 1000.000000000000227 ) ;
#1041 = EDGE_LOOP ( 'NONE', ( #1801, #2192, #1454, #991 ) ) ;
#1042 = AXIS2_PLACEMENT_3D ( 'NONE', #1391, #114, #1165 ) ;
#1043 = EDGE_CURVE ( 'NONE', #488, #1126, #1361, .T. ) ;
#1044 = CARTESIAN_POINT ( 'NONE',  ( 24.20895226759130381, 26.33395166197681547, 5.299999999999999822 ) ) ;
#1045 = VERTEX_POINT ( 'NONE', #602 ) ;
#1046 = ORIENTED_EDGE ( 'NONE', *, *, #482, .T. ) ;
#1047 = PLANE ( 'NONE',  #3121 ) ;
#1048 = DIRECTION ( 'NONE',  ( 7.304913682519391717E-17, -1.000000000000000000, 0.000000000000000000 ) ) ;
#1049 = LINE ( 'NONE', #2808, #1086 ) ;
#1050 = CARTESIAN_POINT ( 'NONE',  ( 5.805359410720100755, 27.05735331470829763, 0.000000000000000000 ) ) ;
#1051 = DIRECTION ( 'NONE',  ( -0.000000000000000000, -0.000000000000000000, 1.000000000000000000 ) ) ;
#1052 = CARTESIAN_POINT ( 'NONE',  ( -16.78068476132683884, 26.33395166197680837, 5.049999999999999822 ) ) ;
#1053 = ORIENTED_EDGE ( 'NONE', *, *, #1548, .T. ) ;
#1054 = DIRECTION ( 'NONE',  ( 0.000000000000000000, 1.000000000000000000, 0.000000000000000000 ) ) ;
#1055 = CARTESIAN_POINT ( 'NONE',  ( 5.805359410720100755, 27.05735331470829763, 0.000000000000000000 ) ) ;
#1056 = ORIENTED_EDGE ( 'NONE', *, *, #54, .F. ) ;
#1057 = EDGE_CURVE ( 'NONE', #268, #2299, #360, .T. ) ;
#1058 = DIRECTION ( 'NONE',  ( -0.000000000000000000, -1.000000000000000000, -0.000000000000000000 ) ) ;
#1059 = EDGE_LOOP ( 'NONE', ( #1316, #1074, #357, #1120 ) ) ;
#1060 = ORIENTED_EDGE ( 'NONE', *, *, #1634, .T. ) ;
#1061 = CARTESIAN_POINT ( 'NONE',  ( 29.18930565207478978, -23.54640172250463692, 0.000000000000000000 ) ) ;
#1062 = PRODUCT ( '\X2\4e0a76d6677f\X0\', '\X2\4e0a76d6677f\X0\', '', ( #691 ) ) ;
#1063 = FACE_OUTER_BOUND ( 'NONE', #1407, .T. ) ;
#1064 = DIRECTION ( 'NONE',  ( 0.000000000000000000, -1.000000000000000000, 1.084202172485504434E-16 ) ) ;
#1065 = CARTESIAN_POINT ( 'NONE',  ( -15.79104773240869797, 26.33395166197680837, 5.299999999999999822 ) ) ;
#1066 = FACE_OUTER_BOUND ( 'NONE', #1133, .T. ) ;
#1067 = EDGE_LOOP ( 'NONE', ( #286, #1636, #1102, #2012 ) ) ;
#1068 = FACE_OUTER_BOUND ( 'NONE', #718, .T. ) ;
#1069 = EDGE_CURVE ( 'NONE', #2084, #1929, #1631, .T. ) ;
#1070 = CARTESIAN_POINT ( 'NONE',  ( 28.60535941072009436, -4.749999999999996447, -2.030000000000000249 ) ) ;
#1071 = VERTEX_POINT ( 'NONE', #673 ) ;
#1072 = EDGE_CURVE ( 'NONE', #1942, #2448, #2749, .T. ) ;
#1073 = CARTESIAN_POINT ( 'NONE',  ( 11.05895226759130878, 27.55735331470829763, -1.530000000000000027 ) ) ;
#1074 = ORIENTED_EDGE ( 'NONE', *, *, #750, .T. ) ;
#1075 = ORIENTED_EDGE ( 'NONE', *, *, #2701, .F. ) ;
#1076 = CARTESIAN_POINT ( 'NONE',  ( -22.79104773240868198, 26.41430504646028155, 0.000000000000000000 ) ) ;
#1077 = DIRECTION ( 'NONE',  ( -1.000000000000000000, 0.000000000000000000, 0.000000000000000000 ) ) ;
#1078 = CARTESIAN_POINT ( 'NONE',  ( 29.80535941072009010, -22.29604833802116204, -2.030000000000000249 ) ) ;
#1079 = AXIS2_PLACEMENT_3D ( 'NONE', #263, #818, #1077 ) ;
#1080 = LINE ( 'NONE', #1342, #765 ) ;
#1081 = VECTOR ( 'NONE', #847, 1000.000000000000000 ) ;
#1082 = CARTESIAN_POINT ( 'NONE',  ( 24.76557659461724015, 28.43395166197680624, 5.300000000000000711 ) ) ;
#1083 = VERTEX_POINT ( 'NONE', #1112 ) ;
#1084 = DIRECTION ( 'NONE',  ( -1.388870244769555320E-16, 1.000000000000000000, 0.000000000000000000 ) ) ;
#1085 = ADVANCED_FACE ( 'NONE', ( #391 ), #637, .F. ) ;
#1086 = VECTOR ( 'NONE', #578, 1000.000000000000000 ) ;
#1087 = AXIS2_PLACEMENT_3D ( 'NONE', #1972, #1955, #2950 ) ;
#1088 = PLANE ( 'NONE',  #1500 ) ;
#1089 = VERTEX_POINT ( 'NONE', #2884 ) ;
#1090 = CIRCLE ( 'NONE', #463, 1.887302514605008419 ) ;
#1091 = EDGE_CURVE ( 'NONE', #1564, #1478, #2109, .T. ) ;
#1092 = ADVANCED_FACE ( 'NONE', ( #621 ), #2398, .T. ) ;
#1093 = CARTESIAN_POINT ( 'NONE',  ( 30.30535941072009010, 14.43395166197680801, -1.529999999999999805 ) ) ;
#1094 = VECTOR ( 'NONE', #3206, 1000.000000000000000 ) ;
#1095 = VERTEX_POINT ( 'NONE', #1853 ) ;
#1096 = ORIENTED_EDGE ( 'NONE', *, *, #2608, .F. ) ;
#1097 = CARTESIAN_POINT ( 'NONE',  ( 29.18930565207477557, -25.56604833802116161, 3.299999999999999822 ) ) ;
#1098 = LINE ( 'NONE', #1078, #1288 ) ;
#1099 = PLANE ( 'NONE',  #396 ) ;
#1100 = EDGE_CURVE ( 'NONE', #1891, #2184, #865, .T. ) ;
#1101 = CARTESIAN_POINT ( 'NONE',  ( -9.491047732408681270, -21.26604833802320016, 0.000000000000000000 ) ) ;
#1102 = ORIENTED_EDGE ( 'NONE', *, *, #2454, .F. ) ;
#1103 = LINE ( 'NONE', #1348, #772 ) ;
#1104 = APPLICATION_CONTEXT ( 'automotive_design' ) ;
#1105 = DIRECTION ( 'NONE',  ( 1.355252715606880543E-16, -1.000000000000000000, 0.000000000000000000 ) ) ;
#1106 = ORIENTED_EDGE ( 'NONE', *, *, #3148, .F. ) ;
#1107 = EDGE_CURVE ( 'NONE', #2146, #1850, #2637, .T. ) ;
#1108 = ORIENTED_EDGE ( 'NONE', *, *, #57, .T. ) ;
#1109 = DIRECTION ( 'NONE',  ( 1.000000000000000000, 0.000000000000000000, 0.000000000000000000 ) ) ;
#1110 = EDGE_LOOP ( 'NONE', ( #2405, #461, #1886, #2634 ) ) ;
#1111 = ORIENTED_EDGE ( 'NONE', *, *, #2976, .T. ) ;
#1112 = CARTESIAN_POINT ( 'NONE',  ( -21.46934213867641361, 16.43395166197681334, -1.030000000000000027 ) ) ;
#1113 = DIRECTION ( 'NONE',  ( 0.000000000000000000, 0.000000000000000000, -1.000000000000000000 ) ) ;
#1114 = EDGE_CURVE ( 'NONE', #1950, #3097, #1888, .T. ) ;
#1115 = DIRECTION ( 'NONE',  ( -0.000000000000000000, -0.000000000000000000, 1.000000000000000000 ) ) ;
#1116 = VERTEX_POINT ( 'NONE', #972 ) ;
#1117 = CARTESIAN_POINT ( 'NONE',  ( 0.000000000000000000, -19.19134633802116241, -0.000000000000000000 ) ) ;
#1118 = EDGE_CURVE ( 'NONE', #1929, #1405, #1726, .T. ) ;
#1119 = CARTESIAN_POINT ( 'NONE',  ( 23.10895226759131660, -21.56604833802115806, 3.299999999999999822 ) ) ;
#1120 = ORIENTED_EDGE ( 'NONE', *, *, #2743, .F. ) ;
#1121 = CARTESIAN_POINT ( 'NONE',  ( 29.80535941072009010, -22.29604833802116204, -2.030000000000000249 ) ) ;
#1122 = EDGE_CURVE ( 'NONE', #2299, #2668, #1964, .T. ) ;
#1123 = VERTEX_POINT ( 'NONE', #165 ) ;
#1124 = DIRECTION ( 'NONE',  ( 1.508455196501571429E-16, -1.000000000000000000, 0.000000000000000000 ) ) ;
#1125 = ORIENTED_EDGE ( 'NONE', *, *, #2833, .T. ) ;
#1126 = VERTEX_POINT ( 'NONE', #1667 ) ;
#1127 = VECTOR ( 'NONE', #182, 1000.000000000000000 ) ;
#1128 = CARTESIAN_POINT ( 'NONE',  ( 5.805359410720100755, 27.05735331470829763, -2.030000000000000249 ) ) ;
#1129 = CARTESIAN_POINT ( 'NONE',  ( 29.18930565207478978, -23.54640172250463692, 3.299999999999999822 ) ) ;
#1130 = ADVANCED_FACE ( 'NONE', ( #1422 ), #2606, .F. ) ;
#1131 = DIRECTION ( 'NONE',  ( -1.000000000000000000, 0.000000000000000000, -0.000000000000000000 ) ) ;
#1132 = AXIS2_PLACEMENT_3D ( 'NONE', #2529, #2574, #2774 ) ;
#1133 = EDGE_LOOP ( 'NONE', ( #1303, #1847, #1895, #934 ) ) ;
#1134 = LINE ( 'NONE', #2116, #1030 ) ;
#1135 = VECTOR ( 'NONE', #3128, 1000.000000000000000 ) ;
#1136 = ORIENTED_EDGE ( 'NONE', *, *, #2710, .T. ) ;
#1137 = CARTESIAN_POINT ( 'NONE',  ( 24.20895226759130381, 26.33395166197681547, 5.000000000000007105 ) ) ;
#1138 = LINE ( 'NONE', #175, #1717 ) ;
#1139 = AXIS2_PLACEMENT_3D ( 'NONE', #2434, #952, #1945 ) ;
#1140 = VECTOR ( 'NONE', #2369, 1000.000000000000114 ) ;
#1141 = ORIENTED_EDGE ( 'NONE', *, *, #1355, .F. ) ;
#1142 = CARTESIAN_POINT ( 'NONE',  ( 29.80535941072009010, -15.74999999999999645, 0.000000000000000000 ) ) ;
#1143 = CARTESIAN_POINT ( 'NONE',  ( 21.20895226759131447, -15.74999999999999645, 0.4399999999999990030 ) ) ;
#1144 = ORIENTED_EDGE ( 'NONE', *, *, #1214, .T. ) ;
#1145 = VECTOR ( 'NONE', #77, 1000.000000000000000 ) ;
#1146 = ORIENTED_EDGE ( 'NONE', *, *, #2674, .F. ) ;
#1147 = CARTESIAN_POINT ( 'NONE',  ( -21.39104773240869406, 27.33395166197680837, 3.299999999999999822 ) ) ;
#1148 = AXIS2_PLACEMENT_3D ( 'NONE', #1121, #2158, #2616 ) ;
#1149 = VERTEX_POINT ( 'NONE', #411 ) ;
#1150 = DIRECTION ( 'NONE',  ( 0.000000000000000000, -1.000000000000000000, 1.084202172485504434E-16 ) ) ;
#1151 = VERTEX_POINT ( 'NONE', #1147 ) ;
#1152 = CARTESIAN_POINT ( 'NONE',  ( -15.79104773240869797, 26.33395166197680837, 5.299999999999999822 ) ) ;
#1153 = ORIENTED_EDGE ( 'NONE', *, *, #81, .F. ) ;
#1154 = DIRECTION ( 'NONE',  ( 0.000000000000000000, 0.000000000000000000, -1.000000000000000000 ) ) ;
#1155 = CARTESIAN_POINT ( 'NONE',  ( -19.58203962407140253, 27.05735331470830118, -2.030000000000000249 ) ) ;
#1156 = DIRECTION ( 'NONE',  ( 1.000000000000000000, 0.000000000000000000, 0.000000000000000000 ) ) ;
#1157 = VERTEX_POINT ( 'NONE', #2377 ) ;
#1158 = CARTESIAN_POINT ( 'NONE',  ( 28.60535941072009436, -21.09632204341422224, -2.030000000000000249 ) ) ;
#1159 = EDGE_LOOP ( 'NONE', ( #598, #2276, #124, #1251 ) ) ;
#1160 = EDGE_LOOP ( 'NONE', ( #2334, #485, #995, #536 ) ) ;
#1161 = DIRECTION ( 'NONE',  ( 0.4999999999999970579, 0.000000000000000000, 0.8660254037844402619 ) ) ;
#1162 = ORIENTED_EDGE ( 'NONE', *, *, #2619, .F. ) ;
#1163 = DIRECTION ( 'NONE',  ( -0.000000000000000000, -1.000000000000000000, -0.000000000000000000 ) ) ;
#1164 = VERTEX_POINT ( 'NONE', #2413 ) ;
#1165 = DIRECTION ( 'NONE',  ( -1.000000000000000000, 0.000000000000000000, 0.000000000000000000 ) ) ;
#1166 = EDGE_LOOP ( 'NONE', ( #1136, #1433, #1146, #1383 ) ) ;
#1167 = CARTESIAN_POINT ( 'NONE',  ( -22.79104773240867132, -23.54640172250463692, 3.299999999999999822 ) ) ;
#1168 = EDGE_CURVE ( 'NONE', #812, #1492, #1222, .T. ) ;
#1169 = ORIENTED_EDGE ( 'NONE', *, *, #1517, .F. ) ;
#1170 = CARTESIAN_POINT ( 'NONE',  ( -21.39104773240869406, 27.33395166197680837, 1.000000000000000000 ) ) ;
#1171 = CARTESIAN_POINT ( 'NONE',  ( 27.91535941072008953, -24.18604833802116261, 0.000000000000000000 ) ) ;
#1172 = ORIENTED_EDGE ( 'NONE', *, *, #2401, .T. ) ;
#1173 = CARTESIAN_POINT ( 'NONE',  ( 11.05895226759130878, 27.05735331470829763, -1.030000000000000027 ) ) ;
#1174 = DIRECTION ( 'NONE',  ( 0.000000000000000000, 0.000000000000000000, -1.000000000000000000 ) ) ;
#1175 = ORIENTED_EDGE ( 'NONE', *, *, #2976, .F. ) ;
#1176 = CARTESIAN_POINT ( 'NONE',  ( -21.39104773240869406, 27.33395166197680837, 1.000000000000000000 ) ) ;
#1177 =( GEOMETRIC_REPRESENTATION_CONTEXT ( 3 ) GLOBAL_UNCERTAINTY_ASSIGNED_CONTEXT ( ( #3209 ) ) GLOBAL_UNIT_ASSIGNED_CONTEXT ( ( #901, #3198, #2704 ) ) REPRESENTATION_CONTEXT ( 'NONE', 'WORKASPACE' ) );
#1178 = VERTEX_POINT ( 'NONE', #1375 ) ;
#1179 = CARTESIAN_POINT ( 'NONE',  ( -21.46934213867641361, 14.43395166197680801, -1.529999999999999583 ) ) ;
#1180 = ORIENTED_EDGE ( 'NONE', *, *, #3164, .F. ) ;
#1181 = CARTESIAN_POINT ( 'NONE',  ( 26.71535941072009024, -21.09632204341422224, 0.000000000000000000 ) ) ;
#1182 = EDGE_CURVE ( 'NONE', #1373, #8, #2206, .T. ) ;
#1183 = DIRECTION ( 'NONE',  ( 1.000000000000000000, 1.355252715606880789E-16, 0.000000000000000000 ) ) ;
#1184 = VECTOR ( 'NONE', #1777, 1000.000000000000000 ) ;
#1185 = PLANE ( 'NONE',  #2547 ) ;
#1186 = VECTOR ( 'NONE', #284, 1000.000000000000000 ) ;
#1187 = ADVANCED_FACE ( 'NONE', ( #733 ), #144, .F. ) ;
#1188 = ORIENTED_EDGE ( 'NONE', *, *, #1580, .T. ) ;
#1189 = CIRCLE ( 'NONE', #3002, 1.000000000005352607 ) ;
#1190 = ADVANCED_BREP_SHAPE_REPRESENTATION ( '\X2\4e0a76d6677f\X0\', ( #236, #2317 ), #1177 ) ;
#1191 = LINE ( 'NONE', #3194, #3162 ) ;
#1192 = CARTESIAN_POINT ( 'NONE',  ( -19.58203962407140253, 25.17005080010329721, -2.030000000000000249 ) ) ;
#1193 = VECTOR ( 'NONE', #499, 1000.000000000000000 ) ;
#1194 = EDGE_CURVE ( 'NONE', #1478, #1567, #3132, .T. ) ;
#1195 = AXIS2_PLACEMENT_3D ( 'NONE', #1476, #296, #1014 ) ;
#1196 = ORIENTED_EDGE ( 'NONE', *, *, #2381, .F. ) ;
#1197 = ORIENTED_EDGE ( 'NONE', *, *, #2823, .F. ) ;
#1198 = DIRECTION ( 'NONE',  ( -0.000000000000000000, -0.000000000000000000, 1.000000000000000000 ) ) ;
#1199 = VERTEX_POINT ( 'NONE', #1783 ) ;
#1200 = LINE ( 'NONE', #2758, #2010 ) ;
#1201 = AXIS2_PLACEMENT_3D ( 'NONE', #1892, #854, #2609 ) ;
#1202 = EDGE_CURVE ( 'NONE', #3110, #1653, #2027, .T. ) ;
#1203 = DIRECTION ( 'NONE',  ( -1.000000000000000000, 0.000000000000000000, 0.000000000000000000 ) ) ;
#1204 = DIRECTION ( 'NONE',  ( 1.000000000000000000, 0.000000000000000000, 0.000000000000000000 ) ) ;
#1205 = VERTEX_POINT ( 'NONE', #17 ) ;
#1206 = LINE ( 'NONE', #2160, #1912 ) ;
#1207 = DIRECTION ( 'NONE',  ( 0.000000000000000000, 0.000000000000000000, 1.000000000000000000 ) ) ;
#1208 = ORIENTED_EDGE ( 'NONE', *, *, #633, .T. ) ;
#1209 = EDGE_CURVE ( 'NONE', #8, #906, #2387, .T. ) ;
#1210 = ORIENTED_EDGE ( 'NONE', *, *, #82, .F. ) ;
#1211 = DIRECTION ( 'NONE',  ( 0.000000000000000000, -0.000000000000000000, -1.000000000000000000 ) ) ;
#1212 = LINE ( 'NONE', #936, #606 ) ;
#1213 = ORIENTED_EDGE ( 'NONE', *, *, #1691, .T. ) ;
#1214 = EDGE_CURVE ( 'NONE', #2299, #842, #1018, .T. ) ;
#1215 = DIRECTION ( 'NONE',  ( 1.000000000000000000, -0.000000000000000000, -0.000000000000000000 ) ) ;
#1216 = DIRECTION ( 'NONE',  ( -0.000000000000000000, 1.000000000000000000, -0.000000000000000000 ) ) ;
#1217 = AXIS2_PLACEMENT_3D ( 'NONE', #2279, #2030, #1494 ) ;
#1218 = ADVANCED_FACE ( 'NONE', ( #2765 ), #2987, .T. ) ;
#1219 = DIRECTION ( 'NONE',  ( -0.000000000000000000, -0.000000000000000000, 1.000000000000000000 ) ) ;
#1220 = ORIENTED_EDGE ( 'NONE', *, *, #1057, .F. ) ;
#1221 = EDGE_CURVE ( 'NONE', #1904, #2870, #1090, .T. ) ;
#1222 = LINE ( 'NONE', #2871, #2855 ) ;
#1223 = VERTEX_POINT ( 'NONE', #811 ) ;
#1224 = CARTESIAN_POINT ( 'NONE',  ( 24.60895226759131305, 23.43395166197680979, 1.000000000000000000 ) ) ;
#1225 = ADVANCED_FACE ( 'NONE', ( #1747 ), #270, .T. ) ;
#1226 = EDGE_LOOP ( 'NONE', ( #1547, #1837, #2882, #1594 ) ) ;
#1227 = LINE ( 'NONE', #1484, #2196 ) ;
#1228 = LINE ( 'NONE', #1499, #2806 ) ;
#1229 = FACE_OUTER_BOUND ( 'NONE', #226, .T. ) ;
#1230 = ORIENTED_EDGE ( 'NONE', *, *, #515, .T. ) ;
#1231 = DIRECTION ( 'NONE',  ( -1.000000000000000000, -0.000000000000000000, -0.000000000000000000 ) ) ;
#1232 = EDGE_CURVE ( 'NONE', #184, #1275, #1562, .T. ) ;
#1233 = LINE ( 'NONE', #1987, #1038 ) ;
#1234 = DIRECTION ( 'NONE',  ( 0.000000000000000000, 0.000000000000000000, 1.000000000000000000 ) ) ;
#1235 = ORIENTED_EDGE ( 'NONE', *, *, #1524, .F. ) ;
#1236 = CARTESIAN_POINT ( 'NONE',  ( 13.05895226759130878, 27.55735331470829763, -1.530000000000000027 ) ) ;
#1237 = VERTEX_POINT ( 'NONE', #5 ) ;
#1238 = VECTOR ( 'NONE', #650, 1000.000000000000000 ) ;
#1239 = ORIENTED_EDGE ( 'NONE', *, *, #272, .T. ) ;
#1240 = VECTOR ( 'NONE', #3188, 1000.000000000000000 ) ;
#1241 = LINE ( 'NONE', #261, #2615 ) ;
#1242 = DIRECTION ( 'NONE',  ( 1.000000000000000000, 0.000000000000000000, 0.000000000000000000 ) ) ;
#1243 = AXIS2_PLACEMENT_3D ( 'NONE', #3225, #798, #2977 ) ;
#1244 = CARTESIAN_POINT ( 'NONE',  ( -2.269342138677063581, 27.05735331470829408, 0.000000000000000000 ) ) ;
#1245 = EDGE_CURVE ( 'NONE', #1412, #1089, #1736, .T. ) ;
#1246 = FACE_OUTER_BOUND ( 'NONE', #2321, .T. ) ;
#1247 = VECTOR ( 'NONE', #2254, 1000.000000000000000 ) ;
#1248 = CARTESIAN_POINT ( 'NONE',  ( -2.269342138677063581, 27.05735331470829408, 0.000000000000000000 ) ) ;
#1249 = DIRECTION ( 'NONE',  ( 0.8660254037844397068, 1.173683280263407188E-16, 0.4999999999999982792 ) ) ;
#1250 = VECTOR ( 'NONE', #2141, 1000.000000000000000 ) ;
#1251 = ORIENTED_EDGE ( 'NONE', *, *, #2854, .T. ) ;
#1252 = DIRECTION ( 'NONE',  ( 1.000000000000000000, 0.000000000000000000, 0.000000000000000000 ) ) ;
#1253 = ORIENTED_EDGE ( 'NONE', *, *, #1501, .T. ) ;
#1254 = CARTESIAN_POINT ( 'NONE',  ( 29.18930565207478267, 26.41430504646028155, 3.299999999999999822 ) ) ;
#1255 = ORIENTED_EDGE ( 'NONE', *, *, #2918, .T. ) ;
#1256 = DIRECTION ( 'NONE',  ( 1.000000000000000000, 0.000000000000000000, 0.000000000000000000 ) ) ;
#1257 = PLANE ( 'NONE',  #467 ) ;
#1258 = CARTESIAN_POINT ( 'NONE',  ( 19.50895226759131518, -20.56604833802116516, 3.299999999999999822 ) ) ;
#1259 = DIRECTION ( 'NONE',  ( -1.355252715606880543E-16, 1.000000000000000000, -0.000000000000000000 ) ) ;
#1260 = LINE ( 'NONE', #2290, #1757 ) ;
#1261 = FACE_OUTER_BOUND ( 'NONE', #694, .T. ) ;
#1262 = VERTEX_POINT ( 'NONE', #2796 ) ;
#1263 = EDGE_CURVE ( 'NONE', #1929, #2465, #37, .T. ) ;
#1264 = DIRECTION ( 'NONE',  ( -0.000000000000000000, 1.000000000000000000, -0.000000000000000000 ) ) ;
#1265 = ORIENTED_EDGE ( 'NONE', *, *, #3192, .T. ) ;
#1266 = FACE_OUTER_BOUND ( 'NONE', #882, .T. ) ;
#1267 = VERTEX_POINT ( 'NONE', #2006 ) ;
#1268 = DIRECTION ( 'NONE',  ( -0.000000000000000000, -1.000000000000000000, -0.000000000000000000 ) ) ;
#1269 = DIRECTION ( 'NONE',  ( -1.627881617134397475E-16, -1.000000000000000000, 0.000000000000000000 ) ) ;
#1270 = DIRECTION ( 'NONE',  ( -1.000000000000000000, -7.304913682519391717E-17, 0.000000000000000000 ) ) ;
#1271 = DIRECTION ( 'NONE',  ( 0.000000000000000000, 0.000000000000000000, 1.000000000000000000 ) ) ;
#1272 = DIRECTION ( 'NONE',  ( -0.000000000000000000, -0.000000000000000000, 1.000000000000000000 ) ) ;
#1273 = CARTESIAN_POINT ( 'NONE',  ( -19.58203962407140253, 25.17005080010329721, -2.030000000000000249 ) ) ;
#1274 = LINE ( 'NONE', #2270, #2289 ) ;
#1275 = VERTEX_POINT ( 'NONE', #303 ) ;
#1276 = LINE ( 'NONE', #1224, #1493 ) ;
#1277 = EDGE_CURVE ( 'NONE', #1164, #2311, #2224, .T. ) ;
#1278 = CARTESIAN_POINT ( 'NONE',  ( -19.58203962407140253, 25.17005080010329721, 0.000000000000000000 ) ) ;
#1279 = ORIENTED_EDGE ( 'NONE', *, *, #430, .F. ) ;
#1280 = VECTOR ( 'NONE', #2771, 1000.000000000000000 ) ;
#1281 = CARTESIAN_POINT ( 'NONE',  ( 13.05895226759130878, 27.55735331470829763, -1.030000000000000027 ) ) ;
#1282 = EDGE_LOOP ( 'NONE', ( #913, #994, #1640, #56 ) ) ;
#1283 = VECTOR ( 'NONE', #39, 1000.000000000000000 ) ;
#1284 = EDGE_CURVE ( 'NONE', #1877, #8, #1768, .T. ) ;
#1285 = DIRECTION ( 'NONE',  ( 0.000000000000000000, -1.000000000000000000, 0.000000000000000000 ) ) ;
#1286 = CARTESIAN_POINT ( 'NONE',  ( 11.05895226759130878, 27.05735331470829763, -1.530000000000000027 ) ) ;
#1287 = CARTESIAN_POINT ( 'NONE',  ( -21.46934213867641361, 25.17005080010329721, -2.030000000000000249 ) ) ;
#1288 = VECTOR ( 'NONE', #1323, 1000.000000000000000 ) ;
#1289 = CARTESIAN_POINT ( 'NONE',  ( -18.37934213867641375, -22.98632204341421215, -2.030000000000000249 ) ) ;
#1290 = CYLINDRICAL_SURFACE ( 'NONE', #2788, 0.5000000000000004441 ) ;
#1291 = VECTOR ( 'NONE', #857, 1000.000000000000000 ) ;
#1292 = FACE_OUTER_BOUND ( 'NONE', #2540, .T. ) ;
#1293 = LINE ( 'NONE', #1311, #210 ) ;
#1294 = ORIENTED_EDGE ( 'NONE', *, *, #860, .F. ) ;
#1295 = DIRECTION ( 'NONE',  ( -0.000000000000000000, -0.000000000000000000, 1.000000000000000000 ) ) ;
#1296 = AXIS2_PLACEMENT_3D ( 'NONE', #2234, #508, #2496 ) ;
#1297 = EDGE_CURVE ( 'NONE', #1045, #2296, #2779, .T. ) ;
#1298 = DIRECTION ( 'NONE',  ( 1.000000000000000000, -1.627881617134397475E-16, 0.000000000000000000 ) ) ;
#1299 = AXIS2_PLACEMENT_3D ( 'NONE', #3021, #1779, #2776 ) ;
#1300 = EDGE_LOOP ( 'NONE', ( #2601, #2428, #355, #424 ) ) ;
#1301 = VECTOR ( 'NONE', #2625, 1000.000000000000000 ) ;
#1302 = DIRECTION ( 'NONE',  ( -0.000000000000000000, -0.000000000000000000, 1.000000000000000000 ) ) ;
#1303 = ORIENTED_EDGE ( 'NONE', *, *, #764, .T. ) ;
#1304 = ORIENTED_EDGE ( 'NONE', *, *, #489, .T. ) ;
#1305 = CARTESIAN_POINT ( 'NONE',  ( -21.46934213867641006, 25.17005080010329721, 0.000000000000000000 ) ) ;
#1306 = ADVANCED_FACE ( 'NONE', ( #2295 ), #2747, .F. ) ;
#1307 = PLANE ( 'NONE',  #1909 ) ;
#1308 = DIRECTION ( 'NONE',  ( -1.000000000000000000, 0.000000000000000000, 0.000000000000000000 ) ) ;
#1309 = CYLINDRICAL_SURFACE ( 'NONE', #3046, 0.5000000000000004441 ) ;
#1310 = EDGE_CURVE ( 'NONE', #1753, #268, #2274, .T. ) ;
#1311 = CARTESIAN_POINT ( 'NONE',  ( -21.96934213867641361, 14.43395166197680801, -1.529999999999999805 ) ) ;
#1312 = VERTEX_POINT ( 'NONE', #1540 ) ;
#1313 = CARTESIAN_POINT ( 'NONE',  ( -21.39104773240868695, -18.66604833802319163, 1.000000000000000000 ) ) ;
#1314 = EDGE_CURVE ( 'NONE', #842, #1942, #993, .T. ) ;
#1315 = CARTESIAN_POINT ( 'NONE',  ( 6.558952267585965501, -21.16604833802115948, 0.000000000000000000 ) ) ;
#1316 = ORIENTED_EDGE ( 'NONE', *, *, #1437, .T. ) ;
#1317 = CARTESIAN_POINT ( 'NONE',  ( -20.77140111689215374, 26.41430504646028155, 0.000000000000000000 ) ) ;
#1318 = ORIENTED_EDGE ( 'NONE', *, *, #1118, .T. ) ;
#1319 = VERTEX_POINT ( 'NONE', #1990 ) ;
#1320 = CARTESIAN_POINT ( 'NONE',  ( 28.60535941072009436, -15.74999999999999645, -2.030000000000000249 ) ) ;
#1321 = ADVANCED_FACE ( 'NONE', ( #519 ), #1509, .T. ) ;
#1322 = CYLINDRICAL_SURFACE ( 'NONE', #2636, 0.5000000000000004441 ) ;
#1323 = DIRECTION ( 'NONE',  ( -0.000000000000000000, -1.000000000000000000, -0.000000000000000000 ) ) ;
#1324 = CARTESIAN_POINT ( 'NONE',  ( 31.20895226759130736, 26.41430504646028155, 0.000000000000000000 ) ) ;
#1325 = DIRECTION ( 'NONE',  ( -0.000000000000000000, 0.000000000000000000, 1.000000000000000000 ) ) ;
#1326 = EDGE_CURVE ( 'NONE', #2352, #288, #1832, .T. ) ;
#1327 = ORIENTED_EDGE ( 'NONE', *, *, #795, .F. ) ;
#1328 = DIRECTION ( 'NONE',  ( 1.000000000000000000, 1.355252715606880543E-16, 0.000000000000000000 ) ) ;
#1329 = EDGE_CURVE ( 'NONE', #441, #1164, #2307, .T. ) ;
#1330 = LINE ( 'NONE', #1577, #2589 ) ;
#1331 = ORIENTED_EDGE ( 'NONE', *, *, #1232, .F. ) ;
#1332 = VECTOR ( 'NONE', #1163, 1000.000000000000000 ) ;
#1333 = DIRECTION ( 'NONE',  ( 0.000000000000000000, 1.000000000000000000, -0.000000000000000000 ) ) ;
#1334 = ORIENTED_EDGE ( 'NONE', *, *, #2343, .F. ) ;
#1335 = ORIENTED_EDGE ( 'NONE', *, *, #389, .F. ) ;
#1336 = EDGE_CURVE ( 'NONE', #1223, #745, #1713, .T. ) ;
#1337 = VECTOR ( 'NONE', #1584, 1000.000000000000000 ) ;
#1338 = LINE ( 'NONE', #1097, #307 ) ;
#1339 = CARTESIAN_POINT ( 'NONE',  ( 26.49762740218612223, 28.43395166197680979, 3.299999999999999822 ) ) ;
#1340 = DIRECTION ( 'NONE',  ( -0.000000000000000000, -0.000000000000000000, 1.000000000000000000 ) ) ;
#1341 = VECTOR ( 'NONE', #196, 1000.000000000000000 ) ;
#1342 = CARTESIAN_POINT ( 'NONE',  ( 29.80895226759130168, 27.33395166197681547, 3.299999999999999822 ) ) ;
#1343 = EDGE_CURVE ( 'NONE', #1347, #1944, #2877, .T. ) ;
#1344 = VECTOR ( 'NONE', #153, 1000.000000000000000 ) ;
#1345 = EDGE_CURVE ( 'NONE', #2668, #444, #674, .T. ) ;
#1346 = DIRECTION ( 'NONE',  ( 0.000000000000000000, 0.000000000000000000, 1.000000000000000000 ) ) ;
#1347 = VERTEX_POINT ( 'NONE', #1070 ) ;
#1348 = CARTESIAN_POINT ( 'NONE',  ( -18.07972286700349329, 28.43395166197680624, 3.299999999999999822 ) ) ;
#1349 = AXIS2_PLACEMENT_3D ( 'NONE', #1906, #376, #883 ) ;
#1350 = DIRECTION ( 'NONE',  ( -0.000000000000000000, -0.000000000000000000, 1.000000000000000000 ) ) ;
#1351 = ORIENTED_EDGE ( 'NONE', *, *, #1452, .T. ) ;
#1352 = AXIS2_PLACEMENT_3D ( 'NONE', #568, #1264, #240 ) ;
#1353 = AXIS2_PLACEMENT_3D ( 'NONE', #1733, #547, #2973 ) ;
#1354 = ORIENTED_EDGE ( 'NONE', *, *, #2938, .F. ) ;
#1355 = EDGE_CURVE ( 'NONE', #2537, #2197, #2056, .T. ) ;
#1356 = CARTESIAN_POINT ( 'NONE',  ( 11.05895226759131056, -24.68604833802116261, -1.530000000000000027 ) ) ;
#1357 = VECTOR ( 'NONE', #1001, 1000.000000000000000 ) ;
#1358 = ORIENTED_EDGE ( 'NONE', *, *, #786, .F. ) ;
#1359 = VERTEX_POINT ( 'NONE', #117 ) ;
#1360 = FACE_OUTER_BOUND ( 'NONE', #2662, .T. ) ;
#1361 = LINE ( 'NONE', #2590, #931 ) ;
#1362 = CARTESIAN_POINT ( 'NONE',  ( -20.26934213867641077, 25.17005080010329721, -2.030000000000000249 ) ) ;
#1363 = FACE_OUTER_BOUND ( 'NONE', #1728, .T. ) ;
#1364 = ORIENTED_EDGE ( 'NONE', *, *, #1442, .T. ) ;
#1365 = CARTESIAN_POINT ( 'NONE',  ( -21.96934213867641361, 16.43395166197680979, -1.530000000000000027 ) ) ;
#1366 = ADVANCED_FACE ( 'NONE', ( #2552 ), #1625, .T. ) ;
#1367 = DIRECTION ( 'NONE',  ( 0.000000000000000000, -1.000000000000000000, 1.084202172485504434E-16 ) ) ;
#1368 = VERTEX_POINT ( 'NONE', #2579 ) ;
#1369 = DIRECTION ( 'NONE',  ( 0.000000000000000000, 0.000000000000000000, -1.000000000000000000 ) ) ;
#1370 = ORIENTED_EDGE ( 'NONE', *, *, #1310, .T. ) ;
#1371 = DIRECTION ( 'NONE',  ( 1.000000000000000000, 0.000000000000000000, 0.000000000000000000 ) ) ;
#1372 = ADVANCED_FACE ( 'NONE', ( #3090 ), #1088, .F. ) ;
#1373 = VERTEX_POINT ( 'NONE', #1119 ) ;
#1374 = VERTEX_POINT ( 'NONE', #1844 ) ;
#1375 = CARTESIAN_POINT ( 'NONE',  ( 28.60535941072009436, 25.17005080010329721, 0.000000000000000000 ) ) ;
#1376 = CARTESIAN_POINT ( 'NONE',  ( 29.18930565207476846, 28.43395166197680979, 0.000000000000000000 ) ) ;
#1377 = CARTESIAN_POINT ( 'NONE',  ( 28.60535941072009436, -21.09632204341422224, -2.030000000000000249 ) ) ;
#1378 = VERTEX_POINT ( 'NONE', #1137 ) ;
#1379 = CARTESIAN_POINT ( 'NONE',  ( 0.000000000000000000, 23.43395166197680979, 0.000000000000000000 ) ) ;
#1380 = CARTESIAN_POINT ( 'NONE',  ( 25.19858929650946422, 28.43395166197680624, 5.050000000000003375 ) ) ;
#1381 = ORIENTED_EDGE ( 'NONE', *, *, #1114, .F. ) ;
#1382 = CARTESIAN_POINT ( 'NONE',  ( 7.558952267591317664, -21.16604833802115948, 0.000000000000000000 ) ) ;
#1383 = ORIENTED_EDGE ( 'NONE', *, *, #852, .T. ) ;
#1384 = FACE_OUTER_BOUND ( 'NONE', #894, .T. ) ;
#1385 = EDGE_LOOP ( 'NONE', ( #947, #2503, #2941, #1899 ) ) ;
#1386 = PRODUCT_RELATED_PRODUCT_CATEGORY ( 'part', '', ( #1062 ) ) ;
#1387 = VERTEX_POINT ( 'NONE', #2073 ) ;
#1388 = DIRECTION ( 'NONE',  ( 1.355252715606880543E-16, -1.000000000000000000, 0.000000000000000000 ) ) ;
#1389 = LINE ( 'NONE', #1874, #1127 ) ;
#1390 = ORIENTED_EDGE ( 'NONE', *, *, #3158, .F. ) ;
#1391 = CARTESIAN_POINT ( 'NONE',  ( 22.60895226759131660, -20.56604833802116161, 0.000000000000000000 ) ) ;
#1392 = AXIS2_PLACEMENT_3D ( 'NONE', #2953, #1473, #984 ) ;
#1393 = VERTEX_POINT ( 'NONE', #2843 ) ;
#1394 = DIRECTION ( 'NONE',  ( 1.000000000000000000, 0.000000000000000000, 0.000000000000000000 ) ) ;
#1395 = AXIS2_PLACEMENT_3D ( 'NONE', #108, #373, #1109 ) ;
#1396 = ORIENTED_EDGE ( 'NONE', *, *, #2461, .F. ) ;
#1397 = LINE ( 'NONE', #1170, #417 ) ;
#1398 = FACE_OUTER_BOUND ( 'NONE', #2325, .T. ) ;
#1399 = AXIS2_PLACEMENT_3D ( 'NONE', #2787, #1839, #2081 ) ;
#1400 = ADVANCED_FACE ( 'NONE', ( #583 ), #2100, .T. ) ;
#1401 = AXIS2_PLACEMENT_3D ( 'NONE', #2520, #1039, #3024 ) ;
#1402 = ORIENTED_EDGE ( 'NONE', *, *, #2227, .T. ) ;
#1403 = DIRECTION ( 'NONE',  ( -0.000000000000000000, -0.000000000000000000, -1.000000000000000000 ) ) ;
#1404 = CARTESIAN_POINT ( 'NONE',  ( 24.76557659461724370, 26.33395166197681547, 4.800000000000000711 ) ) ;
#1405 = VERTEX_POINT ( 'NONE', #3105 ) ;
#1406 = VECTOR ( 'NONE', #1917, 1000.000000000000000 ) ;
#1407 = EDGE_LOOP ( 'NONE', ( #3129, #1230, #973, #2101 ) ) ;
#1408 = DIRECTION ( 'NONE',  ( -1.000000000000000000, 0.000000000000000000, 0.000000000000000000 ) ) ;
#1409 = VECTOR ( 'NONE', #3000, 1000.000000000000000 ) ;
#1410 = VERTEX_POINT ( 'NONE', #2598 ) ;
#1411 = LINE ( 'NONE', #361, #2893 ) ;
#1412 = VERTEX_POINT ( 'NONE', #891 ) ;
#1413 = LINE ( 'NONE', #151, #1722 ) ;
#1414 = ORIENTED_EDGE ( 'NONE', *, *, #3042, .F. ) ;
#1415 = DIRECTION ( 'NONE',  ( 1.000000000000000000, 0.000000000000000000, 0.000000000000000000 ) ) ;
#1416 = CARTESIAN_POINT ( 'NONE',  ( 22.60895226759131305, -22.06604833802116161, 0.000000000000000000 ) ) ;
#1417 = FACE_OUTER_BOUND ( 'NONE', #617, .T. ) ;
#1418 = ORIENTED_EDGE ( 'NONE', *, *, #720, .F. ) ;
#1419 = CARTESIAN_POINT ( 'NONE',  ( 30.30535941072009010, 16.43395166197680979, -1.530000000000000027 ) ) ;
#1420 = CARTESIAN_POINT ( 'NONE',  ( 0.000000000000000000, 0.000000000000000000, 1.000000000000000000 ) ) ;
#1421 = ORIENTED_EDGE ( 'NONE', *, *, #1889, .T. ) ;
#1422 = FACE_OUTER_BOUND ( 'NONE', #1842, .T. ) ;
#1423 = VERTEX_POINT ( 'NONE', #367 ) ;
#1424 = CARTESIAN_POINT ( 'NONE',  ( -16.19104773240868766, -18.66604833802319163, 1.000000000000000000 ) ) ;
#1425 = VERTEX_POINT ( 'NONE', #349 ) ;
#1426 = EDGE_CURVE ( 'NONE', #796, #194, #1330, .T. ) ;
#1427 = DIRECTION ( 'NONE',  ( 1.000000000000000000, 0.000000000000000000, 0.000000000000000000 ) ) ;
#1428 = ORIENTED_EDGE ( 'NONE', *, *, #2217, .T. ) ;
#1429 = DIRECTION ( 'NONE',  ( -1.000000000000000000, -0.000000000000000000, -0.000000000000000000 ) ) ;
#1430 = CARTESIAN_POINT ( 'NONE',  ( -18.37934213867641375, -22.98632204341421215, 0.000000000000000000 ) ) ;
#1431 = DIRECTION ( 'NONE',  ( 1.000000000000000000, 0.000000000000000000, 0.000000000000000000 ) ) ;
#1432 = ADVANCED_FACE ( 'NONE', ( #2613 ), #2320, .T. ) ;
#1433 = ORIENTED_EDGE ( 'NONE', *, *, #696, .F. ) ;
#1434 = DIRECTION ( 'NONE',  ( 1.000000000000000000, 0.000000000000000000, -0.000000000000000000 ) ) ;
#1435 = CARTESIAN_POINT ( 'NONE',  ( 29.18930565207478267, 26.41430504646028155, 3.299999999999999822 ) ) ;
#1436 = ORIENTED_EDGE ( 'NONE', *, *, #795, .T. ) ;
#1437 = EDGE_CURVE ( 'NONE', #1149, #920, #71, .T. ) ;
#1438 = ORIENTED_EDGE ( 'NONE', *, *, #1482, .F. ) ;
#1439 = CARTESIAN_POINT ( 'NONE',  ( 22.60895226759131305, -22.06604833802116161, 0.000000000000000000 ) ) ;
#1440 = VERTEX_POINT ( 'NONE', #2814 ) ;
#1441 = CARTESIAN_POINT ( 'NONE',  ( 11.05895226759131056, -24.68604833802116261, -1.530000000000000027 ) ) ;
#1442 = EDGE_CURVE ( 'NONE', #2146, #445, #628, .T. ) ;
#1443 = LINE ( 'NONE', #2389, #1555 ) ;
#1444 = AXIS2_PLACEMENT_3D ( 'NONE', #178, #895, #455 ) ;
#1445 = DIRECTION ( 'NONE',  ( 0.000000000000000000, 0.000000000000000000, 1.000000000000000000 ) ) ;
#1446 = AXIS2_PLACEMENT_3D ( 'NONE', #1420, #1467, #2411 ) ;
#1447 = ORIENTED_EDGE ( 'NONE', *, *, #1655, .T. ) ;
#1448 = AXIS2_PLACEMENT_3D ( 'NONE', #3172, #2153, #1415 ) ;
#1449 = LINE ( 'NONE', #2880, #87 ) ;
#1450 = CARTESIAN_POINT ( 'NONE',  ( 29.80895226759130168, 27.33395166197681547, 1.000000000000000000 ) ) ;
#1451 = VECTOR ( 'NONE', #1005, 1000.000000000000000 ) ;
#1452 = EDGE_CURVE ( 'NONE', #2361, #1178, #1947, .T. ) ;
#1453 = ORIENTED_EDGE ( 'NONE', *, *, #2269, .F. ) ;
#1454 = ORIENTED_EDGE ( 'NONE', *, *, #2842, .T. ) ;
#1455 = AXIS2_PLACEMENT_3D ( 'NONE', #3073, #2255, #1574 ) ;
#1456 = FACE_OUTER_BOUND ( 'NONE', #41, .T. ) ;
#1457 = CYLINDRICAL_SURFACE ( 'NONE', #312, 0.5000000000000004441 ) ;
#1458 = ORIENTED_EDGE ( 'NONE', *, *, #3100, .F. ) ;
#1459 = ADVANCED_FACE ( 'NONE', ( #2203 ), #2892, .T. ) ;
#1460 = DIRECTION ( 'NONE',  ( 3.154042683594194627E-16, -1.000000000000000000, -1.232047923278982199E-16 ) ) ;
#1461 = AXIS2_PLACEMENT_3D ( 'NONE', #1152, #868, #1858 ) ;
#1462 = DIRECTION ( 'NONE',  ( -0.000000000000000000, 0.000000000000000000, -1.000000000000000000 ) ) ;
#1463 = CARTESIAN_POINT ( 'NONE',  ( -21.46934213867641361, 16.43395166197680979, -1.530000000000000027 ) ) ;
#1464 = EDGE_CURVE ( 'NONE', #1830, #1877, #3175, .T. ) ;
#1465 = EDGE_LOOP ( 'NONE', ( #2091, #1354, #678, #102 ) ) ;
#1466 = VERTEX_POINT ( 'NONE', #2926 ) ;
#1467 = DIRECTION ( 'NONE',  ( -0.000000000000000000, 0.000000000000000000, 1.000000000000000000 ) ) ;
#1468 = EDGE_CURVE ( 'NONE', #1466, #162, #156, .T. ) ;
#1469 = ORIENTED_EDGE ( 'NONE', *, *, #3041, .T. ) ;
#1470 = DIRECTION ( 'NONE',  ( 0.000000000000000000, 0.000000000000000000, 1.000000000000000000 ) ) ;
#1471 = CARTESIAN_POINT ( 'NONE',  ( 28.60535941072009436, -15.74999999999999645, -2.030000000000001581 ) ) ;
#1472 = DIRECTION ( 'NONE',  ( 1.000000000000000000, 0.000000000000000000, 0.000000000000000000 ) ) ;
#1473 = DIRECTION ( 'NONE',  ( -0.000000000000000000, -0.000000000000000000, 1.000000000000000000 ) ) ;
#1474 = ORIENTED_EDGE ( 'NONE', *, *, #946, .F. ) ;
#1475 = CARTESIAN_POINT ( 'NONE',  ( 29.80895226759130878, -18.66604833802318453, 1.000000000000000000 ) ) ;
#1476 = CARTESIAN_POINT ( 'NONE',  ( 27.91535941072008953, -22.29604833802116204, -2.030000000000000249 ) ) ;
#1477 = DIRECTION ( 'NONE',  ( 0.000000000000000000, 0.000000000000000000, -1.000000000000000000 ) ) ;
#1478 = VERTEX_POINT ( 'NONE', #1430 ) ;
#1479 = VECTOR ( 'NONE', #538, 1000.000000000000000 ) ;
#1480 = CARTESIAN_POINT ( 'NONE',  ( -22.79104773240868198, 26.41430504646028155, 3.299999999999999822 ) ) ;
#1481 = EDGE_LOOP ( 'NONE', ( #1265, #305, #2584, #2933 ) ) ;
#1482 = EDGE_CURVE ( 'NONE', #2449, #2870, #2455, .T. ) ;
#1483 = VERTEX_POINT ( 'NONE', #684 ) ;
#1484 = CARTESIAN_POINT ( 'NONE',  ( 24.20895226759130381, 26.33395166197681547, 5.299999999999999822 ) ) ;
#1485 = DIRECTION ( 'NONE',  ( 1.000000000000000000, 0.000000000000000000, 0.000000000000000000 ) ) ;
#1486 = CARTESIAN_POINT ( 'NONE',  ( 24.76557659461723659, 72.47938275306728428, 4.800000000000000711 ) ) ;
#1487 = DIRECTION ( 'NONE',  ( 1.000000000000000000, -4.007979640238702175E-16, 0.000000000000000000 ) ) ;
#1488 = DIRECTION ( 'NONE',  ( 1.000000000000000000, -0.000000000000000000, -0.000000000000000000 ) ) ;
#1489 = DIRECTION ( 'NONE',  ( -1.627881617134397475E-16, -1.000000000000000000, 0.000000000000000000 ) ) ;
#1490 = ORIENTED_EDGE ( 'NONE', *, *, #1202, .T. ) ;
#1491 = CARTESIAN_POINT ( 'NONE',  ( 23.10895226759131660, -20.56604833802116516, 0.000000000000000000 ) ) ;
#1492 = VERTEX_POINT ( 'NONE', #208 ) ;
#1493 = VECTOR ( 'NONE', #32, 1000.000000000000000 ) ;
#1494 = DIRECTION ( 'NONE',  ( -1.000000000000000000, -1.355252715606880543E-16, 0.000000000000000000 ) ) ;
#1495 = ORIENTED_EDGE ( 'NONE', *, *, #2237, .F. ) ;
#1496 = AXIS2_PLACEMENT_3D ( 'NONE', #1552, #2066, #1518 ) ;
#1497 = DIRECTION ( 'NONE',  ( 1.000000000000000000, 0.000000000000000000, 0.000000000000000000 ) ) ;
#1498 = PLANE ( 'NONE',  #1596 ) ;
#1499 = CARTESIAN_POINT ( 'NONE',  ( -16.19104773240868411, 23.43395166197680979, 1.000000000000000000 ) ) ;
#1500 = AXIS2_PLACEMENT_3D ( 'NONE', #3057, #3123, #873 ) ;
#1501 = EDGE_CURVE ( 'NONE', #3081, #168, #662, .T. ) ;
#1502 = PLANE ( 'NONE',  #821 ) ;
#1503 = LINE ( 'NONE', #235, #351 ) ;
#1504 = VECTOR ( 'NONE', #1583, 1000.000000000000000 ) ;
#1505 = CARTESIAN_POINT ( 'NONE',  ( 22.60895226759131660, -20.56604833802116161, 0.000000000000000000 ) ) ;
#1506 = LINE ( 'NONE', #2, #1357 ) ;
#1507 = AXIS2_PLACEMENT_3D ( 'NONE', #299, #1325, #1587 ) ;
#1508 = EDGE_LOOP ( 'NONE', ( #731, #665, #1053, #2768, #1253 ) ) ;
#1509 = PLANE ( 'NONE',  #518 ) ;
#1510 = CIRCLE ( 'NONE', #840, 1.000000000000000000 ) ;
#1511 = ORIENTED_EDGE ( 'NONE', *, *, #1580, .F. ) ;
#1512 = LINE ( 'NONE', #2309, #1479 ) ;
#1513 = ORIENTED_EDGE ( 'NONE', *, *, #109, .F. ) ;
#1514 = DIRECTION ( 'NONE',  ( -7.498852273741028430E-17, -1.000000000000000000, 0.000000000000000000 ) ) ;
#1515 = DIRECTION ( 'NONE',  ( 0.000000000000000000, 0.000000000000000000, 1.000000000000000000 ) ) ;
#1516 = FACE_BOUND ( 'NONE', #1981, .T. ) ;
#1517 = EDGE_CURVE ( 'NONE', #69, #2889, #968, .T. ) ;
#1518 = DIRECTION ( 'NONE',  ( -7.304913682519391717E-17, 1.000000000000000000, 0.000000000000000000 ) ) ;
#1519 = DIRECTION ( 'NONE',  ( -1.000000000000000000, 0.000000000000000000, 0.000000000000000000 ) ) ;
#1520 = LINE ( 'NONE', #1762, #3007 ) ;
#1521 = DIRECTION ( 'NONE',  ( 1.355252715606880543E-16, -1.000000000000000000, 0.000000000000000000 ) ) ;
#1522 = ORIENTED_EDGE ( 'NONE', *, *, #2677, .T. ) ;
#1523 = DIRECTION ( 'NONE',  ( 1.000000000000000000, 0.000000000000000000, 0.000000000000000000 ) ) ;
#1524 = EDGE_CURVE ( 'NONE', #745, #1425, #1443, .T. ) ;
#1525 = CARTESIAN_POINT ( 'NONE',  ( -15.79104773240869797, 26.33395166197680837, 5.299999999999999822 ) ) ;
#1526 = ORIENTED_EDGE ( 'NONE', *, *, #3131, .F. ) ;
#1527 = EDGE_CURVE ( 'NONE', #2130, #1149, #400, .T. ) ;
#1528 = CARTESIAN_POINT ( 'NONE',  ( 27.91805689611509678, -15.74999999999999289, -2.030000000000000249 ) ) ;
#1529 = VERTEX_POINT ( 'NONE', #2189 ) ;
#1530 = DIRECTION ( 'NONE',  ( 0.000000000000000000, 0.000000000000000000, -1.000000000000000000 ) ) ;
#1531 = DIRECTION ( 'NONE',  ( -0.000000000000000000, -0.000000000000000000, 1.000000000000000000 ) ) ;
#1532 = DIRECTION ( 'NONE',  ( 0.000000000000000000, -1.000000000000000000, 0.000000000000000000 ) ) ;
#1533 = ADVANCED_FACE ( 'NONE', ( #1934, #192 ), #3155, .F. ) ;
#1534 = LINE ( 'NONE', #3069, #3111 ) ;
#1535 = CARTESIAN_POINT ( 'NONE',  ( 27.91805689611508967, 25.85735331470829834, -2.030000000000000249 ) ) ;
#1536 = DIRECTION ( 'NONE',  ( 0.000000000000000000, 0.000000000000000000, 1.000000000000000000 ) ) ;
#1537 = LINE ( 'NONE', #2304, #2181 ) ;
#1538 = EDGE_LOOP ( 'NONE', ( #2346, #648, #1414, #2457 ) ) ;
#1539 = LINE ( 'NONE', #301, #2277 ) ;
#1540 = CARTESIAN_POINT ( 'NONE',  ( 31.20895226759130736, 26.41430504646028155, 3.299999999999999822 ) ) ;
#1541 = ORIENTED_EDGE ( 'NONE', *, *, #496, .T. ) ;
#1542 = EDGE_CURVE ( 'NONE', #347, #441, #908, .T. ) ;
#1543 = VECTOR ( 'NONE', #99, 1000.000000000000000 ) ;
#1544 = DIRECTION ( 'NONE',  ( -1.000000000000000000, -0.000000000000000000, -0.000000000000000000 ) ) ;
#1545 = ORIENTED_EDGE ( 'NONE', *, *, #668, .F. ) ;
#1546 = AXIS2_PLACEMENT_3D ( 'NONE', #1192, #1174, #930 ) ;
#1547 = ORIENTED_EDGE ( 'NONE', *, *, #1786, .T. ) ;
#1548 = EDGE_CURVE ( 'NONE', #2003, #1850, #1703, .T. ) ;
#1549 = CARTESIAN_POINT ( 'NONE',  ( 11.05895226759131056, -24.18604833802116261, -1.530000000000000027 ) ) ;
#1550 = FACE_OUTER_BOUND ( 'NONE', #339, .T. ) ;
#1551 = VECTOR ( 'NONE', #1231, 1000.000000000000000 ) ;
#1552 = CARTESIAN_POINT ( 'NONE',  ( 13.05895226759131056, -24.68604833802116261, -1.530000000000000027 ) ) ;
#1553 = DIRECTION ( 'NONE',  ( 0.000000000000000000, 0.000000000000000000, -1.000000000000000000 ) ) ;
#1554 = EDGE_CURVE ( 'NONE', #2802, #3153, #3189, .T. ) ;
#1555 = VECTOR ( 'NONE', #2663, 1000.000000000000000 ) ;
#1556 = CARTESIAN_POINT ( 'NONE',  ( 11.05895226759131056, -24.68604833802116261, -1.030000000000000027 ) ) ;
#1557 = EDGE_CURVE ( 'NONE', #1709, #3183, #1397, .T. ) ;
#1558 = LINE ( 'NONE', #548, #1409 ) ;
#1559 = ORIENTED_EDGE ( 'NONE', *, *, #2756, .F. ) ;
#1560 = DIRECTION ( 'NONE',  ( 0.000000000000000000, 1.000000000000000000, 0.000000000000000000 ) ) ;
#1561 = VECTOR ( 'NONE', #2213, 1000.000000000000000 ) ;
#1562 = LINE ( 'NONE', #746, #1920 ) ;
#1563 = VECTOR ( 'NONE', #2283, 1000.000000000000000 ) ;
#1564 = VERTEX_POINT ( 'NONE', #422 ) ;
#1565 = DIRECTION ( 'NONE',  ( 0.000000000000000000, 0.000000000000000000, 1.000000000000000000 ) ) ;
#1566 = EDGE_LOOP ( 'NONE', ( #951, #1614, #474, #3001 ) ) ;
#1567 = VERTEX_POINT ( 'NONE', #697 ) ;
#1568 = CARTESIAN_POINT ( 'NONE',  ( 19.50895226759131518, -21.56604833802116161, 0.000000000000000000 ) ) ;
#1569 = ADVANCED_FACE ( 'NONE', ( #1688 ), #940, .F. ) ;
#1570 = CARTESIAN_POINT ( 'NONE',  ( 27.91535941072008953, -24.18604833802116261, 0.000000000000000000 ) ) ;
#1571 = PLANE ( 'NONE',  #1399 ) ;
#1572 = CARTESIAN_POINT ( 'NONE',  ( 24.76557659461724370, 26.33395166197681547, 5.300000000000000711 ) ) ;
#1573 = AXIS2_PLACEMENT_3D ( 'NONE', #1729, #1285, #490 ) ;
#1574 = DIRECTION ( 'NONE',  ( 0.000000000000000000, -6.938893903907228378E-15, -1.000000000000000000 ) ) ;
#1575 = ORIENTED_EDGE ( 'NONE', *, *, #976, .F. ) ;
#1576 = LINE ( 'NONE', #2353, #3059 ) ;
#1577 = CARTESIAN_POINT ( 'NONE',  ( -21.96934213867641361, 16.43395166197680979, -1.530000000000000027 ) ) ;
#1578 = ORIENTED_EDGE ( 'NONE', *, *, #2720, .T. ) ;
#1579 = VERTEX_POINT ( 'NONE', #173 ) ;
#1580 = EDGE_CURVE ( 'NONE', #1045, #3106, #922, .T. ) ;
#1581 = ORIENTED_EDGE ( 'NONE', *, *, #2227, .F. ) ;
#1582 = ADVANCED_FACE ( 'NONE', ( #953 ), #2515, .T. ) ;
#1583 = DIRECTION ( 'NONE',  ( 0.000000000000000000, 0.000000000000000000, -1.000000000000000000 ) ) ;
#1584 = DIRECTION ( 'NONE',  ( -1.508455196501571429E-16, 1.000000000000000000, -0.000000000000000000 ) ) ;
#1585 = PLANE ( 'NONE',  #2113 ) ;
#1586 = CARTESIAN_POINT ( 'NONE',  ( -16.19104773240868766, -19.19134633802116241, -0.000000000000000000 ) ) ;
#1587 = DIRECTION ( 'NONE',  ( 1.000000000000000000, 0.000000000000000000, 0.000000000000000000 ) ) ;
#1588 = ORIENTED_EDGE ( 'NONE', *, *, #967, .T. ) ;
#1589 = LINE ( 'NONE', #348, #250 ) ;
#1590 = EDGE_CURVE ( 'NONE', #504, #2537, #935, .T. ) ;
#1591 = DIRECTION ( 'NONE',  ( -1.000000000000000000, -7.304913682519391717E-17, 0.000000000000000000 ) ) ;
#1592 = ORIENTED_EDGE ( 'NONE', *, *, #1069, .T. ) ;
#1593 = FACE_OUTER_BOUND ( 'NONE', #2145, .T. ) ;
#1594 = ORIENTED_EDGE ( 'NONE', *, *, #1517, .T. ) ;
#1595 = VERTEX_POINT ( 'NONE', #2038 ) ;
#1596 = AXIS2_PLACEMENT_3D ( 'NONE', #2723, #540, #2248 ) ;
#1597 = AXIS2_PLACEMENT_3D ( 'NONE', #701, #1924, #2194 ) ;
#1598 = CARTESIAN_POINT ( 'NONE',  ( 29.80535941072009010, -4.749999999999996447, -2.030000000000000249 ) ) ;
#1599 = CARTESIAN_POINT ( 'NONE',  ( 5.805359410720100755, 27.05735331470829763, -2.030000000000000249 ) ) ;
#1600 = VECTOR ( 'NONE', #337, 1000.000000000000000 ) ;
#1601 = CARTESIAN_POINT ( 'NONE',  ( 25.51613194456375666, 26.33395166197681547, 4.500000000000000000 ) ) ;
#1602 = ADVANCED_FACE ( 'NONE', ( #1292 ), #743, .T. ) ;
#1603 = VECTOR ( 'NONE', #1487, 1000.000000000000000 ) ;
#1604 = CARTESIAN_POINT ( 'NONE',  ( 29.80535941072009010, 14.43395166197680801, -1.529999999999999805 ) ) ;
#1605 = ORIENTED_EDGE ( 'NONE', *, *, #1297, .T. ) ;
#1606 = PLANE ( 'NONE',  #2226 ) ;
#1607 = VECTOR ( 'NONE', #1216, 1000.000000000000000 ) ;
#1608 = CARTESIAN_POINT ( 'NONE',  ( 27.91805689611508967, 25.17005080010329721, -2.030000000000000249 ) ) ;
#1609 = EDGE_CURVE ( 'NONE', #2660, #2366, #281, .T. ) ;
#1610 = ORIENTED_EDGE ( 'NONE', *, *, #2040, .T. ) ;
#1611 = DIRECTION ( 'NONE',  ( 0.000000000000000000, 0.000000000000000000, 1.000000000000000000 ) ) ;
#1612 = CIRCLE ( 'NONE', #1969, 0.5000000000000004441 ) ;
#1613 = CIRCLE ( 'NONE', #2445, 1.000000000000000000 ) ;
#1614 = ORIENTED_EDGE ( 'NONE', *, *, #1785, .F. ) ;
#1615 = DIRECTION ( 'NONE',  ( 1.000000000000000000, 0.000000000000000000, 0.000000000000000000 ) ) ;
#1616 = CIRCLE ( 'NONE', #2447, 2.019646615516526467 ) ;
#1617 = ORIENTED_EDGE ( 'NONE', *, *, #2401, .F. ) ;
#1618 = EDGE_LOOP ( 'NONE', ( #2137, #619, #700, #626 ) ) ;
#1619 = DIRECTION ( 'NONE',  ( 1.355252715606880543E-16, -1.000000000000000000, 0.000000000000000000 ) ) ;
#1620 = CARTESIAN_POINT ( 'NONE',  ( 11.05895226759131056, -24.18604833802116261, -1.530000000000000027 ) ) ;
#1621 = EDGE_CURVE ( 'NONE', #767, #2372, #1260, .T. ) ;
#1622 = DIRECTION ( 'NONE',  ( -1.000000000000000000, -7.304913682519391717E-17, -0.000000000000000000 ) ) ;
#1623 = ORIENTED_EDGE ( 'NONE', *, *, #1245, .T. ) ;
#1624 = DIRECTION ( 'NONE',  ( 0.000000000000000000, 0.000000000000000000, 1.000000000000000000 ) ) ;
#1625 = CYLINDRICAL_SURFACE ( 'NONE', #2541, 0.5000000000000004441 ) ;
#1626 = ORIENTED_EDGE ( 'NONE', *, *, #1682, .T. ) ;
#1627 = LINE ( 'NONE', #3140, #573 ) ;
#1628 = ORIENTED_EDGE ( 'NONE', *, *, #372, .T. ) ;
#1629 = ORIENTED_EDGE ( 'NONE', *, *, #846, .T. ) ;
#1630 = ORIENTED_EDGE ( 'NONE', *, *, #1221, .T. ) ;
#1631 = LINE ( 'NONE', #2654, #2694 ) ;
#1632 = LINE ( 'NONE', #2886, #1332 ) ;
#1633 = ORIENTED_EDGE ( 'NONE', *, *, #2608, .T. ) ;
#1634 = EDGE_CURVE ( 'NONE', #3212, #1378, #1, .T. ) ;
#1635 = PLANE ( 'NONE',  #1201 ) ;
#1636 = ORIENTED_EDGE ( 'NONE', *, *, #512, .F. ) ;
#1637 = LINE ( 'NONE', #449, #1344 ) ;
#1638 = DIRECTION ( 'NONE',  ( 0.000000000000000000, 0.000000000000000000, 1.000000000000000000 ) ) ;
#1639 = DIRECTION ( 'NONE',  ( 1.000000000000000000, 0.000000000000000000, -0.000000000000000000 ) ) ;
#1640 = ORIENTED_EDGE ( 'NONE', *, *, #1590, .F. ) ;
#1641 = CARTESIAN_POINT ( 'NONE',  ( 22.60895226759131305, -22.06604833802116161, 3.299999999999999822 ) ) ;
#1642 = DIRECTION ( 'NONE',  ( 1.000000000000000000, 1.388870244769555320E-16, 0.000000000000000000 ) ) ;
#1643 = AXIS2_PLACEMENT_3D ( 'NONE', #1129, #2856, #623 ) ;
#1644 = ORIENTED_EDGE ( 'NONE', *, *, #2756, .T. ) ;
#1645 = ADVANCED_FACE ( 'NONE', ( #266 ), #2727, .T. ) ;
#1646 = ORIENTED_EDGE ( 'NONE', *, *, #1932, .T. ) ;
#1647 = DIRECTION ( 'NONE',  ( 1.000000000000000000, -1.499770454748205193E-16, 0.000000000000000000 ) ) ;
#1648 = ORIENTED_EDGE ( 'NONE', *, *, #2140, .F. ) ;
#1649 = EDGE_CURVE ( 'NONE', #1178, #1440, #2336, .T. ) ;
#1650 = ORIENTED_EDGE ( 'NONE', *, *, #1527, .F. ) ;
#1651 = PLANE ( 'NONE',  #624 ) ;
#1652 = VECTOR ( 'NONE', #669, 1000.000000000000000 ) ;
#1653 = VERTEX_POINT ( 'NONE', #3221 ) ;
#1654 = DIRECTION ( 'NONE',  ( 1.000000000000000000, 0.000000000000000000, 0.000000000000000000 ) ) ;
#1655 = EDGE_CURVE ( 'NONE', #1393, #1466, #2001, .T. ) ;
#1656 = VECTOR ( 'NONE', #1804, 1000.000000000000000 ) ;
#1657 = DIRECTION ( 'NONE',  ( -1.000000000000000000, -7.304913682519391717E-17, 0.000000000000000000 ) ) ;
#1658 = LINE ( 'NONE', #2648, #2495 ) ;
#1659 = VECTOR ( 'NONE', #2026, 1000.000000000000000 ) ;
#1660 = AXIS2_PLACEMENT_3D ( 'NONE', #227, #2471, #1408 ) ;
#1661 = ORIENTED_EDGE ( 'NONE', *, *, #1355, .T. ) ;
#1662 = DIRECTION ( 'NONE',  ( 0.000000000000000000, 0.000000000000000000, 1.000000000000000000 ) ) ;
#1663 = CARTESIAN_POINT ( 'NONE',  ( -15.79104773240869797, 26.33395166197680837, 5.000000000000007105 ) ) ;
#1664 = ORIENTED_EDGE ( 'NONE', *, *, #1297, .F. ) ;
#1665 = AXIS2_PLACEMENT_3D ( 'NONE', #1061, #2048, #836 ) ;
#1666 = EDGE_CURVE ( 'NONE', #2382, #575, #1233, .T. ) ;
#1667 = CARTESIAN_POINT ( 'NONE',  ( -21.46934213867641006, 25.17005080010329721, -2.030000000000000249 ) ) ;
#1668 = ORIENTED_EDGE ( 'NONE', *, *, #976, .T. ) ;
#1669 = CARTESIAN_POINT ( 'NONE',  ( -21.39104773240868695, -18.66604833802319163, 1.000000000000000000 ) ) ;
#1670 = EDGE_CURVE ( 'NONE', #2047, #787, #775, .T. ) ;
#1671 = ORIENTED_EDGE ( 'NONE', *, *, #1691, .F. ) ;
#1672 = DIRECTION ( 'NONE',  ( 0.000000000000000000, 0.000000000000000000, 1.000000000000000000 ) ) ;
#1673 = EDGE_CURVE ( 'NONE', #2658, #1766, #1520, .T. ) ;
#1674 = ORIENTED_EDGE ( 'NONE', *, *, #1202, .F. ) ;
#1675 = DIRECTION ( 'NONE',  ( -0.000000000000000000, -0.000000000000000000, 1.000000000000000000 ) ) ;
#1676 = CARTESIAN_POINT ( 'NONE',  ( 30.30535941072009010, 14.43395166197680801, -1.529999999999999805 ) ) ;
#1677 = DIRECTION ( 'NONE',  ( 0.000000000000000000, 1.000000000000000000, -1.084202172485504434E-16 ) ) ;
#1678 = EDGE_LOOP ( 'NONE', ( #2782, #2240, #2305, #2641 ) ) ;
#1679 = EDGE_CURVE ( 'NONE', #2678, #1824, #1034, .T. ) ;
#1680 = LINE ( 'NONE', #2666, #1746 ) ;
#1681 = DIRECTION ( 'NONE',  ( -7.304913682519391717E-17, 1.000000000000000000, -0.000000000000000000 ) ) ;
#1682 = EDGE_CURVE ( 'NONE', #653, #920, #3019, .T. ) ;
#1683 = ORIENTED_EDGE ( 'NONE', *, *, #2706, .F. ) ;
#1684 = ORIENTED_EDGE ( 'NONE', *, *, #3196, .F. ) ;
#1685 = CARTESIAN_POINT ( 'NONE',  ( 5.805359410720100755, 25.85735331470829834, 0.000000000000000000 ) ) ;
#1686 = EDGE_LOOP ( 'NONE', ( #2243, #1928, #1798, #1644 ) ) ;
#1687 = CARTESIAN_POINT ( 'NONE',  ( 22.60895226759131305, -20.06604833802116161, 0.000000000000000000 ) ) ;
#1688 = FACE_OUTER_BOUND ( 'NONE', #2924, .T. ) ;
#1689 = CARTESIAN_POINT ( 'NONE',  ( 28.60535941072009436, -21.09632204341422224, -2.030000000000000249 ) ) ;
#1690 = VECTOR ( 'NONE', #1058, 1000.000000000000000 ) ;
#1691 = EDGE_CURVE ( 'NONE', #863, #2783, #2741, .T. ) ;
#1692 = ORIENTED_EDGE ( 'NONE', *, *, #2919, .F. ) ;
#1693 = CARTESIAN_POINT ( 'NONE',  ( -21.46934213867641361, 16.43395166197680979, -1.530000000000000027 ) ) ;
#1694 = CARTESIAN_POINT ( 'NONE',  ( 26.71535941072009024, -22.98632204341422280, -2.030000000000000249 ) ) ;
#1695 = EDGE_CURVE ( 'NONE', #1116, #1423, #793, .T. ) ;
#1696 = ORIENTED_EDGE ( 'NONE', *, *, #739, .F. ) ;
#1697 = ORIENTED_EDGE ( 'NONE', *, *, #272, .F. ) ;
#1698 = CARTESIAN_POINT ( 'NONE',  ( -20.77140111689214663, -25.56604833802116161, 0.000000000000000000 ) ) ;
#1699 = EDGE_CURVE ( 'NONE', #2658, #1830, #1926, .T. ) ;
#1700 = CARTESIAN_POINT ( 'NONE',  ( 27.91535941072008953, -24.18604833802116261, -2.030000000000000249 ) ) ;
#1701 = ORIENTED_EDGE ( 'NONE', *, *, #199, .T. ) ;
#1702 = CARTESIAN_POINT ( 'NONE',  ( 28.60535941072009436, -21.09632204341422224, -2.030000000000000249 ) ) ;
#1703 = LINE ( 'NONE', #2629, #2751 ) ;
#1704 = VECTOR ( 'NONE', #2738, 1000.000000000000000 ) ;
#1705 = CARTESIAN_POINT ( 'NONE',  ( 11.05895226759130878, 27.55735331470829763, -1.030000000000000027 ) ) ;
#1706 = ORIENTED_EDGE ( 'NONE', *, *, #2710, .F. ) ;
#1707 = VECTOR ( 'NONE', #443, 1000.000000000000000 ) ;
#1708 = ADVANCED_FACE ( 'NONE', ( #2530 ), #2712, .F. ) ;
#1709 = VERTEX_POINT ( 'NONE', #2481 ) ;
#1710 = AXIS2_PLACEMENT_3D ( 'NONE', #65, #2018, #98 ) ;
#1711 = CARTESIAN_POINT ( 'NONE',  ( -15.79104773240869797, 26.33395166197680837, 5.000000000000007105 ) ) ;
#1712 = CARTESIAN_POINT ( 'NONE',  ( 13.05895226759131056, -24.68604833802116261, -1.530000000000000027 ) ) ;
#1713 = CIRCLE ( 'NONE', #774, 0.6873025146050086853 ) ;
#1714 = CIRCLE ( 'NONE', #2857, 2.019646615516522914 ) ;
#1715 = ORIENTED_EDGE ( 'NONE', *, *, #468, .F. ) ;
#1716 = CARTESIAN_POINT ( 'NONE',  ( -20.77140111689214663, -25.56604833802116161, 3.299999999999999822 ) ) ;
#1717 = VECTOR ( 'NONE', #859, 1000.000000000000000 ) ;
#1718 = CARTESIAN_POINT ( 'NONE',  ( 30.30535941072009010, 16.43395166197680979, -1.530000000000000027 ) ) ;
#1719 = LINE ( 'NONE', #3170, #732 ) ;
#1720 = ORIENTED_EDGE ( 'NONE', *, *, #1542, .T. ) ;
#1721 = PLANE ( 'NONE',  #201 ) ;
#1722 = VECTOR ( 'NONE', #1115, 1000.000000000000000 ) ;
#1723 = DIRECTION ( 'NONE',  ( -1.000000000000000000, 0.000000000000000000, 0.000000000000000000 ) ) ;
#1724 = CARTESIAN_POINT ( 'NONE',  ( -18.07972286700349329, 28.43395166197680624, 3.799999999999999822 ) ) ;
#1725 = ORIENTED_EDGE ( 'NONE', *, *, #1168, .T. ) ;
#1726 = LINE ( 'NONE', #3147, #1861 ) ;
#1727 = VERTEX_POINT ( 'NONE', #562 ) ;
#1728 = EDGE_LOOP ( 'NONE', ( #584, #93, #325, #3109 ) ) ;
#1729 = CARTESIAN_POINT ( 'NONE',  ( -21.96934213867641361, -11.56604833802115984, -1.529999999999996696 ) ) ;
#1730 = CARTESIAN_POINT ( 'NONE',  ( 23.10895226759131660, -21.56604833802115806, 0.000000000000000000 ) ) ;
#1731 = CARTESIAN_POINT ( 'NONE',  ( 13.05895226759130878, 27.05735331470829763, -1.530000000000000027 ) ) ;
#1732 = FACE_BOUND ( 'NONE', #3145, .T. ) ;
#1733 = CARTESIAN_POINT ( 'NONE',  ( 1.908167697771898288E-15, -24.68604833802116261, 0.000000000000000000 ) ) ;
#1734 = PLANE ( 'NONE',  #154 ) ;
#1735 = ORIENTED_EDGE ( 'NONE', *, *, #748, .F. ) ;
#1736 = LINE ( 'NONE', #2730, #1451 ) ;
#1737 = VERTEX_POINT ( 'NONE', #1556 ) ;
#1738 = ORIENTED_EDGE ( 'NONE', *, *, #892, .F. ) ;
#1739 = DIRECTION ( 'NONE',  ( -7.304913682519391717E-17, 1.000000000000000000, -0.000000000000000000 ) ) ;
#1740 = CARTESIAN_POINT ( 'NONE',  ( 23.10895226759131660, -20.56604833802116516, 0.000000000000000000 ) ) ;
#1741 = LINE ( 'NONE', #2708, #2322 ) ;
#1742 = LINE ( 'NONE', #2739, #142 ) ;
#1743 = CARTESIAN_POINT ( 'NONE',  ( 31.20895226759131091, -4.749999999999995559, 0.4400000000000003353 ) ) ;
#1744 = DIRECTION ( 'NONE',  ( 1.499770454748205193E-16, 1.000000000000000000, 0.000000000000000000 ) ) ;
#1745 = ORIENTED_EDGE ( 'NONE', *, *, #2923, .T. ) ;
#1746 = VECTOR ( 'NONE', #2143, 1000.000000000000114 ) ;
#1747 = FACE_OUTER_BOUND ( 'NONE', #918, .T. ) ;
#1748 = ORIENTED_EDGE ( 'NONE', *, *, #2519, .F. ) ;
#1749 = VECTOR ( 'NONE', #3211, 1000.000000000000000 ) ;
#1750 = VECTOR ( 'NONE', #116, 1000.000000000000000 ) ;
#1751 = FILL_AREA_STYLE ('',( #3027 ) ) ;
#1752 = ADVANCED_FACE ( 'NONE', ( #807 ), #1796, .T. ) ;
#1753 = VERTEX_POINT ( 'NONE', #2249 ) ;
#1754 = VECTOR ( 'NONE', #255, 1000.000000000000000 ) ;
#1755 = DIRECTION ( 'NONE',  ( -0.000000000000000000, -1.000000000000000000, -0.000000000000000000 ) ) ;
#1756 = CARTESIAN_POINT ( 'NONE',  ( -7.491047732408680382, -21.26604833802320016, 3.299999999999999822 ) ) ;
#1757 = VECTOR ( 'NONE', #2984, 1000.000000000000000 ) ;
#1758 = EDGE_CURVE ( 'NONE', #1994, #1095, #1228, .T. ) ;
#1759 = FACE_BOUND ( 'NONE', #2840, .T. ) ;
#1760 = FACE_OUTER_BOUND ( 'NONE', #1159, .T. ) ;
#1761 = CIRCLE ( 'NONE', #1296, 0.5000000000000004441 ) ;
#1762 = CARTESIAN_POINT ( 'NONE',  ( 22.60895226759131305, -22.06604833802116161, 0.000000000000000000 ) ) ;
#1763 = EDGE_CURVE ( 'NONE', #1071, #459, #1761, .T. ) ;
#1764 = FACE_OUTER_BOUND ( 'NONE', #1678, .T. ) ;
#1765 = AXIS2_PLACEMENT_3D ( 'NONE', #1382, #893, #2600 ) ;
#1766 = VERTEX_POINT ( 'NONE', #2970 ) ;
#1767 = CARTESIAN_POINT ( 'NONE',  ( 26.06461470029389815, 28.43395166197680624, 3.550000000000001155 ) ) ;
#1768 = LINE ( 'NONE', #1491, #723 ) ;
#1769 = ORIENTED_EDGE ( 'NONE', *, *, #926, .F. ) ;
#1770 = EDGE_CURVE ( 'NONE', #3183, #2802, #262, .T. ) ;
#1771 = DIRECTION ( 'NONE',  ( 0.000000000000000000, -0.000000000000000000, 1.000000000000000000 ) ) ;
#1772 = ORIENTED_EDGE ( 'NONE', *, *, #1548, .F. ) ;
#1773 = DIRECTION ( 'NONE',  ( -0.000000000000000000, -0.000000000000000000, 1.000000000000000000 ) ) ;
#1774 = DIRECTION ( 'NONE',  ( 1.000000000000000000, 0.000000000000000000, 0.000000000000000000 ) ) ;
#1775 = DIRECTION ( 'NONE',  ( 1.000000000000000000, 0.000000000000000000, 0.000000000000000000 ) ) ;
#1776 = LINE ( 'NONE', #851, #2488 ) ;
#1777 = DIRECTION ( 'NONE',  ( -0.000000000000000000, -0.000000000000000000, 1.000000000000000000 ) ) ;
#1778 = CARTESIAN_POINT ( 'NONE',  ( 22.60895226759131660, -21.56604833802116161, 0.000000000000000000 ) ) ;
#1779 = DIRECTION ( 'NONE',  ( 0.000000000000000000, -1.000000000000000000, 0.000000000000000000 ) ) ;
#1780 = ORIENTED_EDGE ( 'NONE', *, *, #2454, .T. ) ;
#1781 = PLANE ( 'NONE',  #33 ) ;
#1782 = ADVANCED_FACE ( 'NONE', ( #3200 ), #1257, .F. ) ;
#1783 = CARTESIAN_POINT ( 'NONE',  ( -17.09822740938113128, 27.33395166197680837, 4.500000000000000000 ) ) ;
#1784 = EDGE_LOOP ( 'NONE', ( #2152, #121, #2062, #2979 ) ) ;
#1785 = EDGE_CURVE ( 'NONE', #1483, #3036, #10, .T. ) ;
#1786 = EDGE_CURVE ( 'NONE', #2889, #1921, #3215, .T. ) ;
#1787 = DIRECTION ( 'NONE',  ( 1.000000000000000000, 0.000000000000000000, 0.000000000000000000 ) ) ;
#1788 = ORIENTED_EDGE ( 'NONE', *, *, #1043, .T. ) ;
#1789 = VERTEX_POINT ( 'NONE', #740 ) ;
#1790 = EDGE_CURVE ( 'NONE', #1237, #906, #2951, .T. ) ;
#1791 = CARTESIAN_POINT ( 'NONE',  ( 13.05895226759131056, -24.68604833802116261, -1.530000000000000027 ) ) ;
#1792 = DIRECTION ( 'NONE',  ( 1.388870244769555320E-16, -1.000000000000000000, 0.000000000000000000 ) ) ;
#1793 = PLANE ( 'NONE',  #3220 ) ;
#1794 = DIRECTION ( 'NONE',  ( -0.000000000000000000, -0.000000000000000000, 1.000000000000000000 ) ) ;
#1795 = PRODUCT_DEFINITION ( 'æœ', '', #813, #2718 ) ;
#1796 = PLANE ( 'NONE',  #2913 ) ;
#1797 = DIRECTION ( 'NONE',  ( -0.000000000000000000, -0.000000000000000000, -1.000000000000000000 ) ) ;
#1798 = ORIENTED_EDGE ( 'NONE', *, *, #489, .F. ) ;
#1799 = DIRECTION ( 'NONE',  ( -1.355252715606880296E-16, 1.000000000000000000, -0.000000000000000000 ) ) ;
#1800 = CARTESIAN_POINT ( 'NONE',  ( -16.19104773240868411, 2.635710896573367125E-15, 1.000000000000000000 ) ) ;
#1801 = ORIENTED_EDGE ( 'NONE', *, *, #3187, .F. ) ;
#1802 = EDGE_CURVE ( 'NONE', #2921, #2047, #1956, .T. ) ;
#1803 = VECTOR ( 'NONE', #1792, 1000.000000000000000 ) ;
#1804 = DIRECTION ( 'NONE',  ( -1.000000000000000000, -1.388870244769555320E-16, 0.000000000000000000 ) ) ;
#1805 = ORIENTED_EDGE ( 'NONE', *, *, #126, .F. ) ;
#1806 = AXIS2_PLACEMENT_3D ( 'NONE', #550, #2794, #70 ) ;
#1807 = ORIENTED_EDGE ( 'NONE', *, *, #1932, .F. ) ;
#1808 = CARTESIAN_POINT ( 'NONE',  ( -21.39104773240869406, 27.33395166197680837, 1.000000000000000000 ) ) ;
#1809 = DIRECTION ( 'NONE',  ( -1.000000000000000000, -1.355252715606880789E-16, -0.000000000000000000 ) ) ;
#1810 = VECTOR ( 'NONE', #1811, 1000.000000000000000 ) ;
#1811 = DIRECTION ( 'NONE',  ( 1.000000000000000000, -2.308107271640239084E-16, 0.000000000000000000 ) ) ;
#1812 = LINE ( 'NONE', #1050, #2846 ) ;
#1813 = VECTOR ( 'NONE', #2139, 1000.000000000000000 ) ;
#1814 = PLANE ( 'NONE',  #1507 ) ;
#1815 = VERTEX_POINT ( 'NONE', #1027 ) ;
#1816 = CARTESIAN_POINT ( 'NONE',  ( 29.80535941072009010, 16.43395166197680979, -1.530000000000000027 ) ) ;
#1817 = AXIS2_PLACEMENT_3D ( 'NONE', #24, #770, #2510 ) ;
#1818 = DIRECTION ( 'NONE',  ( 1.000000000000000000, 1.388870244769555320E-16, -0.000000000000000000 ) ) ;
#1819 = AXIS2_PLACEMENT_3D ( 'NONE', #1935, #969, #699 ) ;
#1820 = ORIENTED_EDGE ( 'NONE', *, *, #1107, .T. ) ;
#1821 = ADVANCED_FACE ( 'NONE', ( #2994 ), #462, .F. ) ;
#1822 = FACE_OUTER_BOUND ( 'NONE', #933, .T. ) ;
#1823 = EDGE_LOOP ( 'NONE', ( #2093, #1720, #681, #480, #181 ) ) ;
#1824 = VERTEX_POINT ( 'NONE', #1756 ) ;
#1825 = CARTESIAN_POINT ( 'NONE',  ( 11.05895226759130878, 27.05735331470829763, -1.030000000000000027 ) ) ;
#1826 = LINE ( 'NONE', #1641, #84 ) ;
#1827 = CARTESIAN_POINT ( 'NONE',  ( -21.46934213867641361, -11.56604833802115984, -1.529999999999996696 ) ) ;
#1828 = DIRECTION ( 'NONE',  ( -1.355252715606880543E-16, 1.000000000000000000, 0.000000000000000000 ) ) ;
#1829 = DIRECTION ( 'NONE',  ( 1.000000000000000000, 0.000000000000000000, 2.109689130350252706E-17 ) ) ;
#1830 = VERTEX_POINT ( 'NONE', #1730 ) ;
#1831 = CARTESIAN_POINT ( 'NONE',  ( 30.30535941072009010, 14.43395166197680801, -1.029999999999999583 ) ) ;
#1832 = LINE ( 'NONE', #1315, #352 ) ;
#1833 = ORIENTED_EDGE ( 'NONE', *, *, #482, .F. ) ;
#1834 = DIRECTION ( 'NONE',  ( -0.000000000000000000, -0.000000000000000000, 1.000000000000000000 ) ) ;
#1835 = ORIENTED_EDGE ( 'NONE', *, *, #1245, .F. ) ;
#1836 = EDGE_CURVE ( 'NONE', #2372, #3165, #1612, .T. ) ;
#1837 = ORIENTED_EDGE ( 'NONE', *, *, #1898, .F. ) ;
#1838 = LINE ( 'NONE', #1320, #1504 ) ;
#1839 = DIRECTION ( 'NONE',  ( 1.711154700772302122E-32, -1.232047923278982199E-16, 1.000000000000000000 ) ) ;
#1840 = LINE ( 'NONE', #1601, #1902 ) ;
#1841 = CARTESIAN_POINT ( 'NONE',  ( 27.91805689611508967, 25.17005080010329721, -2.030000000000000249 ) ) ;
#1842 = EDGE_LOOP ( 'NONE', ( #2638, #1859, #407, #2850 ) ) ;
#1843 = CARTESIAN_POINT ( 'NONE',  ( -16.34767205943461832, 26.33395166197680837, 4.800000000000000711 ) ) ;
#1844 = CARTESIAN_POINT ( 'NONE',  ( 29.80535941072009010, -4.749999999999997335, 0.000000000000000000 ) ) ;
#1845 = ORIENTED_EDGE ( 'NONE', *, *, #1277, .F. ) ;
#1846 = DIRECTION ( 'NONE',  ( -0.000000000000000000, -0.000000000000000000, 1.000000000000000000 ) ) ;
#1847 = ORIENTED_EDGE ( 'NONE', *, *, #2022, .F. ) ;
#1848 = PLANE ( 'NONE',  #3217 ) ;
#1849 = ORIENTED_EDGE ( 'NONE', *, *, #704, .T. ) ;
#1850 = VERTEX_POINT ( 'NONE', #2685 ) ;
#1851 = EDGE_CURVE ( 'NONE', #2355, #2146, #207, .T. ) ;
#1852 = AXIS2_PLACEMENT_3D ( 'NONE', #315, #2301, #64 ) ;
#1853 = CARTESIAN_POINT ( 'NONE',  ( -16.19104773240868411, 23.43395166197680979, 0.000000000000000000 ) ) ;
#1854 = AXIS2_PLACEMENT_3D ( 'NONE', #572, #1771, #2554 ) ;
#1855 = CARTESIAN_POINT ( 'NONE',  ( 13.05895226759130878, 27.55735331470829763, -1.530000000000000027 ) ) ;
#1856 = EDGE_CURVE ( 'NONE', #1994, #3153, #2707, .T. ) ;
#1857 = VECTOR ( 'NONE', #1429, 1000.000000000000000 ) ;
#1858 = DIRECTION ( 'NONE',  ( 1.355252715606880543E-16, -1.000000000000000000, 0.000000000000000000 ) ) ;
#1859 = ORIENTED_EDGE ( 'NONE', *, *, #2095, .F. ) ;
#1860 = DIRECTION ( 'NONE',  ( 1.000000000000000000, 0.000000000000000000, 0.000000000000000000 ) ) ;
#1861 = VECTOR ( 'NONE', #1388, 1000.000000000000000 ) ;
#1862 = EDGE_CURVE ( 'NONE', #675, #69, #1714, .T. ) ;
#1863 = DIRECTION ( 'NONE',  ( 1.000000000000000000, 0.000000000000000000, 0.000000000000000000 ) ) ;
#1864 = ORIENTED_EDGE ( 'NONE', *, *, #1898, .T. ) ;
#1865 = DIRECTION ( 'NONE',  ( -1.000000000000000000, 0.000000000000000000, -0.000000000000000000 ) ) ;
#1866 = VECTOR ( 'NONE', #44, 1000.000000000000000 ) ;
#1867 = VECTOR ( 'NONE', #1829, 1000.000000000000000 ) ;
#1868 = ORIENTED_EDGE ( 'NONE', *, *, #1836, .F. ) ;
#1869 = CIRCLE ( 'NONE', #887, 0.5000000000000004441 ) ;
#1870 = EDGE_LOOP ( 'NONE', ( #283, #1111, #2424, #1541 ) ) ;
#1871 = ORIENTED_EDGE ( 'NONE', *, *, #2337, .F. ) ;
#1872 = ADVANCED_FACE ( 'NONE', ( #1984 ), #3231, .T. ) ;
#1873 = DIRECTION ( 'NONE',  ( 0.000000000000000000, 0.000000000000000000, -1.000000000000000000 ) ) ;
#1874 = CARTESIAN_POINT ( 'NONE',  ( -2.269342138677063581, 27.05735331470829408, -2.030000000000000249 ) ) ;
#1875 = ORIENTED_EDGE ( 'NONE', *, *, #1442, .F. ) ;
#1876 = DIRECTION ( 'NONE',  ( 1.000000000000000000, -4.007979640238702175E-16, 0.000000000000000000 ) ) ;
#1877 = VERTEX_POINT ( 'NONE', #1740 ) ;
#1878 = DIRECTION ( 'NONE',  ( -0.000000000000000000, 1.000000000000000000, -2.168404344971005170E-16 ) ) ;
#1879 = CARTESIAN_POINT ( 'NONE',  ( 30.30535941072009010, 16.43395166197680979, -1.530000000000000027 ) ) ;
#1880 = CYLINDRICAL_SURFACE ( 'NONE', #1927, 1.889999999999999236 ) ;
#1881 = ADVANCED_FACE ( 'NONE', ( #1456 ), #2450, .T. ) ;
#1882 = VERTEX_POINT ( 'NONE', #1718 ) ;
#1883 = EDGE_CURVE ( 'NONE', #1368, #1393, #478, .T. ) ;
#1884 = DIRECTION ( 'NONE',  ( 1.000000000000000000, -0.000000000000000000, -0.000000000000000000 ) ) ;
#1885 = CARTESIAN_POINT ( 'NONE',  ( 27.91535941072008953, -24.18604833802116261, -2.030000000000000249 ) ) ;
#1886 = ORIENTED_EDGE ( 'NONE', *, *, #1043, .F. ) ;
#1887 = ORIENTED_EDGE ( 'NONE', *, *, #211, .F. ) ;
#1888 = LINE ( 'NONE', #2147, #2228 ) ;
#1889 = EDGE_CURVE ( 'NONE', #3212, #2783, #3047, .T. ) ;
#1890 = EDGE_LOOP ( 'NONE', ( #2433, #1210, #3191, #1144 ) ) ;
#1891 = VERTEX_POINT ( 'NONE', #1568 ) ;
#1892 = CARTESIAN_POINT ( 'NONE',  ( -21.39104773240869406, 27.33395166197680837, 1.000000000000000000 ) ) ;
#1893 = ORIENTED_EDGE ( 'NONE', *, *, #1194, .F. ) ;
#1894 = CYLINDRICAL_SURFACE ( 'NONE', #3166, 1.000000000000000000 ) ;
#1895 = ORIENTED_EDGE ( 'NONE', *, *, #1426, .F. ) ;
#1896 = DIRECTION ( 'NONE',  ( -1.000000000000000000, -1.355252715606880789E-16, -0.000000000000000000 ) ) ;
#1897 = FACE_BOUND ( 'NONE', #643, .T. ) ;
#1898 = EDGE_CURVE ( 'NONE', #500, #1921, #1338, .T. ) ;
#1899 = ORIENTED_EDGE ( 'NONE', *, *, #2669, .T. ) ;
#1900 = DIRECTION ( 'NONE',  ( -0.000000000000000000, -1.000000000000000000, -0.000000000000000000 ) ) ;
#1901 = DIRECTION ( 'NONE',  ( 0.000000000000000000, 0.000000000000000000, 1.000000000000000000 ) ) ;
#1902 = VECTOR ( 'NONE', #2591, 1000.000000000000000 ) ;
#1903 = EDGE_CURVE ( 'NONE', #1199, #2155, #2543, .T. ) ;
#1904 = VERTEX_POINT ( 'NONE', #1305 ) ;
#1905 = EDGE_LOOP ( 'NONE', ( #2517, #2620, #1989, #2293 ) ) ;
#1906 = CARTESIAN_POINT ( 'NONE',  ( 7.558952267591317664, -21.16604833802115948, 0.000000000000000000 ) ) ;
#1907 = VERTEX_POINT ( 'NONE', #96 ) ;
#1908 = LINE ( 'NONE', #2134, #2211 ) ;
#1909 = AXIS2_PLACEMENT_3D ( 'NONE', #1287, #1775, #292 ) ;
#1910 = EDGE_LOOP ( 'NONE', ( #3184, #388, #978, #1370, #2079, #1982, #3044, #3004 ) ) ;
#1911 = FACE_OUTER_BOUND ( 'NONE', #190, .T. ) ;
#1912 = VECTOR ( 'NONE', #2394, 1000.000000000000000 ) ;
#1913 = EDGE_LOOP ( 'NONE', ( #2191, #2563, #1648, #2883 ) ) ;
#1914 = DIRECTION ( 'NONE',  ( -0.000000000000000000, -0.000000000000000000, -1.000000000000000000 ) ) ;
#1915 = VECTOR ( 'NONE', #1124, 1000.000000000000000 ) ;
#1916 = EDGE_CURVE ( 'NONE', #2207, #1178, #112, .T. ) ;
#1917 = DIRECTION ( 'NONE',  ( 1.000000000000000000, 1.388870244769555320E-16, -0.000000000000000000 ) ) ;
#1918 = FACE_OUTER_BOUND ( 'NONE', #1870, .T. ) ;
#1919 = VECTOR ( 'NONE', #1675, 1000.000000000000000 ) ;
#1920 = VECTOR ( 'NONE', #2536, 1000.000000000000000 ) ;
#1921 = VERTEX_POINT ( 'NONE', #542 ) ;
#1922 = EDGE_CURVE ( 'NONE', #3183, #1151, #2300, .T. ) ;
#1923 = EDGE_CURVE ( 'NONE', #1921, #184, #2649, .T. ) ;
#1924 = DIRECTION ( 'NONE',  ( 0.000000000000000000, -0.000000000000000000, 1.000000000000000000 ) ) ;
#1925 = CARTESIAN_POINT ( 'NONE',  ( 29.80535941072009010, 14.43395166197680801, -1.529999999999999805 ) ) ;
#1926 = CIRCLE ( 'NONE', #2440, 0.5000000000000004441 ) ;
#1927 = AXIS2_PLACEMENT_3D ( 'NONE', #423, #157, #1431 ) ;
#1928 = ORIENTED_EDGE ( 'NONE', *, *, #2031, .F. ) ;
#1929 = VERTEX_POINT ( 'NONE', #2557 ) ;
#1930 = CYLINDRICAL_SURFACE ( 'NONE', #2997, 0.5000000000000004441 ) ;
#1931 = ORIENTED_EDGE ( 'NONE', *, *, #3164, .T. ) ;
#1932 = EDGE_CURVE ( 'NONE', #500, #1157, #256, .T. ) ;
#1933 = LINE ( 'NONE', #187, #1919 ) ;
#1934 = FACE_BOUND ( 'NONE', #2621, .T. ) ;
#1935 = CARTESIAN_POINT ( 'NONE',  ( 26.49762740218612223, 27.33395166197681547, 3.799999999999999822 ) ) ;
#1936 = ORIENTED_EDGE ( 'NONE', *, *, #1695, .F. ) ;
#1937 = DIRECTION ( 'NONE',  ( 1.000000000000000000, -0.000000000000000000, -0.000000000000000000 ) ) ;
#1938 = DIRECTION ( 'NONE',  ( 1.000000000000000000, 1.508455196501571429E-16, 0.000000000000000000 ) ) ;
#1939 = EDGE_CURVE ( 'NONE', #2852, #200, #327, .T. ) ;
#1940 = ADVANCED_FACE ( 'NONE', ( #3083 ), #576, .T. ) ;
#1941 = ORIENTED_EDGE ( 'NONE', *, *, #1019, .T. ) ;
#1942 = VERTEX_POINT ( 'NONE', #2312 ) ;
#1943 = CYLINDRICAL_SURFACE ( 'NONE', #1392, 1.889999999999999236 ) ;
#1944 = VERTEX_POINT ( 'NONE', #1598 ) ;
#1945 = DIRECTION ( 'NONE',  ( 0.000000000000000000, -0.000000000000000000, -1.000000000000000000 ) ) ;
#1946 = EDGE_CURVE ( 'NONE', #3106, #72, #1838, .T. ) ;
#1947 = LINE ( 'NONE', #2173, #3005 ) ;
#1948 = DIRECTION ( 'NONE',  ( 0.000000000000000000, -1.000000000000000000, 1.084202172485504434E-16 ) ) ;
#1949 = ORIENTED_EDGE ( 'NONE', *, *, #1786, .F. ) ;
#1950 = VERTEX_POINT ( 'NONE', #1076 ) ;
#1951 = DIRECTION ( 'NONE',  ( -9.583083854271154307E-17, 0.7071067811865523467, -0.7071067811865426878 ) ) ;
#1952 = CARTESIAN_POINT ( 'NONE',  ( -9.491047732408681270, -21.26604833802320016, 0.000000000000000000 ) ) ;
#1953 = VERTEX_POINT ( 'NONE', #340 ) ;
#1954 = ADVANCED_FACE ( 'NONE', ( #2063 ), #1047, .F. ) ;
#1955 = DIRECTION ( 'NONE',  ( 4.007979640238702175E-16, 1.000000000000000000, 0.000000000000000000 ) ) ;
#1956 = LINE ( 'NONE', #2724, #618 ) ;
#1957 = DIRECTION ( 'NONE',  ( -0.000000000000000000, -0.000000000000000000, -1.000000000000000000 ) ) ;
#1958 = ORIENTED_EDGE ( 'NONE', *, *, #609, .F. ) ;
#1959 = LINE ( 'NONE', #2956, #827 ) ;
#1960 = CARTESIAN_POINT ( 'NONE',  ( -20.77140111689214663, -25.56604833802116161, 3.299999999999999822 ) ) ;
#1961 = VECTOR ( 'NONE', #1270, 1000.000000000000000 ) ;
#1962 = CARTESIAN_POINT ( 'NONE',  ( 28.60535941072009436, 25.17005080010329721, -2.030000000000000249 ) ) ;
#1963 = ORIENTED_EDGE ( 'NONE', *, *, #1452, .F. ) ;
#1964 = LINE ( 'NONE', #1128, #2281 ) ;
#1965 = ORIENTED_EDGE ( 'NONE', *, *, #522, .F. ) ;
#1966 = VECTOR ( 'NONE', #660, 1000.000000000000000 ) ;
#1967 = DIRECTION ( 'NONE',  ( 0.000000000000000000, -0.000000000000000000, 1.000000000000000000 ) ) ;
#1968 = VECTOR ( 'NONE', #1638, 1000.000000000000000 ) ;
#1969 = AXIS2_PLACEMENT_3D ( 'NONE', #2264, #246, #1242 ) ;
#1970 = ORIENTED_EDGE ( 'NONE', *, *, #2772, .T. ) ;
#1971 = EDGE_CURVE ( 'NONE', #863, #2879, #2819, .T. ) ;
#1972 = CARTESIAN_POINT ( 'NONE',  ( -19.58203962407140253, 25.85735331470830545, -2.030000000000000249 ) ) ;
#1973 = AXIS2_PLACEMENT_3D ( 'NONE', #557, #789, #1774 ) ;
#1974 = CARTESIAN_POINT ( 'NONE',  ( -21.39104773240869406, 27.33395166197680837, 1.000000000000000000 ) ) ;
#1975 = CARTESIAN_POINT ( 'NONE',  ( -21.96934213867641361, 16.43395166197681334, -1.030000000000000027 ) ) ;
#1976 = CARTESIAN_POINT ( 'NONE',  ( -21.96934213867641361, -11.56604833802115984, -1.529999999999996696 ) ) ;
#1977 = DIRECTION ( 'NONE',  ( 0.000000000000000000, -1.000000000000000000, 0.000000000000000000 ) ) ;
#1978 = DIRECTION ( 'NONE',  ( 1.000000000000000000, 0.000000000000000000, 0.000000000000000000 ) ) ;
#1979 = ORIENTED_EDGE ( 'NONE', *, *, #1314, .F. ) ;
#1980 = DIRECTION ( 'NONE',  ( -0.000000000000000000, -0.000000000000000000, 1.000000000000000000 ) ) ;
#1981 = EDGE_LOOP ( 'NONE', ( #2766, #1197, #900, #177 ) ) ;
#1982 = ORIENTED_EDGE ( 'NONE', *, *, #1122, .T. ) ;
#1983 = PLANE ( 'NONE',  #2067 ) ;
#1984 = FACE_OUTER_BOUND ( 'NONE', #533, .T. ) ;
#1985 = FACE_OUTER_BOUND ( 'NONE', #1160, .T. ) ;
#1986 = DIRECTION ( 'NONE',  ( 1.000000000000000000, 0.000000000000000000, -0.000000000000000000 ) ) ;
#1987 = CARTESIAN_POINT ( 'NONE',  ( -21.46934213867641361, -11.56604833802115984, -1.529999999999996696 ) ) ;
#1988 = CARTESIAN_POINT ( 'NONE',  ( 7.558952267591317664, -21.16604833802115948, 3.299999999999999822 ) ) ;
#1989 = ORIENTED_EDGE ( 'NONE', *, *, #3174, .F. ) ;
#1990 = CARTESIAN_POINT ( 'NONE',  ( 29.80535941072009010, -15.74999999999999289, -2.030000000000000249 ) ) ;
#1991 = ADVANCED_FACE ( 'NONE', ( #1360 ), #3014, .F. ) ;
#1992 = ORIENTED_EDGE ( 'NONE', *, *, #2040, .F. ) ;
#1993 = DIRECTION ( 'NONE',  ( -1.000000000000000000, -1.355252715606880543E-16, 0.000000000000000000 ) ) ;
#1994 = VERTEX_POINT ( 'NONE', #2770 ) ;
#1995 = EDGE_CURVE ( 'NONE', #1653, #2470, #2526, .T. ) ;
#1996 = FACE_OUTER_BOUND ( 'NONE', #1618, .T. ) ;
#1997 = CARTESIAN_POINT ( 'NONE',  ( 22.60895226759131305, -20.06604833802116161, 0.000000000000000000 ) ) ;
#1998 = DIRECTION ( 'NONE',  ( -1.355252715606880296E-16, 1.000000000000000000, 0.000000000000000000 ) ) ;
#1999 = CARTESIAN_POINT ( 'NONE',  ( 20.00895226759132228, -20.06604833802116161, 0.000000000000000000 ) ) ;
#2000 = VECTOR ( 'NONE', #2640, 1000.000000000000000 ) ;
#2001 = LINE ( 'NONE', #495, #3177 ) ;
#2002 = CARTESIAN_POINT ( 'NONE',  ( 5.805359410720100755, 27.05735331470829763, -2.030000000000000249 ) ) ;
#2003 = VERTEX_POINT ( 'NONE', #3030 ) ;
#2004 = EDGE_CURVE ( 'NONE', #524, #333, #803, .T. ) ;
#2005 = VECTOR ( 'NONE', #839, 1000.000000000000000 ) ;
#2006 = CARTESIAN_POINT ( 'NONE',  ( 29.80535941072009010, -22.29604833802116204, 0.000000000000000000 ) ) ;
#2007 = ORIENTED_EDGE ( 'NONE', *, *, #512, .T. ) ;
#2008 = VECTOR ( 'NONE', #1901, 1000.000000000000000 ) ;
#2009 = EDGE_CURVE ( 'NONE', #524, #1466, #1138, .T. ) ;
#2010 = VECTOR ( 'NONE', #1259, 1000.000000000000000 ) ;
#2011 = CARTESIAN_POINT ( 'NONE',  ( -15.79104773240869797, 27.33395166197680837, 5.299999999999999822 ) ) ;
#2012 = ORIENTED_EDGE ( 'NONE', *, *, #1621, .T. ) ;
#2013 = VECTOR ( 'NONE', #1350, 1000.000000000000000 ) ;
#2014 = DIRECTION ( 'NONE',  ( -1.355252715606880543E-16, 1.000000000000000000, -0.000000000000000000 ) ) ;
#2015 = CARTESIAN_POINT ( 'NONE',  ( -16.34767205943461832, 27.33395166197680837, 5.299999999999998934 ) ) ;
#2016 = VECTOR ( 'NONE', #2755, 1000.000000000000000 ) ;
#2017 = PLANE ( 'NONE',  #136 ) ;
#2018 = DIRECTION ( 'NONE',  ( 0.000000000000000000, 0.000000000000000000, 1.000000000000000000 ) ) ;
#2019 = DIRECTION ( 'NONE',  ( -1.000000000000000000, 0.000000000000000000, -0.000000000000000000 ) ) ;
#2020 = VECTOR ( 'NONE', #2120, 1000.000000000000000 ) ;
#2021 = CARTESIAN_POINT ( 'NONE',  ( 24.20895226759130381, 27.33395166197681547, 5.299999999999999822 ) ) ;
#2022 = EDGE_CURVE ( 'NONE', #194, #2670, #2174, .T. ) ;
#2023 = CARTESIAN_POINT ( 'NONE',  ( -18.07972286700348974, 28.43395166197680979, 3.299999999999999822 ) ) ;
#2024 = CIRCLE ( 'NONE', #1042, 0.5000000000000004441 ) ;
#2025 = ORIENTED_EDGE ( 'NONE', *, *, #2835, .T. ) ;
#2026 = DIRECTION ( 'NONE',  ( 0.000000000000000000, 1.000000000000000000, -2.168404344971005170E-16 ) ) ;
#2027 = LINE ( 'NONE', #1236, #830 ) ;
#2028 = EDGE_LOOP ( 'NONE', ( #1630, #1438, #115, #1522 ) ) ;
#2029 = ADVANCED_FACE ( 'NONE', ( #2356, #1918 ), #647, .F. ) ;
#2030 = DIRECTION ( 'NONE',  ( 9.583083854271021187E-17, -0.7071067811865425767, -0.7071067811865524577 ) ) ;
#2031 = EDGE_CURVE ( 'NONE', #3202, #745, #2664, .T. ) ;
#2032 = ORIENTED_EDGE ( 'NONE', *, *, #1862, .F. ) ;
#2033 = VERTEX_POINT ( 'NONE', #875 ) ;
#2034 = DIRECTION ( 'NONE',  ( 1.000000000000000000, 0.000000000000000000, 0.000000000000000000 ) ) ;
#2035 = LINE ( 'NONE', #1258, #2376 ) ;
#2036 = LINE ( 'NONE', #1827, #3061 ) ;
#2037 = LINE ( 'NONE', #1065, #197 ) ;
#2038 = CARTESIAN_POINT ( 'NONE',  ( 29.80535941072009010, 16.43395166197681334, -1.030000000000000027 ) ) ;
#2039 = CARTESIAN_POINT ( 'NONE',  ( -2.269342138677063581, 25.85735331470829834, 0.000000000000000000 ) ) ;
#2040 = EDGE_CURVE ( 'NONE', #2352, #1579, #421, .T. ) ;
#2041 = ORIENTED_EDGE ( 'NONE', *, *, #2499, .F. ) ;
#2042 = DIRECTION ( 'NONE',  ( 1.000000000000000000, 0.000000000000000000, 0.000000000000000000 ) ) ;
#2043 = DIRECTION ( 'NONE',  ( 0.000000000000000000, 0.000000000000000000, 1.000000000000000000 ) ) ;
#2044 = ORIENTED_EDGE ( 'NONE', *, *, #1699, .T. ) ;
#2045 = DIRECTION ( 'NONE',  ( 1.000000000000000000, 0.000000000000000000, 0.000000000000000000 ) ) ;
#2046 = VERTEX_POINT ( 'NONE', #1171 ) ;
#2047 = VERTEX_POINT ( 'NONE', #2912 ) ;
#2048 = DIRECTION ( 'NONE',  ( 0.000000000000000000, 0.000000000000000000, 1.000000000000000000 ) ) ;
#2049 = FACE_OUTER_BOUND ( 'NONE', #1784, .T. ) ;
#2050 = FACE_OUTER_BOUND ( 'NONE', #517, .T. ) ;
#2051 = DIRECTION ( 'NONE',  ( 1.000000000000000000, 0.000000000000000000, 0.000000000000000000 ) ) ;
#2052 = ADVANCED_FACE ( 'NONE', ( #1897, #3125, #2894, #1398 ), #663, .F. ) ;
#2053 = CARTESIAN_POINT ( 'NONE',  ( 31.20895226759130736, 26.41430504646028155, 3.299999999999999822 ) ) ;
#2054 = VERTEX_POINT ( 'NONE', #401 ) ;
#2055 = LINE ( 'NONE', #566, #768 ) ;
#2056 = LINE ( 'NONE', #828, #306 ) ;
#2057 = VERTEX_POINT ( 'NONE', #119 ) ;
#2058 = VECTOR ( 'NONE', #589, 1000.000000000000000 ) ;
#2059 = PLANE ( 'NONE',  #328 ) ;
#2060 = VERTEX_POINT ( 'NONE', #685 ) ;
#2061 = AXIS2_PLACEMENT_3D ( 'NONE', #406, #862, #387 ) ;
#2062 = ORIENTED_EDGE ( 'NONE', *, *, #1763, .F. ) ;
#2063 = FACE_OUTER_BOUND ( 'NONE', #2628, .T. ) ;
#2064 = DIRECTION ( 'NONE',  ( 0.000000000000000000, 1.000000000000000000, 0.000000000000000000 ) ) ;
#2065 = VECTOR ( 'NONE', #398, 1000.000000000000000 ) ;
#2066 = DIRECTION ( 'NONE',  ( 1.000000000000000000, 7.304913682519391717E-17, 0.000000000000000000 ) ) ;
#2067 = AXIS2_PLACEMENT_3D ( 'NONE', #2282, #1530, #23 ) ;
#2068 = CARTESIAN_POINT ( 'NONE',  ( 29.80535941072009010, -4.749999999999997335, -2.030000000000000249 ) ) ;
#2069 = DIRECTION ( 'NONE',  ( 1.000000000000000000, 0.000000000000000000, 0.000000000000000000 ) ) ;
#2070 = ORIENTED_EDGE ( 'NONE', *, *, #1971, .T. ) ;
#2071 = CARTESIAN_POINT ( 'NONE',  ( 13.05895226759131056, -24.68604833802116261, -1.030000000000000027 ) ) ;
#2072 = AXIS2_PLACEMENT_3D ( 'NONE', #2477, #276, #1472 ) ;
#2073 = CARTESIAN_POINT ( 'NONE',  ( 11.05895226759130878, 27.55735331470829763, -1.530000000000000027 ) ) ;
#2074 = AXIS2_PLACEMENT_3D ( 'NONE', #452, #1219, #1204 ) ;
#2075 = ORIENTED_EDGE ( 'NONE', *, *, #668, .T. ) ;
#2076 = ADVANCED_FACE ( 'NONE', ( #1417 ), #369, .F. ) ;
#2077 = LINE ( 'NONE', #1885, #1081 ) ;
#2078 = ORIENTED_EDGE ( 'NONE', *, *, #2421, .T. ) ;
#2079 = ORIENTED_EDGE ( 'NONE', *, *, #1057, .T. ) ;
#2080 = DIRECTION ( 'NONE',  ( 1.000000000000000000, 0.000000000000000000, 0.000000000000000000 ) ) ;
#2081 = DIRECTION ( 'NONE',  ( 0.000000000000000000, -1.000000000000000000, -1.232047923278982199E-16 ) ) ;
#2082 = LINE ( 'NONE', #2068, #346 ) ;
#2083 = PLANE ( 'NONE',  #2863 ) ;
#2084 = VERTEX_POINT ( 'NONE', #439 ) ;
#2085 = LINE ( 'NONE', #2577, #2222 ) ;
#2086 = CARTESIAN_POINT ( 'NONE',  ( -16.34767205943462542, 72.47938275306727007, 4.800000000000000711 ) ) ;
#2087 = ORIENTED_EDGE ( 'NONE', *, *, #1903, .T. ) ;
#2088 = ADVANCED_FACE ( 'NONE', ( #924 ), #1880, .T. ) ;
#2089 = VERTEX_POINT ( 'NONE', #2878 ) ;
#2090 =( LENGTH_UNIT ( ) NAMED_UNIT ( * ) SI_UNIT ( .MILLI., .METRE. ) );
#2091 = ORIENTED_EDGE ( 'NONE', *, *, #183, .T. ) ;
#2092 = EDGE_CURVE ( 'NONE', #1579, #2508, #2390, .T. ) ;
#2093 = ORIENTED_EDGE ( 'NONE', *, *, #2275, .T. ) ;
#2094 = CARTESIAN_POINT ( 'NONE',  ( 0.000000000000000000, 0.000000000000000000, 1.000000000000000000 ) ) ;
#2095 = EDGE_CURVE ( 'NONE', #1579, #2352, #833, .T. ) ;
#2096 = CARTESIAN_POINT ( 'NONE',  ( 11.05895226759131056, -24.68604833802116261, -1.530000000000000027 ) ) ;
#2097 = FACE_OUTER_BOUND ( 'NONE', #3091, .T. ) ;
#2098 = ORIENTED_EDGE ( 'NONE', *, *, #1426, .T. ) ;
#2099 = LINE ( 'NONE', #3137, #2585 ) ;
#2100 = PLANE ( 'NONE',  #2117 ) ;
#2101 = ORIENTED_EDGE ( 'NONE', *, *, #2244, .T. ) ;
#2102 = CARTESIAN_POINT ( 'NONE',  ( -21.96934213867641361, -11.56604833802115984, -1.029999999999996696 ) ) ;
#2103 = ADVANCED_FACE ( 'NONE', ( #193 ), #1185, .T. ) ;
#2104 = ORIENTED_EDGE ( 'NONE', *, *, #950, .T. ) ;
#2105 = CARTESIAN_POINT ( 'NONE',  ( -21.39104773240869406, 27.33395166197680837, 3.299999999999999822 ) ) ;
#2106 = ORIENTED_EDGE ( 'NONE', *, *, #1883, .F. ) ;
#2107 = ORIENTED_EDGE ( 'NONE', *, *, #370, .F. ) ;
#2108 = VECTOR ( 'NONE', #78, 1000.000000000000000 ) ;
#2109 = LINE ( 'NONE', #2717, #614 ) ;
#2110 = VECTOR ( 'NONE', #1681, 1000.000000000000000 ) ;
#2111 = LINE ( 'NONE', #2623, #1017 ) ;
#2112 = EDGE_CURVE ( 'NONE', #69, #500, #2866, .T. ) ;
#2113 = AXIS2_PLACEMENT_3D ( 'NONE', #3017, #26, #279 ) ;
#2114 = CARTESIAN_POINT ( 'NONE',  ( 29.18930565207476846, 28.43395166197680979, 3.299999999999999822 ) ) ;
#2115 = ORIENTED_EDGE ( 'NONE', *, *, #735, .T. ) ;
#2116 = CARTESIAN_POINT ( 'NONE',  ( 31.20895226759131091, -4.749999999999995559, 0.4400000000000003353 ) ) ;
#2117 = AXIS2_PLACEMENT_3D ( 'NONE', #1879, #610, #844 ) ;
#2118 = EDGE_CURVE ( 'NONE', #635, #1083, #1627, .T. ) ;
#2119 = CARTESIAN_POINT ( 'NONE',  ( 21.20895226759131447, -4.749999999999997335, 0.4400000000000003353 ) ) ;
#2120 = DIRECTION ( 'NONE',  ( 1.000000000000000000, -0.000000000000000000, -0.000000000000000000 ) ) ;
#2121 = AXIS2_PLACEMENT_3D ( 'NONE', #1000, #2238, #13 ) ;
#2122 = EDGE_CURVE ( 'NONE', #371, #2366, #1658, .T. ) ;
#2123 = VECTOR ( 'NONE', #267, 1000.000000000000000 ) ;
#2124 = ORIENTED_EDGE ( 'NONE', *, *, #2551, .T. ) ;
#2125 = EDGE_CURVE ( 'NONE', #1262, #2130, #2744, .T. ) ;
#2126 = CARTESIAN_POINT ( 'NONE',  ( 29.80535941072009010, 14.43395166197680979, -1.029999999999999583 ) ) ;
#2127 = CARTESIAN_POINT ( 'NONE',  ( -16.80955227478631642, 26.33395166197680837, 5.000000000000006217 ) ) ;
#2128 = VECTOR ( 'NONE', #1346, 1000.000000000000000 ) ;
#2129 = VERTEX_POINT ( 'NONE', #1463 ) ;
#2130 = VERTEX_POINT ( 'NONE', #2927 ) ;
#2131 = DIRECTION ( 'NONE',  ( 1.000000000000000000, 1.388870244769555320E-16, -0.000000000000000000 ) ) ;
#2132 = EDGE_CURVE ( 'NONE', #2054, #72, #954, .T. ) ;
#2133 = EDGE_LOOP ( 'NONE', ( #2605, #3186, #2902, #2731 ) ) ;
#2134 = CARTESIAN_POINT ( 'NONE',  ( 0.000000000000000000, 23.43395166197680979, 1.000000000000000000 ) ) ;
#2135 = ORIENTED_EDGE ( 'NONE', *, *, #1221, .F. ) ;
#2136 = LINE ( 'NONE', #2858, #473 ) ;
#2137 = ORIENTED_EDGE ( 'NONE', *, *, #1666, .T. ) ;
#2138 = CARTESIAN_POINT ( 'NONE',  ( -21.96934213867641361, 16.43395166197681334, -1.030000000000000027 ) ) ;
#2139 = DIRECTION ( 'NONE',  ( -0.000000000000000000, -0.000000000000000000, -1.000000000000000000 ) ) ;
#2140 = EDGE_CURVE ( 'NONE', #1891, #615, #3071, .T. ) ;
#2141 = DIRECTION ( 'NONE',  ( 1.000000000000000000, 0.000000000000000000, 0.000000000000000000 ) ) ;
#2142 = VERTEX_POINT ( 'NONE', #516 ) ;
#2143 = DIRECTION ( 'NONE',  ( 0.3779644730092233673, 0.6546536707079828599, -0.6546536707079737560 ) ) ;
#2144 = CARTESIAN_POINT ( 'NONE',  ( 26.49762740218610801, 27.33395166197681547, 3.299999999999999822 ) ) ;
#2145 = EDGE_LOOP ( 'NONE', ( #2936, #2170, #1036, #3011 ) ) ;
#2146 = VERTEX_POINT ( 'NONE', #2438 ) ;
#2147 = CARTESIAN_POINT ( 'NONE',  ( -22.79104773240868198, 26.41430504646028155, 0.000000000000000000 ) ) ;
#2148 = EDGE_LOOP ( 'NONE', ( #2617, #3168, #1125, #146, #338, #62, #2599, #1180 ) ) ;
#2149 = LINE ( 'NONE', #3167, #76 ) ;
#2150 = ORIENTED_EDGE ( 'NONE', *, *, #415, .F. ) ;
#2151 = DIRECTION ( 'NONE',  ( 1.355252715606880543E-16, -1.000000000000000000, 0.000000000000000000 ) ) ;
#2152 = ORIENTED_EDGE ( 'NONE', *, *, #2252, .F. ) ;
#2153 = DIRECTION ( 'NONE',  ( -0.000000000000000000, 0.000000000000000000, -1.000000000000000000 ) ) ;
#2154 = EDGE_CURVE ( 'NONE', #2142, #2852, #252, .T. ) ;
#2155 = VERTEX_POINT ( 'NONE', #497 ) ;
#2156 = ADVANCED_FACE ( 'NONE', ( #2676 ), #1734, .T. ) ;
#2157 = CARTESIAN_POINT ( 'NONE',  ( 24.76557659461724370, 26.33395166197681547, 5.299999999999999822 ) ) ;
#2158 = DIRECTION ( 'NONE',  ( -1.000000000000000000, 0.000000000000000000, 0.000000000000000000 ) ) ;
#2159 = ORIENTED_EDGE ( 'NONE', *, *, #537, .F. ) ;
#2160 = CARTESIAN_POINT ( 'NONE',  ( 26.06461470029389815, 28.43395166197680979, 3.550000000000001155 ) ) ;
#2161 = DIRECTION ( 'NONE',  ( -0.000000000000000000, -0.000000000000000000, 1.000000000000000000 ) ) ;
#2162 = VECTOR ( 'NONE', #2824, 1000.000000000000000 ) ;
#2163 = EDGE_CURVE ( 'NONE', #615, #2899, #1506, .T. ) ;
#2164 = ORIENTED_EDGE ( 'NONE', *, *, #2125, .F. ) ;
#2165 = CARTESIAN_POINT ( 'NONE',  ( 5.805359410720100755, 25.85735331470829834, 0.000000000000000000 ) ) ;
#2166 = VECTOR ( 'NONE', #1951, 1000.000000000000000 ) ;
#2167 = ORIENTED_EDGE ( 'NONE', *, *, #3079, .T. ) ;
#2168 = CARTESIAN_POINT ( 'NONE',  ( 24.76557659461723659, 72.47938275306728428, 5.299999999999999822 ) ) ;
#2169 = VECTOR ( 'NONE', #843, 1000.000000000000000 ) ;
#2170 = ORIENTED_EDGE ( 'NONE', *, *, #174, .F. ) ;
#2171 = LINE ( 'NONE', #1687, #409 ) ;
#2172 = VECTOR ( 'NONE', #1215, 1000.000000000000000 ) ;
#2173 = CARTESIAN_POINT ( 'NONE',  ( 28.60535941072009436, -21.09632204341422224, 0.000000000000000000 ) ) ;
#2174 = LINE ( 'NONE', #385, #2020 ) ;
#2175 = VECTOR ( 'NONE', #1252, 1000.000000000000000 ) ;
#2176 = VECTOR ( 'NONE', #1488, 1000.000000000000000 ) ;
#2177 = EDGE_CURVE ( 'NONE', #1824, #18, #1613, .T. ) ;
#2178 = EDGE_LOOP ( 'NONE', ( #3133, #1559, #593, #2968 ) ) ;
#2179 = LINE ( 'NONE', #2896, #2058 ) ;
#2180 = DIRECTION ( 'NONE',  ( 1.000000000000000000, 0.000000000000000000, 0.000000000000000000 ) ) ;
#2181 = VECTOR ( 'NONE', #777, 1000.000000000000114 ) ;
#2182 = VECTOR ( 'NONE', #2713, 1000.000000000000000 ) ;
#2183 = EDGE_CURVE ( 'NONE', #2508, #288, #362, .T. ) ;
#2184 = VERTEX_POINT ( 'NONE', #2190 ) ;
#2185 = EDGE_LOOP ( 'NONE', ( #2595, #725, #21, #230 ) ) ;
#2186 = LINE ( 'NONE', #3185, #1704 ) ;
#2187 = EDGE_LOOP ( 'NONE', ( #1327, #2298, #386, #2484, #2414, #95, #428 ) ) ;
#2188 = DIRECTION ( 'NONE',  ( -0.000000000000000000, -0.000000000000000000, 1.000000000000000000 ) ) ;
#2189 = CARTESIAN_POINT ( 'NONE',  ( -21.96934213867641361, 14.43395166197680801, -1.029999999999999583 ) ) ;
#2190 = CARTESIAN_POINT ( 'NONE',  ( 19.50895226759131518, -21.56604833802116161, 3.299999999999999822 ) ) ;
#2191 = ORIENTED_EDGE ( 'NONE', *, *, #242, .T. ) ;
#2192 = ORIENTED_EDGE ( 'NONE', *, *, #2490, .F. ) ;
#2193 = EDGE_CURVE ( 'NONE', #2221, #1492, #758, .T. ) ;
#2194 = DIRECTION ( 'NONE',  ( 1.000000000000000000, 0.000000000000000000, 0.000000000000000000 ) ) ;
#2195 = CARTESIAN_POINT ( 'NONE',  ( -8.491047732408681270, -21.26604833802320016, 3.299999999999999822 ) ) ;
#2196 = VECTOR ( 'NONE', #2014, 1000.000000000000000 ) ;
#2197 = VERTEX_POINT ( 'NONE', #2974 ) ;
#2198 = ORIENTED_EDGE ( 'NONE', *, *, #1329, .F. ) ;
#2199 = CARTESIAN_POINT ( 'NONE',  ( 21.20895226759131447, -4.749999999999997335, 0.4400000000000003353 ) ) ;
#2200 = CARTESIAN_POINT ( 'NONE',  ( -17.09822740938113128, 26.83395166197682258, 4.500000000000000000 ) ) ;
#2201 = ORIENTED_EDGE ( 'NONE', *, *, #425, .T. ) ;
#2202 = CARTESIAN_POINT ( 'NONE',  ( 26.71535941072009024, -22.98632204341422280, -2.030000000000000249 ) ) ;
#2203 = FACE_OUTER_BOUND ( 'NONE', #1385, .T. ) ;
#2204 = DIRECTION ( 'NONE',  ( 0.000000000000000000, 0.000000000000000000, 1.000000000000000000 ) ) ;
#2205 = ORIENTED_EDGE ( 'NONE', *, *, #2962, .T. ) ;
#2206 = LINE ( 'NONE', #3208, #3173 ) ;
#2207 = VERTEX_POINT ( 'NONE', #1962 ) ;
#2208 = ADVANCED_FACE ( 'NONE', ( #1261 ), #3176, .F. ) ;
#2209 = CARTESIAN_POINT ( 'NONE',  ( 5.805359410720100755, 25.85735331470829834, -2.030000000000000249 ) ) ;
#2210 = ORIENTED_EDGE ( 'NONE', *, *, #34, .T. ) ;
#2211 = VECTOR ( 'NONE', #677, 1000.000000000000000 ) ;
#2212 = FACE_OUTER_BOUND ( 'NONE', #2133, .T. ) ;
#2213 = DIRECTION ( 'NONE',  ( 1.508455196501571429E-16, -1.000000000000000000, 0.000000000000000000 ) ) ;
#2214 = CARTESIAN_POINT ( 'NONE',  ( 22.60895226759131305, -20.06604833802116161, 3.299999999999999822 ) ) ;
#2215 = ORIENTED_EDGE ( 'NONE', *, *, #2682, .T. ) ;
#2216 = DIRECTION ( 'NONE',  ( 0.000000000000000000, -1.000000000000000000, 1.084202172485504434E-16 ) ) ;
#2217 = EDGE_CURVE ( 'NONE', #2869, #1595, #2456, .T. ) ;
#2218 = CARTESIAN_POINT ( 'NONE',  ( -7.491047732408680382, -21.26604833802320016, 0.000000000000000000 ) ) ;
#2219 = VECTOR ( 'NONE', #2451, 1000.000000000000000 ) ;
#2220 = DIRECTION ( 'NONE',  ( 1.000000000000000000, 0.000000000000000000, 0.000000000000000000 ) ) ;
#2221 = VERTEX_POINT ( 'NONE', #941 ) ;
#2222 = VECTOR ( 'NONE', #2533, 1000.000000000000000 ) ;
#2223 = EDGE_CURVE ( 'NONE', #368, #1815, #730, .T. ) ;
#2224 = LINE ( 'NONE', #1525, #1193 ) ;
#2225 = ORIENTED_EDGE ( 'NONE', *, *, #81, .T. ) ;
#2226 = AXIS2_PLACEMENT_3D ( 'NONE', #2335, #1560, #2550 ) ;
#2227 = EDGE_CURVE ( 'NONE', #2975, #3193, #2392, .T. ) ;
#2228 = VECTOR ( 'NONE', #3114, 1000.000000000000000 ) ;
#2229 = VECTOR ( 'NONE', #237, 1000.000000000000000 ) ;
#2230 = ORIENTED_EDGE ( 'NONE', *, *, #2193, .T. ) ;
#2231 = AXIS2_PLACEMENT_3D ( 'NONE', #9, #477, #2769 ) ;
#2232 = CARTESIAN_POINT ( 'NONE',  ( 29.80535941072009010, -22.29604833802116204, 0.000000000000000000 ) ) ;
#2233 = VECTOR ( 'NONE', #1948, 1000.000000000000000 ) ;
#2234 = CARTESIAN_POINT ( 'NONE',  ( -18.07972286700349329, 27.33395166197680837, 3.799999999999999822 ) ) ;
#2235 = CARTESIAN_POINT ( 'NONE',  ( 20.00895226759131873, -20.56604833802116161, 0.000000000000000000 ) ) ;
#2236 = PLANE ( 'NONE',  #613 ) ;
#2237 = EDGE_CURVE ( 'NONE', #653, #2975, #989, .T. ) ;
#2238 = DIRECTION ( 'NONE',  ( -0.000000000000000000, 2.168404344971005170E-16, 1.000000000000000000 ) ) ;
#2239 = DIRECTION ( 'NONE',  ( -1.000000000000000000, 0.000000000000000000, 0.000000000000000000 ) ) ;
#2240 = ORIENTED_EDGE ( 'NONE', *, *, #120, .F. ) ;
#2241 = EDGE_CURVE ( 'NONE', #2060, #1116, #238, .T. ) ;
#2242 = CARTESIAN_POINT ( 'NONE',  ( 22.60895226759131660, -20.56604833802116161, 3.299999999999999822 ) ) ;
#2243 = ORIENTED_EDGE ( 'NONE', *, *, #1336, .T. ) ;
#2244 = EDGE_CURVE ( 'NONE', #861, #2060, #2940, .T. ) ;
#2245 = PLANE ( 'NONE',  #60 ) ;
#2246 = ORIENTED_EDGE ( 'NONE', *, *, #1326, .T. ) ;
#2247 = VECTOR ( 'NONE', #245, 1000.000000000000000 ) ;
#2248 = DIRECTION ( 'NONE',  ( 0.000000000000000000, -0.000000000000000000, 1.000000000000000000 ) ) ;
#2249 = CARTESIAN_POINT ( 'NONE',  ( 27.91805689611508967, 25.85735331470829834, -2.030000000000000249 ) ) ;
#2250 = VECTOR ( 'NONE', #1544, 1000.000000000000000 ) ;
#2251 = DIRECTION ( 'NONE',  ( 0.000000000000000000, -1.000000000000000000, 0.000000000000000000 ) ) ;
#2252 = EDGE_CURVE ( 'NONE', #2399, #2084, #784, .T. ) ;
#2253 = LINE ( 'NONE', #3203, #1551 ) ;
#2254 = DIRECTION ( 'NONE',  ( 0.000000000000000000, 0.000000000000000000, -1.000000000000000000 ) ) ;
#2255 = DIRECTION ( 'NONE',  ( 0.000000000000000000, -1.000000000000000000, 6.938893903907228378E-15 ) ) ;
#2256 = ORIENTED_EDGE ( 'NONE', *, *, #2938, .T. ) ;
#2257 = EDGE_CURVE ( 'NONE', #1766, #1373, #2810, .T. ) ;
#2258 = CARTESIAN_POINT ( 'NONE',  ( 5.805359410720100755, 25.85735331470829834, -2.030000000000000249 ) ) ;
#2259 = ORIENTED_EDGE ( 'NONE', *, *, #2655, .T. ) ;
#2260 = FACE_OUTER_BOUND ( 'NONE', #849, .T. ) ;
#2261 = ORIENTED_EDGE ( 'NONE', *, *, #1182, .F. ) ;
#2262 = LINE ( 'NONE', #2993, #2403 ) ;
#2263 = ADVANCED_FACE ( 'NONE', ( #14 ), #1814, .F. ) ;
#2264 = CARTESIAN_POINT ( 'NONE',  ( 20.00895226759131873, -20.56604833802116161, 3.299999999999999822 ) ) ;
#2265 = FACE_OUTER_BOUND ( 'NONE', #2650, .T. ) ;
#2266 = LINE ( 'NONE', #3032, #2538 ) ;
#2267 = LINE ( 'NONE', #27, #2473 ) ;
#2268 = DIRECTION ( 'NONE',  ( -0.000000000000000000, -0.000000000000000000, 1.000000000000000000 ) ) ;
#2269 = EDGE_CURVE ( 'NONE', #1312, #2975, #808, .T. ) ;
#2270 = CARTESIAN_POINT ( 'NONE',  ( 25.19858929650946777, 27.33395166197681547, 5.050000000000000711 ) ) ;
#2271 = ORIENTED_EDGE ( 'NONE', *, *, #3079, .F. ) ;
#2272 = CYLINDRICAL_SURFACE ( 'NONE', #248, 1.890000000000002789 ) ;
#2273 = CIRCLE ( 'NONE', #1597, 1.890000000000002789 ) ;
#2274 = LINE ( 'NONE', #2258, #877 ) ;
#2275 = EDGE_CURVE ( 'NONE', #1405, #347, #1015, .T. ) ;
#2276 = ORIENTED_EDGE ( 'NONE', *, *, #1946, .T. ) ;
#2277 = VECTOR ( 'NONE', #1295, 1000.000000000000000 ) ;
#2278 = VECTOR ( 'NONE', #79, 1000.000000000000000 ) ;
#2279 = CARTESIAN_POINT ( 'NONE',  ( 24.76557659461724370, 26.33395166197681547, 5.000000000000007105 ) ) ;
#2280 = ORIENTED_EDGE ( 'NONE', *, *, #776, .T. ) ;
#2281 = VECTOR ( 'NONE', #2901, 1000.000000000000000 ) ;
#2282 = CARTESIAN_POINT ( 'NONE',  ( 11.05895226759130878, 27.55735331470829763, -1.030000000000000027 ) ) ;
#2283 = DIRECTION ( 'NONE',  ( -1.000000000000000000, -0.000000000000000000, -0.000000000000000000 ) ) ;
#2284 = EDGE_CURVE ( 'NONE', #2142, #350, #592, .T. ) ;
#2285 = AXIS2_PLACEMENT_3D ( 'NONE', #1505, #251, #988 ) ;
#2286 = CARTESIAN_POINT ( 'NONE',  ( 24.20895226759130381, 27.33395166197681547, 4.500000000000000888 ) ) ;
#2287 = CARTESIAN_POINT ( 'NONE',  ( -21.96934213867641361, 0.000000000000000000, 0.000000000000000000 ) ) ;
#2288 = FACE_OUTER_BOUND ( 'NONE', #1913, .T. ) ;
#2289 = VECTOR ( 'NONE', #30, 1000.000000000000227 ) ;
#2290 = CARTESIAN_POINT ( 'NONE',  ( 20.00895226759132228, -20.06604833802116161, 0.000000000000000000 ) ) ;
#2291 = CARTESIAN_POINT ( 'NONE',  ( -19.58203962407140253, 27.05735331470830118, -2.030000000000000249 ) ) ;
#2292 = VECTOR ( 'NONE', #3201, 1000.000000000000000 ) ;
#2293 = ORIENTED_EDGE ( 'NONE', *, *, #120, .T. ) ;
#2294 = LINE ( 'NONE', #53, #510 ) ;
#2295 = FACE_OUTER_BOUND ( 'NONE', #714, .T. ) ;
#2296 = VERTEX_POINT ( 'NONE', #2792 ) ;
#2297 = CARTESIAN_POINT ( 'NONE',  ( 24.76557659461724370, 26.33395166197681547, 4.800000000000000711 ) ) ;
#2298 = ORIENTED_EDGE ( 'NONE', *, *, #2343, .T. ) ;
#2299 = VERTEX_POINT ( 'NONE', #2002 ) ;
#2300 = LINE ( 'NONE', #1808, #2391 ) ;
#2301 = DIRECTION ( 'NONE',  ( 1.000000000000000000, -1.627881617134397475E-16, 0.000000000000000000 ) ) ;
#2302 = FACE_OUTER_BOUND ( 'NONE', #1059, .T. ) ;
#2303 = FACE_OUTER_BOUND ( 'NONE', #835, .T. ) ;
#2304 = CARTESIAN_POINT ( 'NONE',  ( -28.78843984870436401, 47.08199355815879272, -15.74804189618169303 ) ) ;
#2305 = ORIENTED_EDGE ( 'NONE', *, *, #760, .F. ) ;
#2306 = CARTESIAN_POINT ( 'NONE',  ( 31.20895226759131447, -23.54640172250463692, 3.299999999999999822 ) ) ;
#2307 = LINE ( 'NONE', #595, #2013 ) ;
#2308 = ORIENTED_EDGE ( 'NONE', *, *, #846, .F. ) ;
#2309 = CARTESIAN_POINT ( 'NONE',  ( -21.96934213867641361, 14.43395166197680801, -1.029999999999999583 ) ) ;
#2310 = ORIENTED_EDGE ( 'NONE', *, *, #2237, .T. ) ;
#2311 = VERTEX_POINT ( 'NONE', #564 ) ;
#2312 = CARTESIAN_POINT ( 'NONE',  ( 27.91805689611508967, 27.05735331470829763, 0.000000000000000000 ) ) ;
#2313 = CARTESIAN_POINT ( 'NONE',  ( 24.20895226759130381, 26.33395166197681547, 5.299999999999999822 ) ) ;
#2314 = DIRECTION ( 'NONE',  ( 1.000000000000000000, 7.304913682519391717E-17, 0.000000000000000000 ) ) ;
#2315 = DIRECTION ( 'NONE',  ( -1.355252715606880543E-16, 1.000000000000000000, -0.000000000000000000 ) ) ;
#2316 = CARTESIAN_POINT ( 'NONE',  ( 11.05895226759130878, 27.55735331470829763, -1.030000000000000027 ) ) ;
#2317 = AXIS2_PLACEMENT_3D ( 'NONE', #2722, #1470, #1497 ) ;
#2318 = ORIENTED_EDGE ( 'NONE', *, *, #1655, .F. ) ;
#2319 = CARTESIAN_POINT ( 'NONE',  ( -21.46934213867641361, -11.56604833802115984, -1.529999999999996696 ) ) ;
#2320 = PLANE ( 'NONE',  #2332 ) ;
#2321 = EDGE_LOOP ( 'NONE', ( #2458, #845, #3045, #2644, #3040, #2107, #2308, #311, #708, #3171, #778, #3149, #671, #1646, #834, #3095 ) ) ;
#2322 = VECTOR ( 'NONE', #435, 1000.000000000000000 ) ;
#2323 = CIRCLE ( 'NONE', #1546, 1.887302514605008419 ) ;
#2324 = FACE_OUTER_BOUND ( 'NONE', #2393, .T. ) ;
#2325 = EDGE_LOOP ( 'NONE', ( #1495, #2167, #2797, #2721, #1979, #2867, #858, #3146, #1963, #3229, #2164, #3119, #2104, #1849, #1664, #1188, #403, #2988, #1893, #751, #1235, #300, #2604, #2719, #2944, #2135, #2521, #1706, #148, #3065, #1513, #596, #1331, #965, #1949, #2681, #1381, #2955, #319, #1581 ) ) ;
#2326 = VECTOR ( 'NONE', #1084, 1000.000000000000000 ) ;
#2327 = ORIENTED_EDGE ( 'NONE', *, *, #3204, .T. ) ;
#2328 = DIRECTION ( 'NONE',  ( 0.000000000000000000, 0.000000000000000000, 1.000000000000000000 ) ) ;
#2329 = VECTOR ( 'NONE', #2479, 1000.000000000000000 ) ;
#2330 = LINE ( 'NONE', #1289, #1810 ) ;
#2331 = LINE ( 'NONE', #1535, #1184 ) ;
#2332 = AXIS2_PLACEMENT_3D ( 'NONE', #3076, #2862, #646 ) ;
#2333 = DIRECTION ( 'NONE',  ( 1.000000000000000000, 0.000000000000000000, 0.000000000000000000 ) ) ;
#2334 = ORIENTED_EDGE ( 'NONE', *, *, #1851, .F. ) ;
#2335 = CARTESIAN_POINT ( 'NONE',  ( 0.000000000000000000, -19.19134633802116241, 1.000000000000000000 ) ) ;
#2336 = CIRCLE ( 'NONE', #356, 0.6873025146050051326 ) ;
#2337 = EDGE_CURVE ( 'NONE', #2465, #2355, #841, .T. ) ;
#2338 = CARTESIAN_POINT ( 'NONE',  ( 27.91805689611509322, -4.749999999999997335, -2.030000000000000249 ) ) ;
#2339 = AXIS2_PLACEMENT_3D ( 'NONE', #2291, #2575, #345 ) ;
#2340 = ORIENTED_EDGE ( 'NONE', *, *, #752, .F. ) ;
#2341 = ADVANCED_FACE ( 'NONE', ( #1066 ), #3052, .F. ) ;
#2342 = ORIENTED_EDGE ( 'NONE', *, *, #885, .T. ) ;
#2343 = EDGE_CURVE ( 'NONE', #686, #347, #1537, .T. ) ;
#2344 = PLANE ( 'NONE',  #2798 ) ;
#2345 = ORIENTED_EDGE ( 'NONE', *, *, #1995, .T. ) ;
#2346 = ORIENTED_EDGE ( 'NONE', *, *, #1649, .T. ) ;
#2347 = DIRECTION ( 'NONE',  ( 1.000000000000000000, 0.000000000000000000, 0.000000000000000000 ) ) ;
#2348 = DIRECTION ( 'NONE',  ( -0.000000000000000000, 1.000000000000000000, -0.000000000000000000 ) ) ;
#2349 = CARTESIAN_POINT ( 'NONE',  ( 23.10895226759131660, -20.56604833802116516, 0.000000000000000000 ) ) ;
#2350 = EDGE_CURVE ( 'NONE', #1378, #2003, #1558, .T. ) ;
#2351 = DIRECTION ( 'NONE',  ( -1.000000000000000000, -1.508455196501571429E-16, 0.000000000000000000 ) ) ;
#2352 = VERTEX_POINT ( 'NONE', #2825 ) ;
#2353 = CARTESIAN_POINT ( 'NONE',  ( 19.50895226759131518, -20.56604833802116516, 0.000000000000000000 ) ) ;
#2354 = DIRECTION ( 'NONE',  ( 1.000000000000000000, 0.000000000000000000, 2.109689130350252706E-17 ) ) ;
#2355 = VERTEX_POINT ( 'NONE', #1082 ) ;
#2356 = FACE_BOUND ( 'NONE', #3074, .T. ) ;
#2357 = EDGE_LOOP ( 'NONE', ( #3227, #2908, #607, #1725 ) ) ;
#2358 = LINE ( 'NONE', #2105, #1915 ) ;
#2359 = EDGE_LOOP ( 'NONE', ( #641, #1780, #3136, #2715, #2025, #2044, #222, #2417 ) ) ;
#2360 = ADVANCED_FACE ( 'NONE', ( #1764 ), #282, .F. ) ;
#2361 = VERTEX_POINT ( 'NONE', #2811 ) ;
#2362 = DIRECTION ( 'NONE',  ( -1.388870244769555320E-16, 1.000000000000000000, 0.000000000000000000 ) ) ;
#2363 = LINE ( 'NONE', #886, #2990 ) ;
#2364 = EDGE_CURVE ( 'NONE', #194, #1529, #1293, .T. ) ;
#2365 = CARTESIAN_POINT ( 'NONE',  ( -19.58203962407140253, 27.05735331470830118, -2.030000000000000249 ) ) ;
#2366 = VERTEX_POINT ( 'NONE', #2039 ) ;
#2367 = LINE ( 'NONE', #890, #1966 ) ;
#2368 = ADVANCED_FACE ( 'NONE', ( #580 ), #2548, .F. ) ;
#2369 = DIRECTION ( 'NONE',  ( 0.4999999999999982236, 0.000000000000000000, -0.8660254037844395958 ) ) ;
#2370 = DIRECTION ( 'NONE',  ( 0.000000000000000000, -1.084202172485504434E-16, -1.000000000000000000 ) ) ;
#2371 = EDGE_CURVE ( 'NONE', #2465, #2311, #2562, .T. ) ;
#2372 = VERTEX_POINT ( 'NONE', #2516 ) ;
#2373 = LINE ( 'NONE', #2425, #1337 ) ;
#2374 = EDGE_LOOP ( 'NONE', ( #2553, #1335, #898, #413 ) ) ;
#2375 = EDGE_LOOP ( 'NONE', ( #632, #855, #159, #2898 ) ) ;
#2376 = VECTOR ( 'NONE', #2251, 1000.000000000000000 ) ;
#2377 = CARTESIAN_POINT ( 'NONE',  ( 31.20895226759131447, -23.54640172250463692, 3.299999999999999822 ) ) ;
#2378 = ORIENTED_EDGE ( 'NONE', *, *, #760, .T. ) ;
#2379 = PRESENTATION_LAYER_ASSIGNMENT (  '', '', ( #563 ) ) ;
#2380 = LINE ( 'NONE', #1620, #3156 ) ;
#2381 = EDGE_CURVE ( 'NONE', #1815, #1359, #1274, .T. ) ;
#2382 = VERTEX_POINT ( 'NONE', #1035 ) ;
#2383 = VECTOR ( 'NONE', #1914, 1000.000000000000000 ) ;
#2384 = LINE ( 'NONE', #1377, #3124 ) ;
#2385 = ORIENTED_EDGE ( 'NONE', *, *, #1284, .F. ) ;
#2386 = DIRECTION ( 'NONE',  ( -0.000000000000000000, 1.000000000000000000, -1.084202172485504434E-16 ) ) ;
#2387 = CIRCLE ( 'NONE', #2646, 0.5000000000000004441 ) ;
#2388 = EDGE_LOOP ( 'NONE', ( #487, #472, #889, #1629, #942, #2793, #734, #809, #241, #555, #2159, #1671, #2070, #1887 ) ) ;
#2389 = CARTESIAN_POINT ( 'NONE',  ( -20.26934213867641077, 25.17005080010329721, 0.000000000000000000 ) ) ;
#2390 = LINE ( 'NONE', #2423, #622 ) ;
#2391 = VECTOR ( 'NONE', #2570, 1000.000000000000000 ) ;
#2392 = CIRCLE ( 'NONE', #309, 2.019646615516526467 ) ;
#2393 = EDGE_LOOP ( 'NONE', ( #2803, #2873, #498, #1511, #816, #2342, #661, #749 ) ) ;
#2394 = DIRECTION ( 'NONE',  ( -1.355252715606880543E-16, 1.000000000000000000, -6.631127140150121281E-33 ) ) ;
#2395 = DIRECTION ( 'NONE',  ( 1.355252715606880543E-16, -1.000000000000000000, 0.000000000000000000 ) ) ;
#2396 = ORIENTED_EDGE ( 'NONE', *, *, #150, .F. ) ;
#2397 = ORIENTED_EDGE ( 'NONE', *, *, #493, .F. ) ;
#2398 = PLANE ( 'NONE',  #94 ) ;
#2399 = VERTEX_POINT ( 'NONE', #2023 ) ;
#2400 = DIRECTION ( 'NONE',  ( 1.000000000000000000, 0.000000000000000000, 0.000000000000000000 ) ) ;
#2401 = EDGE_CURVE ( 'NONE', #445, #2826, #884, .T. ) ;
#2402 = ORIENTED_EDGE ( 'NONE', *, *, #1790, .F. ) ;
#2403 = VECTOR ( 'NONE', #1739, 1000.000000000000000 ) ;
#2404 = LINE ( 'NONE', #170, #43 ) ;
#2405 = ORIENTED_EDGE ( 'NONE', *, *, #2830, .T. ) ;
#2406 = CARTESIAN_POINT ( 'NONE',  ( 11.05895226759130878, 27.55735331470829763, -1.530000000000000027 ) ) ;
#2407 = DIRECTION ( 'NONE',  ( 0.000000000000000000, -1.000000000000000000, -0.000000000000000000 ) ) ;
#2408 = DIRECTION ( 'NONE',  ( -0.000000000000000000, -0.000000000000000000, 1.000000000000000000 ) ) ;
#2409 = EDGE_LOOP ( 'NONE', ( #3223, #1526, #2340, #171, #1592, #213, #948, #2885, #1364, #1172, #1769, #3053 ) ) ;
#2410 = DIRECTION ( 'NONE',  ( 0.000000000000000000, 0.000000000000000000, 1.000000000000000000 ) ) ;
#2411 = DIRECTION ( 'NONE',  ( 1.000000000000000000, 0.000000000000000000, 0.000000000000000000 ) ) ;
#2412 = ORIENTED_EDGE ( 'NONE', *, *, #2177, .T. ) ;
#2413 = CARTESIAN_POINT ( 'NONE',  ( -15.79104773240869797, 26.33395166197680837, 5.299999999999999822 ) ) ;
#2414 = ORIENTED_EDGE ( 'NONE', *, *, #1069, .F. ) ;
#2415 = CARTESIAN_POINT ( 'NONE',  ( 19.50895226759131518, -20.56604833802116516, 3.299999999999999822 ) ) ;
#2416 = AXIS2_PLACEMENT_3D ( 'NONE', #2539, #1302, #1787 ) ;
#2417 = ORIENTED_EDGE ( 'NONE', *, *, #2499, .T. ) ;
#2418 = CARTESIAN_POINT ( 'NONE',  ( -22.79104773240867132, -23.54640172250463692, 3.299999999999999822 ) ) ;
#2419 = ORIENTED_EDGE ( 'NONE', *, *, #1916, .F. ) ;
#2420 = CARTESIAN_POINT ( 'NONE',  ( -17.09822740938113128, 26.83395166197682258, 4.500000000000000000 ) ) ;
#2421 = EDGE_CURVE ( 'NONE', #476, #18, #2531, .T. ) ;
#2422 = CARTESIAN_POINT ( 'NONE',  ( 27.91535941072008953, -24.18604833802116261, -2.030000000000000249 ) ) ;
#2423 = CARTESIAN_POINT ( 'NONE',  ( 8.558952267596669827, -21.16604833802115948, 0.000000000000000000 ) ) ;
#2424 = ORIENTED_EDGE ( 'NONE', *, *, #2929, .F. ) ;
#2425 = CARTESIAN_POINT ( 'NONE',  ( 29.80895226759130168, 27.33395166197681547, 1.000000000000000000 ) ) ;
#2426 = CARTESIAN_POINT ( 'NONE',  ( 29.80535941072009010, 25.17005080010329721, -2.030000000000000249 ) ) ;
#2427 = AXIS2_PLACEMENT_3D ( 'NONE', #1669, #2838, #917 ) ;
#2428 = ORIENTED_EDGE ( 'NONE', *, *, #2682, .F. ) ;
#2429 = VECTOR ( 'NONE', #3016, 1000.000000000000000 ) ;
#2430 = ORIENTED_EDGE ( 'NONE', *, *, #2918, .F. ) ;
#2431 = DIRECTION ( 'NONE',  ( -1.000000000000000000, 0.000000000000000000, 0.000000000000000000 ) ) ;
#2432 = MECHANICAL_DESIGN_GEOMETRIC_PRESENTATION_REPRESENTATION (  '', ( #563 ), #2999 ) ;
#2433 = ORIENTED_EDGE ( 'NONE', *, *, #1314, .T. ) ;
#2434 = CARTESIAN_POINT ( 'NONE',  ( 5.805359410720100755, 27.05735331470829763, -2.030000000000000249 ) ) ;
#2435 = VECTOR ( 'NONE', #608, 1000.000000000000000 ) ;
#2436 = EDGE_CURVE ( 'NONE', #1387, #2142, #3152, .T. ) ;
#2437 = CARTESIAN_POINT ( 'NONE',  ( 29.18930565207478978, -15.74999999999999645, 0.000000000000000000 ) ) ;
#2438 = CARTESIAN_POINT ( 'NONE',  ( 25.19858929650946777, 28.43395166197680624, 5.049999999999999822 ) ) ;
#2439 = VECTOR ( 'NONE', #2622, 1000.000000000000000 ) ;
#2440 = AXIS2_PLACEMENT_3D ( 'NONE', #1778, #1536, #1723 ) ;
#2441 = ADVANCED_FACE ( 'NONE', ( #903 ), #642, .F. ) ;
#2442 = ORIENTED_EDGE ( 'NONE', *, *, #604, .T. ) ;
#2443 = LINE ( 'NONE', #1419, #457 ) ;
#2444 = CARTESIAN_POINT ( 'NONE',  ( 26.71535941072009024, -21.09632204341422224, -2.030000000000000249 ) ) ;
#2445 = AXIS2_PLACEMENT_3D ( 'NONE', #470, #2204, #225 ) ;
#2446 = ADVANCED_FACE ( 'NONE', ( #625 ), #1635, .F. ) ;
#2447 = AXIS2_PLACEMENT_3D ( 'NONE', #2643, #680, #395 ) ;
#2448 = VERTEX_POINT ( 'NONE', #658 ) ;
#2449 = VERTEX_POINT ( 'NONE', #2365 ) ;
#2450 = PLANE ( 'NONE',  #986 ) ;
#2451 = DIRECTION ( 'NONE',  ( 1.355252715606880543E-16, -1.000000000000000000, 0.000000000000000000 ) ) ;
#2452 = VERTEX_POINT ( 'NONE', #1604 ) ;
#2453 = LINE ( 'NONE', #494, #2329 ) ;
#2454 = EDGE_CURVE ( 'NONE', #767, #2057, #1869, .T. ) ;
#2455 = LINE ( 'NONE', #1155, #2489 ) ;
#2456 = LINE ( 'NONE', #2469, #1094 ) ;
#2457 = ORIENTED_EDGE ( 'NONE', *, *, #1916, .T. ) ;
#2458 = ORIENTED_EDGE ( 'NONE', *, *, #926, .T. ) ;
#2459 = FACE_OUTER_BOUND ( 'NONE', #2696, .T. ) ;
#2460 = ORIENTED_EDGE ( 'NONE', *, *, #638, .T. ) ;
#2461 = EDGE_CURVE ( 'NONE', #1347, #2207, #2384, .T. ) ;
#2462 = FACE_OUTER_BOUND ( 'NONE', #3179, .T. ) ;
#2463 = DIRECTION ( 'NONE',  ( -0.000000000000000000, -0.000000000000000000, -1.000000000000000000 ) ) ;
#2464 = LINE ( 'NONE', #2200, #501 ) ;
#2465 = VERTEX_POINT ( 'NONE', #101 ) ;
#2466 = ADVANCED_FACE ( 'NONE', ( #1911 ), #2083, .T. ) ;
#2467 = CARTESIAN_POINT ( 'NONE',  ( 24.60895226759130594, -19.19134633802116241, 1.000000000000000000 ) ) ;
#2468 = CARTESIAN_POINT ( 'NONE',  ( 24.60895226759130949, -4.006046101334973924E-15, 1.000000000000000000 ) ) ;
#2469 = CARTESIAN_POINT ( 'NONE',  ( 29.80535941072009010, 16.43395166197681334, -1.030000000000000027 ) ) ;
#2470 = VERTEX_POINT ( 'NONE', #2888 ) ;
#2471 = DIRECTION ( 'NONE',  ( 0.000000000000000000, 0.000000000000000000, -1.000000000000000000 ) ) ;
#2472 = VERTEX_POINT ( 'NONE', #2114 ) ;
#2473 = VECTOR ( 'NONE', #792, 1000.000000000000000 ) ;
#2474 = ADVANCED_FACE ( 'NONE', ( #1363 ), #1651, .F. ) ;
#2475 = ORIENTED_EDGE ( 'NONE', *, *, #1114, .T. ) ;
#2476 = CARTESIAN_POINT ( 'NONE',  ( -20.26934213867641077, 25.17005080010329721, -2.030000000000000249 ) ) ;
#2477 = CARTESIAN_POINT ( 'NONE',  ( -19.58203962407140253, 25.17005080010329721, -2.030000000000000249 ) ) ;
#2478 = DIRECTION ( 'NONE',  ( -1.000000000000000000, -1.355252715606880543E-16, 0.000000000000000000 ) ) ;
#2479 = DIRECTION ( 'NONE',  ( -1.000000000000000000, 0.000000000000000000, 0.000000000000000000 ) ) ;
#2480 = EDGE_CURVE ( 'NONE', #2870, #2660, #3118, .T. ) ;
#2481 = CARTESIAN_POINT ( 'NONE',  ( 29.80895226759130168, 27.33395166197681547, 1.000000000000000000 ) ) ;
#2482 = AXIS2_PLACEMENT_3D ( 'NONE', #2725, #464, #492 ) ;
#2483 = CARTESIAN_POINT ( 'NONE',  ( 24.60895226759130949, -4.006046101334973924E-15, 0.000000000000000000 ) ) ;
#2484 = ORIENTED_EDGE ( 'NONE', *, *, #1118, .F. ) ;
#2485 = AXIS2_PLACEMENT_3D ( 'NONE', #273, #323, #832 ) ;
#2486 = DIRECTION ( 'NONE',  ( -1.627881617134397475E-16, -1.000000000000000000, 0.000000000000000000 ) ) ;
#2487 = ORIENTED_EDGE ( 'NONE', *, *, #645, .T. ) ;
#2488 = VECTOR ( 'NONE', #47, 1000.000000000000000 ) ;
#2489 = VECTOR ( 'NONE', #2958, 1000.000000000000000 ) ;
#2490 = EDGE_CURVE ( 'NONE', #1882, #574, #418, .T. ) ;
#2491 = CARTESIAN_POINT ( 'NONE',  ( 13.05895226759130878, 27.05735331470829763, -1.030000000000000027 ) ) ;
#2492 = VECTOR ( 'NONE', #2347, 1000.000000000000000 ) ;
#2493 = ORIENTED_EDGE ( 'NONE', *, *, #3148, .T. ) ;
#2494 = CARTESIAN_POINT ( 'NONE',  ( 27.91805689611508967, 27.05735331470829763, -2.030000000000000249 ) ) ;
#2495 = VECTOR ( 'NONE', #2408, 1000.000000000000000 ) ;
#2496 = DIRECTION ( 'NONE',  ( -1.000000000000000000, 0.000000000000000000, 0.000000000000000000 ) ) ;
#2497 = EDGE_CURVE ( 'NONE', #937, #1727, #1616, .T. ) ;
#2498 = CARTESIAN_POINT ( 'NONE',  ( -20.77140111689214663, -25.56604833802116161, 3.299999999999999822 ) ) ;
#2499 = EDGE_CURVE ( 'NONE', #1877, #1237, #2024, .T. ) ;
#2500 = DIRECTION ( 'NONE',  ( -1.000000000000000000, -1.355252715606880789E-16, -0.000000000000000000 ) ) ;
#2501 = DIRECTION ( 'NONE',  ( 9.583083854271156772E-17, -0.7071067811865525687, 0.7071067811865425767 ) ) ;
#2502 = DIRECTION ( 'NONE',  ( 0.4999999999999982236, 0.000000000000000000, -0.8660254037844395958 ) ) ;
#2503 = ORIENTED_EDGE ( 'NONE', *, *, #819, .F. ) ;
#2504 = DIRECTION ( 'NONE',  ( -0.000000000000000000, -1.000000000000000000, -0.000000000000000000 ) ) ;
#2505 = EDGE_LOOP ( 'NONE', ( #1772, #365, #3134, #1196, #2986, #1875, #1820 ) ) ;
#2506 = EDGE_CURVE ( 'NONE', #1709, #705, #1413, .T. ) ;
#2507 = CYLINDRICAL_SURFACE ( 'NONE', #2416, 1.890000000000002789 ) ;
#2508 = VERTEX_POINT ( 'NONE', #2659 ) ;
#2509 = CARTESIAN_POINT ( 'NONE',  ( -9.491047732408681270, -21.26604833802320016, 3.299999999999999822 ) ) ;
#2510 = DIRECTION ( 'NONE',  ( 0.000000000000000000, 0.000000000000000000, -1.000000000000000000 ) ) ;
#2511 = LINE ( 'NONE', #1570, #1961 ) ;
#2512 = DIRECTION ( 'NONE',  ( -1.000000000000000000, 0.000000000000000000, 0.000000000000000000 ) ) ;
#2513 = FACE_OUTER_BOUND ( 'NONE', #3151, .T. ) ;
#2514 = ADVANCED_FACE ( 'NONE', ( #2097 ), #3101, .F. ) ;
#2515 = PLANE ( 'NONE',  #2121 ) ;
#2516 = CARTESIAN_POINT ( 'NONE',  ( 20.00895226759132228, -20.06604833802116161, 3.299999999999999822 ) ) ;
#2517 = ORIENTED_EDGE ( 'NONE', *, *, #1609, .T. ) ;
#2518 = FACE_OUTER_BOUND ( 'NONE', #2148, .T. ) ;
#2519 = EDGE_CURVE ( 'NONE', #333, #3122, #2136, .T. ) ;
#2520 = CARTESIAN_POINT ( 'NONE',  ( 30.30535941072009010, 16.43395166197680979, -1.530000000000000027 ) ) ;
#2521 = ORIENTED_EDGE ( 'NONE', *, *, #2830, .F. ) ;
#2522 = EDGE_CURVE ( 'NONE', #2826, #368, #2404, .T. ) ;
#2523 = FACE_OUTER_BOUND ( 'NONE', #1508, .T. ) ;
#2524 = ORIENTED_EDGE ( 'NONE', *, *, #2371, .F. ) ;
#2525 = CARTESIAN_POINT ( 'NONE',  ( 23.10895226759131660, -20.56604833802116516, 3.299999999999999822 ) ) ;
#2526 = LINE ( 'NONE', #1286, #1563 ) ;
#2527 = LINE ( 'NONE', #771, #2429 ) ;
#2528 = CARTESIAN_POINT ( 'NONE',  ( 30.30535941072009010, 0.000000000000000000, 0.000000000000000000 ) ) ;
#2529 = CARTESIAN_POINT ( 'NONE',  ( 27.91805689611508967, 25.17005080010329721, -2.030000000000000249 ) ) ;
#2530 = FACE_OUTER_BOUND ( 'NONE', #2960, .T. ) ;
#2531 = LINE ( 'NONE', #1101, #3013 ) ;
#2532 = ORIENTED_EDGE ( 'NONE', *, *, #54, .T. ) ;
#2533 = DIRECTION ( 'NONE',  ( -0.000000000000000000, -0.000000000000000000, 1.000000000000000000 ) ) ;
#2534 = ADVANCED_FACE ( 'NONE', ( #1985 ), #1457, .T. ) ;
#2535 = AXIS2_PLACEMENT_3D ( 'NONE', #1032, #1553, #2019 ) ;
#2536 = DIRECTION ( 'NONE',  ( -1.388870244769555320E-16, 1.000000000000000000, 0.000000000000000000 ) ) ;
#2537 = VERTEX_POINT ( 'NONE', #1700 ) ;
#2538 = VECTOR ( 'NONE', #316, 1000.000000000000000 ) ;
#2539 = CARTESIAN_POINT ( 'NONE',  ( -19.57934213867641304, -22.29604833802115849, -2.030000000000000249 ) ) ;
#2540 = EDGE_LOOP ( 'NONE', ( #703, #1748, #118, #1575 ) ) ;
#2541 = AXIS2_PLACEMENT_3D ( 'NONE', #2086, #1105, #1863 ) ;
#2542 = EDGE_LOOP ( 'NONE', ( #2318, #2688, #1668, #448 ) ) ;
#2543 = LINE ( 'NONE', #3066, #1145 ) ;
#2544 = PLANE ( 'NONE',  #1852 ) ;
#2545 = LINE ( 'NONE', #342, #719 ) ;
#2546 = LINE ( 'NONE', #579, #2005 ) ;
#2547 = AXIS2_PLACEMENT_3D ( 'NONE', #612, #1369, #1865 ) ;
#2548 = PLANE ( 'NONE',  #1455 ) ;
#2549 = ORIENTED_EDGE ( 'NONE', *, *, #2350, .F. ) ;
#2550 = DIRECTION ( 'NONE',  ( 0.000000000000000000, -0.000000000000000000, 1.000000000000000000 ) ) ;
#2551 = EDGE_CURVE ( 'NONE', #1089, #2382, #1719, .T. ) ;
#2552 = FACE_OUTER_BOUND ( 'NONE', #353, .T. ) ;
#2553 = ORIENTED_EDGE ( 'NONE', *, *, #1194, .T. ) ;
#2554 = DIRECTION ( 'NONE',  ( 1.000000000000000000, 0.000000000000000000, 0.000000000000000000 ) ) ;
#2555 = ORIENTED_EDGE ( 'NONE', *, *, #2551, .F. ) ;
#2556 = EDGE_LOOP ( 'NONE', ( #1871, #2745, #1845, #3112, #657, #1153, #1008, #2580 ) ) ;
#2557 = CARTESIAN_POINT ( 'NONE',  ( -16.78068476132683884, 28.43395166197680624, 5.049999999999997158 ) ) ;
#2558 = DIRECTION ( 'NONE',  ( -1.000000000000000000, -7.304913682519391717E-17, 0.000000000000000000 ) ) ;
#2559 = LINE ( 'NONE', #2773, #302 ) ;
#2560 = DIRECTION ( 'NONE',  ( 0.000000000000000000, 0.000000000000000000, 1.000000000000000000 ) ) ;
#2561 = ADVANCED_FACE ( 'NONE', ( #741 ), #1930, .F. ) ;
#2562 = LINE ( 'NONE', #532, #471 ) ;
#2563 = ORIENTED_EDGE ( 'NONE', *, *, #2163, .F. ) ;
#2564 = DIRECTION ( 'NONE',  ( -0.000000000000000000, -0.000000000000000000, 1.000000000000000000 ) ) ;
#2565 = DIRECTION ( 'NONE',  ( -0.000000000000000000, -0.000000000000000000, 1.000000000000000000 ) ) ;
#2566 = ORIENTED_EDGE ( 'NONE', *, *, #1790, .T. ) ;
#2567 = CARTESIAN_POINT ( 'NONE',  ( -15.79104773240869797, 26.33395166197680837, 4.500000000000000000 ) ) ;
#2568 = ORIENTED_EDGE ( 'NONE', *, *, #2619, .T. ) ;
#2569 = ORIENTED_EDGE ( 'NONE', *, *, #1679, .T. ) ;
#2570 = DIRECTION ( 'NONE',  ( -0.000000000000000000, -0.000000000000000000, 1.000000000000000000 ) ) ;
#2571 = EDGE_CURVE ( 'NONE', #906, #2372, #949, .T. ) ;
#2572 = FACE_OUTER_BOUND ( 'NONE', #1465, .T. ) ;
#2573 = CARTESIAN_POINT ( 'NONE',  ( 22.60895226759131305, -20.06604833802116161, 3.299999999999999822 ) ) ;
#2574 = DIRECTION ( 'NONE',  ( -0.000000000000000000, -0.000000000000000000, 1.000000000000000000 ) ) ;
#2575 = DIRECTION ( 'NONE',  ( -4.007979640238702175E-16, -1.000000000000000000, 0.000000000000000000 ) ) ;
#2576 = ORIENTED_EDGE ( 'NONE', *, *, #2183, .F. ) ;
#2577 = CARTESIAN_POINT ( 'NONE',  ( 23.10895226759131660, -21.56604833802115806, 0.000000000000000000 ) ) ;
#2578 = ADVANCED_FACE ( 'NONE', ( #1229 ), #1943, .F. ) ;
#2579 = CARTESIAN_POINT ( 'NONE',  ( 11.05895226759131056, -24.18604833802116261, -1.530000000000000027 ) ) ;
#2580 = ORIENTED_EDGE ( 'NONE', *, *, #2587, .F. ) ;
#2581 = CIRCLE ( 'NONE', #1022, 1.890000000000002789 ) ;
#2582 = AXIS2_PLACEMENT_3D ( 'NONE', #1254, #2991, #766 ) ;
#2583 = DIRECTION ( 'NONE',  ( 0.000000000000000000, 0.000000000000000000, 1.000000000000000000 ) ) ;
#2584 = ORIENTED_EDGE ( 'NONE', *, *, #1310, .F. ) ;
#2585 = VECTOR ( 'NONE', #1878, 1000.000000000000000 ) ;
#2586 = ORIENTED_EDGE ( 'NONE', *, *, #736, .F. ) ;
#2587 = EDGE_CURVE ( 'NONE', #2355, #3081, #233, .T. ) ;
#2588 = DIRECTION ( 'NONE',  ( -7.498852273741028430E-17, -1.000000000000000000, 0.000000000000000000 ) ) ;
#2589 = VECTOR ( 'NONE', #1367, 1000.000000000000000 ) ;
#2590 = CARTESIAN_POINT ( 'NONE',  ( -21.46934213867641361, 25.17005080010329721, -2.030000000000000249 ) ) ;
#2591 = DIRECTION ( 'NONE',  ( -1.355252715606880543E-16, 1.000000000000000000, -0.000000000000000000 ) ) ;
#2592 = VECTOR ( 'NONE', #1485, 1000.000000000000000 ) ;
#2593 = ADVANCED_FACE ( 'NONE', ( #2971 ), #2686, .F. ) ;
#2594 = DIRECTION ( 'NONE',  ( -0.000000000000000000, -0.000000000000000000, 1.000000000000000000 ) ) ;
#2595 = ORIENTED_EDGE ( 'NONE', *, *, #2217, .F. ) ;
#2596 = CARTESIAN_POINT ( 'NONE',  ( 22.60895226759131305, -20.06604833802116161, 0.000000000000000000 ) ) ;
#2597 = AXIS2_PLACEMENT_3D ( 'NONE', #332, #3035, #67 ) ;
#2598 = CARTESIAN_POINT ( 'NONE',  ( 24.60895226759130594, -15.74999999999999645, 0.4399999999999990030 ) ) ;
#2599 = ORIENTED_EDGE ( 'NONE', *, *, #1856, .F. ) ;
#2600 = DIRECTION ( 'NONE',  ( 1.000000000000000000, 0.000000000000000000, 0.000000000000000000 ) ) ;
#2601 = ORIENTED_EDGE ( 'NONE', *, *, #2842, .F. ) ;
#2602 = EDGE_CURVE ( 'NONE', #1483, #787, #1212, .T. ) ;
#2603 = CARTESIAN_POINT ( 'NONE',  ( 13.05895226759130878, 27.55735331470829763, -1.030000000000000027 ) ) ;
#2604 = ORIENTED_EDGE ( 'NONE', *, *, #19, .F. ) ;
#2605 = ORIENTED_EDGE ( 'NONE', *, *, #1939, .T. ) ;
#2606 = CYLINDRICAL_SURFACE ( 'NONE', #1349, 1.000000000005352607 ) ;
#2607 = CARTESIAN_POINT ( 'NONE',  ( -22.79104773240867132, -23.54640172250463692, 0.000000000000000000 ) ) ;
#2608 = EDGE_CURVE ( 'NONE', #200, #1653, #2982, .T. ) ;
#2609 = DIRECTION ( 'NONE',  ( -1.000000000000000000, -1.355252715606880789E-16, 0.000000000000000000 ) ) ;
#2610 = EDGE_LOOP ( 'NONE', ( #2915, #3028, #2569, #2412 ) ) ;
#2611 = DIRECTION ( 'NONE',  ( 0.000000000000000000, 0.000000000000000000, 1.000000000000000000 ) ) ;
#2612 = ADVANCED_FACE ( 'NONE', ( #693 ), #964, .F. ) ;
#2613 = FACE_OUTER_BOUND ( 'NONE', #581, .T. ) ;
#2614 = ORIENTED_EDGE ( 'NONE', *, *, #174, .T. ) ;
#2615 = VECTOR ( 'NONE', #1755, 1000.000000000000000 ) ;
#2616 = DIRECTION ( 'NONE',  ( 0.000000000000000000, 0.000000000000000000, 1.000000000000000000 ) ) ;
#2617 = ORIENTED_EDGE ( 'NONE', *, *, #1802, .T. ) ;
#2618 = LINE ( 'NONE', #3080, #823 ) ;
#2619 = EDGE_CURVE ( 'NONE', #1205, #686, #2464, .T. ) ;
#2620 = ORIENTED_EDGE ( 'NONE', *, *, #2122, .F. ) ;
#2621 = EDGE_LOOP ( 'NONE', ( #2327, #2653, #1447, #310 ) ) ;
#2622 = DIRECTION ( 'NONE',  ( -0.000000000000000000, 1.000000000000000000, -0.000000000000000000 ) ) ;
#2623 = CARTESIAN_POINT ( 'NONE',  ( 29.80535941072009010, 16.43395166197680979, -1.530000000000000027 ) ) ;
#2624 = ORIENTED_EDGE ( 'NONE', *, *, #1699, .F. ) ;
#2625 = DIRECTION ( 'NONE',  ( -1.000000000000000000, -0.000000000000000000, -0.000000000000000000 ) ) ;
#2626 = ORIENTED_EDGE ( 'NONE', *, *, #3086, .F. ) ;
#2627 = CARTESIAN_POINT ( 'NONE',  ( -8.491047732408681270, -21.26604833802320016, 0.000000000000000000 ) ) ;
#2628 = EDGE_LOOP ( 'NONE', ( #690, #848, #2905, #89 ) ) ;
#2629 = CARTESIAN_POINT ( 'NONE',  ( 25.51613194456375666, 26.33395166197681547, 4.500000000000000000 ) ) ;
#2630 = CARTESIAN_POINT ( 'NONE',  ( 7.558952267591317664, -21.16604833802115948, 0.000000000000000000 ) ) ;
#2631 = ORIENTED_EDGE ( 'NONE', *, *, #1758, .T. ) ;
#2632 = CARTESIAN_POINT ( 'NONE',  ( 29.80535941072009010, -22.29604833802116204, -2.030000000000000249 ) ) ;
#2633 =( NAMED_UNIT ( * ) SI_UNIT ( $, .STERADIAN. ) SOLID_ANGLE_UNIT ( ) );
#2634 = ORIENTED_EDGE ( 'NONE', *, *, #696, .T. ) ;
#2635 = ORIENTED_EDGE ( 'NONE', *, *, #1468, .F. ) ;
#2636 = AXIS2_PLACEMENT_3D ( 'NONE', #2785, #1998, #277 ) ;
#2637 = LINE ( 'NONE', #429, #1033 ) ;
#2638 = ORIENTED_EDGE ( 'NONE', *, *, #1326, .F. ) ;
#2639 = AXIS2_PLACEMENT_3D ( 'NONE', #2596, #1054, #334 ) ;
#2640 = DIRECTION ( 'NONE',  ( -1.000000000000000000, -0.000000000000000000, -0.000000000000000000 ) ) ;
#2641 = ORIENTED_EDGE ( 'NONE', *, *, #1482, .T. ) ;
#2642 = VECTOR ( 'NONE', #1394, 1000.000000000000000 ) ;
#2643 = CARTESIAN_POINT ( 'NONE',  ( -20.77140111689215374, 26.41430504646028155, 3.299999999999999822 ) ) ;
#2644 = ORIENTED_EDGE ( 'NONE', *, *, #3008, .F. ) ;
#2645 = CARTESIAN_POINT ( 'NONE',  ( 29.80895226759130168, 27.33395166197681547, 3.299999999999999822 ) ) ;
#2646 = AXIS2_PLACEMENT_3D ( 'NONE', #2242, #2043, #781 ) ;
#2647 = DIRECTION ( 'NONE',  ( 1.000000000000000000, 1.355252715606880543E-16, 0.000000000000000000 ) ) ;
#2648 = CARTESIAN_POINT ( 'NONE',  ( -2.269342138677063581, 25.85735331470829834, -2.030000000000000249 ) ) ;
#2649 = CIRCLE ( 'NONE', #1665, 2.019646615516526467 ) ;
#2650 = EDGE_LOOP ( 'NONE', ( #2106, #1696, #375, #1108 ) ) ;
#2651 = DIRECTION ( 'NONE',  ( -0.4999999999999970579, -0.000000000000000000, -0.8660254037844403729 ) ) ;
#2652 = CARTESIAN_POINT ( 'NONE',  ( -21.46934213867641361, -13.56604833802115984, -1.529999999999996474 ) ) ;
#2653 = ORIENTED_EDGE ( 'NONE', *, *, #1883, .T. ) ;
#2654 = CARTESIAN_POINT ( 'NONE',  ( -17.79104773240867843, 28.43395166197680624, 3.299999999999997158 ) ) ;
#2655 = EDGE_CURVE ( 'NONE', #675, #3097, #755, .T. ) ;
#2656 = ORIENTED_EDGE ( 'NONE', *, *, #2257, .F. ) ;
#2657 = CARTESIAN_POINT ( 'NONE',  ( 28.60535941072009436, -15.74999999999999645, 0.000000000000000000 ) ) ;
#2658 = VERTEX_POINT ( 'NONE', #1439 ) ;
#2659 = CARTESIAN_POINT ( 'NONE',  ( 8.558952267596669827, -21.16604833802115948, 3.299999999999999822 ) ) ;
#2660 = VERTEX_POINT ( 'NONE', #1244 ) ;
#2661 = LINE ( 'NONE', #1117, #2642 ) ;
#2662 = EDGE_LOOP ( 'NONE', ( #1056, #2078, #123, #549 ) ) ;
#2663 = DIRECTION ( 'NONE',  ( -7.498852273741028430E-17, -1.000000000000000000, 0.000000000000000000 ) ) ;
#2664 = LINE ( 'NONE', #3107, #2754 ) ;
#2665 = ORIENTED_EDGE ( 'NONE', *, *, #2163, .T. ) ;
#2666 = CARTESIAN_POINT ( 'NONE',  ( 36.62899411469740585, 46.08199355815878562, -14.74804189618169303 ) ) ;
#2667 = LINE ( 'NONE', #779, #1341 ) ;
#2668 = VERTEX_POINT ( 'NONE', #998 ) ;
#2669 = EDGE_CURVE ( 'NONE', #552, #2869, #1741, .T. ) ;
#2670 = VERTEX_POINT ( 'NONE', #1179 ) ;
#2671 = CARTESIAN_POINT ( 'NONE',  ( -19.57934213867641304, -22.29604833802115849, -2.030000000000000249 ) ) ;
#2672 = VERTEX_POINT ( 'NONE', #1685 ) ;
#2673 = CARTESIAN_POINT ( 'NONE',  ( -21.96934213867641361, -11.56604833802115984, -1.029999999999996696 ) ) ;
#2674 = EDGE_CURVE ( 'NONE', #2197, #488, #2581, .T. ) ;
#2675 = DIRECTION ( 'NONE',  ( -0.4999999999999965028, 0.000000000000000000, 0.8660254037844407060 ) ) ;
#2676 = FACE_OUTER_BOUND ( 'NONE', #2505, .T. ) ;
#2677 = EDGE_CURVE ( 'NONE', #1126, #1904, #204, .T. ) ;
#2678 = VERTEX_POINT ( 'NONE', #479 ) ;
#2679 = PLANE ( 'NONE',  #294 ) ;
#2680 = CARTESIAN_POINT ( 'NONE',  ( -18.07972286700349329, 27.33395166197680837, 3.299999999999999822 ) ) ;
#2681 = ORIENTED_EDGE ( 'NONE', *, *, #967, .F. ) ;
#2682 = EDGE_CURVE ( 'NONE', #3058, #1882, #2186, .T. ) ;
#2683 = AXIS2_PLACEMENT_3D ( 'NONE', #715, #959, #2698 ) ;
#2684 = ORIENTED_EDGE ( 'NONE', *, *, #298, .F. ) ;
#2685 = CARTESIAN_POINT ( 'NONE',  ( 25.19858929650946777, 26.33395166197681547, 5.049999999999999822 ) ) ;
#2686 = PLANE ( 'NONE',  #3056 ) ;
#2687 = CIRCLE ( 'NONE', #1854, 1.889999999999999236 ) ;
#2688 = ORIENTED_EDGE ( 'NONE', *, *, #57, .F. ) ;
#2689 = CARTESIAN_POINT ( 'NONE',  ( 31.20895226759131447, -15.74999999999999645, 0.4399999999999990030 ) ) ;
#2690 = VECTOR ( 'NONE', #2314, 1000.000000000000000 ) ;
#2691 = DIRECTION ( 'NONE',  ( 0.000000000000000000, -0.000000000000000000, -1.000000000000000000 ) ) ;
#2692 = DIRECTION ( 'NONE',  ( -0.000000000000000000, -1.000000000000000000, -0.000000000000000000 ) ) ;
#2693 = EDGE_LOOP ( 'NONE', ( #1396, #1239, #1351, #2419 ) ) ;
#2694 = VECTOR ( 'NONE', #1161, 1000.000000000000114 ) ;
#2695 = AXIS2_PLACEMENT_3D ( 'NONE', #1273, #2268, #28 ) ;
#2696 = EDGE_LOOP ( 'NONE', ( #1578, #1006, #1683, #2007 ) ) ;
#2697 = ADVANCED_FACE ( 'NONE', ( #2049 ), #1322, .F. ) ;
#2698 = DIRECTION ( 'NONE',  ( 1.000000000000000000, 0.000000000000000000, 0.000000000000000000 ) ) ;
#2699 = DIRECTION ( 'NONE',  ( -1.508455196501571429E-16, 1.000000000000000000, 0.000000000000000000 ) ) ;
#2700 = VECTOR ( 'NONE', #2069, 1000.000000000000000 ) ;
#2701 = EDGE_CURVE ( 'NONE', #168, #1378, #804, .T. ) ;
#2702 = VECTOR ( 'NONE', #1876, 1000.000000000000000 ) ;
#2703 = EDGE_LOOP ( 'NONE', ( #2460, #384, #419, #2614 ) ) ;
#2704 =( NAMED_UNIT ( * ) SI_UNIT ( $, .STERADIAN. ) SOLID_ANGLE_UNIT ( ) );
#2705 = DIRECTION ( 'NONE',  ( -1.000000000000000000, 4.007979640238702175E-16, -0.000000000000000000 ) ) ;
#2706 = EDGE_CURVE ( 'NONE', #2057, #1891, #3048, .T. ) ;
#2707 = LINE ( 'NONE', #2737, #2016 ) ;
#2708 = CARTESIAN_POINT ( 'NONE',  ( 30.30535941072009010, 14.43395166197680801, -1.029999999999999583 ) ) ;
#2709 = VERTEX_POINT ( 'NONE', #329 ) ;
#2710 = EDGE_CURVE ( 'NONE', #2033, #105, #244, .T. ) ;
#2711 = CARTESIAN_POINT ( 'NONE',  ( -19.57934213867641304, -24.18604833802116261, -2.030000000000000249 ) ) ;
#2712 = CYLINDRICAL_SURFACE ( 'NONE', #2285, 0.5000000000000004441 ) ;
#2713 = DIRECTION ( 'NONE',  ( -1.388870244769555320E-16, 1.000000000000000000, 0.000000000000000000 ) ) ;
#2714 = ADVANCED_FACE ( 'NONE', ( #509 ), #1502, .F. ) ;
#2715 = ORIENTED_EDGE ( 'NONE', *, *, #2140, .T. ) ;
#2716 = VECTOR ( 'NONE', #2969, 1000.000000000000000 ) ;
#2717 = CARTESIAN_POINT ( 'NONE',  ( -18.37934213867641375, -22.98632204341421215, -2.030000000000000249 ) ) ;
#2718 = PRODUCT_DEFINITION_CONTEXT ( 'detailed design', #1104, 'design' ) ;
#2719 = ORIENTED_EDGE ( 'NONE', *, *, #1609, .F. ) ;
#2720 = EDGE_CURVE ( 'NONE', #3165, #2184, #2035, .T. ) ;
#2721 = ORIENTED_EDGE ( 'NONE', *, *, #1072, .F. ) ;
#2722 = CARTESIAN_POINT ( 'NONE',  ( 0.000000000000000000, 0.000000000000000000, 0.000000000000000000 ) ) ;
#2723 = CARTESIAN_POINT ( 'NONE',  ( 0.000000000000000000, 27.55735331470829763, 0.000000000000000000 ) ) ;
#2724 = CARTESIAN_POINT ( 'NONE',  ( 24.60895226759130949, -4.006046101334973924E-15, 1.000000000000000000 ) ) ;
#2725 = CARTESIAN_POINT ( 'NONE',  ( -2.269342138677063581, 27.05735331470829408, -2.030000000000000249 ) ) ;
#2726 = FACE_BOUND ( 'NONE', #2777, .T. ) ;
#2727 = CYLINDRICAL_SURFACE ( 'NONE', #2695, 1.887302514605008419 ) ;
#2728 = CARTESIAN_POINT ( 'NONE',  ( 25.19858929650946067, 72.47938275306728428, 5.050000000000000711 ) ) ;
#2729 = ORIENTED_EDGE ( 'NONE', *, *, #191, .T. ) ;
#2730 = CARTESIAN_POINT ( 'NONE',  ( -21.96934213867641361, -13.56604833802115984, -1.029999999999996474 ) ) ;
#2731 = ORIENTED_EDGE ( 'NONE', *, *, #2154, .T. ) ;
#2732 = EDGE_CURVE ( 'NONE', #705, #368, #837, .T. ) ;
#2733 = ADVANCED_FACE ( 'NONE', ( #1012 ), #2017, .F. ) ;
#2734 = VECTOR ( 'NONE', #1272, 1000.000000000000000 ) ;
#2735 = EDGE_LOOP ( 'NONE', ( #878, #1279, #164, #436 ) ) ;
#2736 = PLANE ( 'NONE',  #676 ) ;
#2737 = CARTESIAN_POINT ( 'NONE',  ( -16.19104773240868411, 2.635710896573367125E-15, 1.000000000000000000 ) ) ;
#2738 = DIRECTION ( 'NONE',  ( 0.000000000000000000, -6.938893903907228378E-15, -1.000000000000000000 ) ) ;
#2739 = CARTESIAN_POINT ( 'NONE',  ( 24.60895226759130594, -19.19134633802116241, 1.000000000000000000 ) ) ;
#2740 = VECTOR ( 'NONE', #1900, 1000.000000000000000 ) ;
#2741 = LINE ( 'NONE', #2021, #1247 ) ;
#2742 = CIRCLE ( 'NONE', #198, 0.5000000000000004441 ) ;
#2743 = EDGE_CURVE ( 'NONE', #1149, #1410, #2527, .T. ) ;
#2744 = LINE ( 'NONE', #2483, #40 ) ;
#2745 = ORIENTED_EDGE ( 'NONE', *, *, #2371, .T. ) ;
#2746 = AXIS2_PLACEMENT_3D ( 'NONE', #1181, #420, #1860 ) ;
#2747 = PLANE ( 'NONE',  #1243 ) ;
#2748 = EDGE_LOOP ( 'NONE', ( #1208, #815, #2430, #1024 ) ) ;
#2749 = CIRCLE ( 'NONE', #1660, 1.887302514605001313 ) ;
#2750 = SURFACE_STYLE_FILL_AREA ( #1751 ) ;
#2751 = VECTOR ( 'NONE', #2675, 1000.000000000000227 ) ;
#2752 = EDGE_LOOP ( 'NONE', ( #1626, #6, #1650, #1294, #1697, #74, #1175, #2271 ) ) ;
#2753 = LINE ( 'NONE', #2232, #747 ) ;
#2754 = VECTOR ( 'NONE', #1846, 1000.000000000000000 ) ;
#2755 = DIRECTION ( 'NONE',  ( -1.627881617134397475E-16, -1.000000000000000000, 0.000000000000000000 ) ) ;
#2756 = EDGE_CURVE ( 'NONE', #2709, #1223, #528, .T. ) ;
#2757 = FACE_OUTER_BOUND ( 'NONE', #1110, .T. ) ;
#2758 = CARTESIAN_POINT ( 'NONE',  ( -17.09822740938113128, 26.33395166197680837, 4.500000000000000000 ) ) ;
#2759 = CARTESIAN_POINT ( 'NONE',  ( 29.80535941072009010, -22.29604833802116204, -2.030000000000000249 ) ) ;
#2760 = DIRECTION ( 'NONE',  ( -0.000000000000000000, -0.000000000000000000, -1.000000000000000000 ) ) ;
#2761 = DIRECTION ( 'NONE',  ( 0.000000000000000000, 0.000000000000000000, 1.000000000000000000 ) ) ;
#2762 = ADVANCED_FACE ( 'NONE', ( #1759, #2757, #1516 ), #1307, .F. ) ;
#2763 = ORIENTED_EDGE ( 'NONE', *, *, #278, .T. ) ;
#2764 = CARTESIAN_POINT ( 'NONE',  ( -2.269342138677063581, 25.85735331470829834, -2.030000000000000249 ) ) ;
#2765 = FACE_OUTER_BOUND ( 'NONE', #2812, .T. ) ;
#2766 = ORIENTED_EDGE ( 'NONE', *, *, #764, .F. ) ;
#2767 = DIRECTION ( 'NONE',  ( 1.355252715606880543E-16, -1.000000000000000000, 0.000000000000000000 ) ) ;
#2768 = ORIENTED_EDGE ( 'NONE', *, *, #363, .T. ) ;
#2769 = DIRECTION ( 'NONE',  ( 1.000000000000000000, 0.000000000000000000, 0.000000000000000000 ) ) ;
#2770 = CARTESIAN_POINT ( 'NONE',  ( -16.19104773240868411, 23.43395166197680979, 1.000000000000000000 ) ) ;
#2771 = DIRECTION ( 'NONE',  ( -0.000000000000000000, -0.000000000000000000, 1.000000000000000000 ) ) ;
#2772 = EDGE_CURVE ( 'NONE', #2046, #2033, #2511, .T. ) ;
#2773 = CARTESIAN_POINT ( 'NONE',  ( 29.80535941072009010, -15.74999999999999645, -2.030000000000000249 ) ) ;
#2774 = DIRECTION ( 'NONE',  ( -1.000000000000000000, 0.000000000000000000, 0.000000000000000000 ) ) ;
#2775 = DIRECTION ( 'NONE',  ( -0.000000000000000000, -0.000000000000000000, 1.000000000000000000 ) ) ;
#2776 = DIRECTION ( 'NONE',  ( 0.000000000000000000, 0.000000000000000000, -1.000000000000000000 ) ) ;
#2777 = EDGE_LOOP ( 'NONE', ( #2576, #110 ) ) ;
#2778 = CARTESIAN_POINT ( 'NONE',  ( -21.46934213867641361, -22.29604833802115849, -2.030000000000000249 ) ) ;
#2779 = LINE ( 'NONE', #285, #145 ) ;
#2780 = ORIENTED_EDGE ( 'NONE', *, *, #515, .F. ) ;
#2781 = LINE ( 'NONE', #554, #956 ) ;
#2782 = ORIENTED_EDGE ( 'NONE', *, *, #2480, .T. ) ;
#2783 = VERTEX_POINT ( 'NONE', #2286 ) ;
#2784 = DIRECTION ( 'NONE',  ( -0.000000000000000000, 0.000000000000000000, -1.000000000000000000 ) ) ;
#2785 = CARTESIAN_POINT ( 'NONE',  ( -18.07972286700350040, 72.47938275306727007, 3.799999999999999822 ) ) ;
#2786 = ADVANCED_FACE ( 'NONE', ( #2265 ), #790, .T. ) ;
#2787 = CARTESIAN_POINT ( 'NONE',  ( 21.20895226759131447, -4.749999999999997335, 0.4400000000000003353 ) ) ;
#2788 = AXIS2_PLACEMENT_3D ( 'NONE', #48, #1794, #2051 ) ;
#2789 = PLANE ( 'NONE',  #2795 ) ;
#2790 = DIRECTION ( 'NONE',  ( -0.000000000000000000, 0.000000000000000000, 1.000000000000000000 ) ) ;
#2791 = VECTOR ( 'NONE', #1514, 1000.000000000000000 ) ;
#2792 = CARTESIAN_POINT ( 'NONE',  ( 24.60895226759130594, -19.19134633802116241, 0.000000000000000000 ) ) ;
#2793 = ORIENTED_EDGE ( 'NONE', *, *, #1557, .F. ) ;
#2794 = DIRECTION ( 'NONE',  ( -0.000000000000000000, -0.000000000000000000, 1.000000000000000000 ) ) ;
#2795 = AXIS2_PLACEMENT_3D ( 'NONE', #343, #2809, #3085 ) ;
#2796 = CARTESIAN_POINT ( 'NONE',  ( 24.60895226759131305, 23.43395166197680979, 0.000000000000000000 ) ) ;
#2797 = ORIENTED_EDGE ( 'NONE', *, *, #106, .F. ) ;
#2798 = AXIS2_PLACEMENT_3D ( 'NONE', #2868, #1333, #2583 ) ;
#2799 = EDGE_CURVE ( 'NONE', #1727, #675, #2807, .T. ) ;
#2800 = VECTOR ( 'NONE', #756, 1000.000000000000000 ) ;
#2801 = LINE ( 'NONE', #1281, #1690 ) ;
#2802 = VERTEX_POINT ( 'NONE', #558 ) ;
#2803 = ORIENTED_EDGE ( 'NONE', *, *, #987, .F. ) ;
#2804 = ADVANCED_FACE ( 'NONE', ( #1550 ), #2544, .F. ) ;
#2805 = DIRECTION ( 'NONE',  ( 0.000000000000000000, 0.000000000000000000, 1.000000000000000000 ) ) ;
#2806 = VECTOR ( 'NONE', #2463, 1000.000000000000000 ) ;
#2807 = LINE ( 'NONE', #3031, #1803 ) ;
#2808 = CARTESIAN_POINT ( 'NONE',  ( -21.46934213867641361, 14.43395166197680801, -1.529999999999999805 ) ) ;
#2809 = DIRECTION ( 'NONE',  ( 0.000000000000000000, 1.000000000000000000, -0.000000000000000000 ) ) ;
#2810 = CIRCLE ( 'NONE', #2597, 0.5000000000000004441 ) ;
#2811 = CARTESIAN_POINT ( 'NONE',  ( 28.60535941072009791, -4.749999999999997335, 0.000000000000000000 ) ) ;
#2812 = EDGE_LOOP ( 'NONE', ( #1833, #2586, #2215, #869 ) ) ;
#2813 = DIRECTION ( 'NONE',  ( 0.000000000000000000, 0.000000000000000000, 1.000000000000000000 ) ) ;
#2814 = CARTESIAN_POINT ( 'NONE',  ( 27.91805689611508967, 25.85735331470829834, 0.000000000000000000 ) ) ;
#2815 = ORIENTED_EDGE ( 'NONE', *, *, #1168, .F. ) ;
#2816 = ADVANCED_FACE ( 'NONE', ( #1063 ), #2679, .T. ) ;
#2817 = VERTEX_POINT ( 'NONE', #1142 ) ;
#2818 = ORIENTED_EDGE ( 'NONE', *, *, #2092, .F. ) ;
#2819 = LINE ( 'NONE', #2015, #3178 ) ;
#2820 = ADVANCED_FACE ( 'NONE', ( #2572 ), #2821, .T. ) ;
#2821 = CYLINDRICAL_SURFACE ( 'NONE', #1444, 2.019646615516526467 ) ;
#2822 = FACE_OUTER_BOUND ( 'NONE', #180, .T. ) ;
#2823 = EDGE_CURVE ( 'NONE', #1083, #2129, #2930, .T. ) ;
#2824 = DIRECTION ( 'NONE',  ( -1.000000000000000000, -1.388870244769555320E-16, 0.000000000000000000 ) ) ;
#2825 = CARTESIAN_POINT ( 'NONE',  ( 6.558952267585965501, -21.16604833802115948, 0.000000000000000000 ) ) ;
#2826 = VERTEX_POINT ( 'NONE', #1339 ) ;
#2827 = CARTESIAN_POINT ( 'NONE',  ( -19.58203962407140253, 25.85735331470830545, -2.030000000000000249 ) ) ;
#2828 = CARTESIAN_POINT ( 'NONE',  ( -19.58203962407140253, 25.17005080010329721, 0.000000000000000000 ) ) ;
#2829 = ORIENTED_EDGE ( 'NONE', *, *, #950, .F. ) ;
#2830 = EDGE_CURVE ( 'NONE', #105, #1904, #2179, .T. ) ;
#2831 = DIRECTION ( 'NONE',  ( -1.000000000000000000, 0.000000000000000000, 0.000000000000000000 ) ) ;
#2832 = ORIENTED_EDGE ( 'NONE', *, *, #2118, .T. ) ;
#2833 = EDGE_CURVE ( 'NONE', #812, #1709, #2373, .T. ) ;
#2834 = ORIENTED_EDGE ( 'NONE', *, *, #2257, .T. ) ;
#2835 = EDGE_CURVE ( 'NONE', #615, #2658, #1449, .T. ) ;
#2836 = CARTESIAN_POINT ( 'NONE',  ( -20.26934213867641077, 25.17005080010329721, -2.030000000000000249 ) ) ;
#2837 = CARTESIAN_POINT ( 'NONE',  ( 11.05895226759131056, -24.68604833802116261, -1.030000000000000027 ) ) ;
#2838 = DIRECTION ( 'NONE',  ( 1.355252715606880789E-16, -1.000000000000000000, 0.000000000000000000 ) ) ;
#2839 = CARTESIAN_POINT ( 'NONE',  ( -19.58203962407140253, 27.05735331470830118, 0.000000000000000000 ) ) ;
#2840 = EDGE_LOOP ( 'NONE', ( #802, #799, #2555, #390 ) ) ;
#2841 = LINE ( 'NONE', #1313, #2435 ) ;
#2842 = EDGE_CURVE ( 'NONE', #1882, #31, #2443, .T. ) ;
#2843 = CARTESIAN_POINT ( 'NONE',  ( 11.05895226759131056, -24.18604833802116261, -1.030000000000000027 ) ) ;
#2844 = ORIENTED_EDGE ( 'NONE', *, *, #640, .T. ) ;
#2845 = DIRECTION ( 'NONE',  ( -0.000000000000000000, -0.000000000000000000, 1.000000000000000000 ) ) ;
#2846 = VECTOR ( 'NONE', #530, 1000.000000000000000 ) ;
#2847 = ORIENTED_EDGE ( 'NONE', *, *, #2942, .F. ) ;
#2848 = AXIS2_PLACEMENT_3D ( 'NONE', #1435, #1207, #1523 ) ;
#2849 = DIRECTION ( 'NONE',  ( 1.388870244769555320E-16, -1.000000000000000000, 0.000000000000000000 ) ) ;
#2850 = ORIENTED_EDGE ( 'NONE', *, *, #2183, .T. ) ;
#2851 = VECTOR ( 'NONE', #466, 1000.000000000000000 ) ;
#2852 = VERTEX_POINT ( 'NONE', #1173 ) ;
#2853 = DIRECTION ( 'NONE',  ( -0.000000000000000000, -0.000000000000000000, 1.000000000000000000 ) ) ;
#2854 = EDGE_CURVE ( 'NONE', #2054, #2089, #3160, .T. ) ;
#2855 = VECTOR ( 'NONE', #486, 1000.000000000000000 ) ;
#2856 = DIRECTION ( 'NONE',  ( -0.000000000000000000, -0.000000000000000000, -1.000000000000000000 ) ) ;
#2857 = AXIS2_PLACEMENT_3D ( 'NONE', #526, #1515, #2981 ) ;
#2858 = CARTESIAN_POINT ( 'NONE',  ( 11.05895226759131056, -24.68604833802116261, -1.530000000000000027 ) ) ;
#2859 = ORIENTED_EDGE ( 'NONE', *, *, #2571, .T. ) ;
#2860 = DIRECTION ( 'NONE',  ( 1.000000000000000000, 0.000000000000000000, 0.000000000000000000 ) ) ;
#2861 = VECTOR ( 'NONE', #729, 1000.000000000000000 ) ;
#2862 = DIRECTION ( 'NONE',  ( 9.583083854271022419E-17, -0.7071067811865426878, -0.7071067811865523467 ) ) ;
#2863 = AXIS2_PLACEMENT_3D ( 'NONE', #1841, #128, #1131 ) ;
#2864 = ADVANCED_FACE ( 'NONE', ( #944 ), #649, .F. ) ;
#2865 = ORIENTED_EDGE ( 'NONE', *, *, #1590, .T. ) ;
#2866 = LINE ( 'NONE', #630, #1250 ) ;
#2867 = ORIENTED_EDGE ( 'NONE', *, *, #3041, .F. ) ;
#2868 = CARTESIAN_POINT ( 'NONE',  ( -21.96934213867641361, 14.43395166197680801, -1.529999999999999805 ) ) ;
#2869 = VERTEX_POINT ( 'NONE', #2126 ) ;
#2870 = VERTEX_POINT ( 'NONE', #3127 ) ;
#2871 = CARTESIAN_POINT ( 'NONE',  ( 29.80895226759130878, -18.66604833802318453, 1.000000000000000000 ) ) ;
#2872 = CYLINDRICAL_SURFACE ( 'NONE', #1643, 2.019646615516526467 ) ;
#2873 = ORIENTED_EDGE ( 'NONE', *, *, #189, .T. ) ;
#2874 = DIRECTION ( 'NONE',  ( -1.355252715606880543E-16, 1.000000000000000000, 0.000000000000000000 ) ) ;
#2875 = ORIENTED_EDGE ( 'NONE', *, *, #265, .T. ) ;
#2876 = LINE ( 'NONE', #644, #2065 ) ;
#2877 = LINE ( 'NONE', #2338, #1291 ) ;
#2878 = CARTESIAN_POINT ( 'NONE',  ( 28.60535941072009436, -21.09632204341422224, 0.000000000000000000 ) ) ;
#2879 = VERTEX_POINT ( 'NONE', #160 ) ;
#2880 = CARTESIAN_POINT ( 'NONE',  ( 22.60895226759131305, -22.06604833802116161, 0.000000000000000000 ) ) ;
#2881 = DIRECTION ( 'NONE',  ( 0.000000000000000000, 0.000000000000000000, 1.000000000000000000 ) ) ;
#2882 = ORIENTED_EDGE ( 'NONE', *, *, #2112, .F. ) ;
#2883 = ORIENTED_EDGE ( 'NONE', *, *, #1100, .T. ) ;
#2884 = CARTESIAN_POINT ( 'NONE',  ( -21.46934213867641361, -13.56604833802115628, -1.029999999999996474 ) ) ;
#2885 = ORIENTED_EDGE ( 'NONE', *, *, #1851, .T. ) ;
#2886 = CARTESIAN_POINT ( 'NONE',  ( 11.05895226759130878, 27.55735331470829763, -1.530000000000000027 ) ) ;
#2887 = ORIENTED_EDGE ( 'NONE', *, *, #1284, .T. ) ;
#2888 = CARTESIAN_POINT ( 'NONE',  ( 11.05895226759130878, 27.05735331470829763, -1.530000000000000027 ) ) ;
#2889 = VERTEX_POINT ( 'NONE', #405 ) ;
#2890 = DIRECTION ( 'NONE',  ( -0.000000000000000000, -0.000000000000000000, 1.000000000000000000 ) ) ;
#2891 = ORIENTED_EDGE ( 'NONE', *, *, #735, .F. ) ;
#2892 = PLANE ( 'NONE',  #2961 ) ;
#2893 = VECTOR ( 'NONE', #639, 1000.000000000000000 ) ;
#2894 = FACE_BOUND ( 'NONE', #2359, .T. ) ;
#2895 = EDGE_LOOP ( 'NONE', ( #52, #1610 ) ) ;
#2896 = CARTESIAN_POINT ( 'NONE',  ( -21.46934213867641361, 25.17005080010329721, 0.000000000000000000 ) ) ;
#2897 = FACE_OUTER_BOUND ( 'NONE', #1481, .T. ) ;
#2898 = ORIENTED_EDGE ( 'NONE', *, *, #82, .T. ) ;
#2899 = VERTEX_POINT ( 'NONE', #911 ) ;
#2900 = VECTOR ( 'NONE', #1809, 1000.000000000000000 ) ;
#2901 = DIRECTION ( 'NONE',  ( 1.000000000000000000, 0.000000000000000000, 0.000000000000000000 ) ) ;
#2902 = ORIENTED_EDGE ( 'NONE', *, *, #2284, .F. ) ;
#2903 = CIRCLE ( 'NONE', #1395, 0.5000000000000004441 ) ;
#2904 = DIRECTION ( 'NONE',  ( 1.000000000000000000, -0.000000000000000000, -0.000000000000000000 ) ) ;
#2905 = ORIENTED_EDGE ( 'NONE', *, *, #4, .F. ) ;
#2906 = CIRCLE ( 'NONE', #2746, 1.890000000000002789 ) ;
#2907 = CARTESIAN_POINT ( 'NONE',  ( 30.30535941072009010, 16.43395166197680979, -1.530000000000000027 ) ) ;
#2908 = ORIENTED_EDGE ( 'NONE', *, *, #2506, .F. ) ;
#2909 = CARTESIAN_POINT ( 'NONE',  ( 11.05895226759130878, 27.05735331470829763, -1.530000000000000027 ) ) ;
#2910 = VECTOR ( 'NONE', #1462, 1000.000000000000000 ) ;
#2911 = CARTESIAN_POINT ( 'NONE',  ( 13.05895226759131056, -24.18604833802116261, -1.530000000000000027 ) ) ;
#2912 = CARTESIAN_POINT ( 'NONE',  ( 24.60895226759130594, -18.66604833802318808, 1.000000000000000000 ) ) ;
#2913 = AXIS2_PLACEMENT_3D ( 'NONE', #3034, #2790, #982 ) ;
#2914 = AXIS2_PLACEMENT_3D ( 'NONE', #1988, #2985, #2220 ) ;
#2915 = ORIENTED_EDGE ( 'NONE', *, *, #2421, .F. ) ;
#2916 = CARTESIAN_POINT ( 'NONE',  ( -21.96934213867641361, 0.000000000000000000, 0.000000000000000000 ) ) ;
#2917 = LINE ( 'NONE', #2652, #1707 ) ;
#2918 = EDGE_CURVE ( 'NONE', #801, #2054, #2273, .T. ) ;
#2919 = EDGE_CURVE ( 'NONE', #1815, #445, #1206, .T. ) ;
#2920 = ORIENTED_EDGE ( 'NONE', *, *, #408, .T. ) ;
#2921 = VERTEX_POINT ( 'NONE', #195 ) ;
#2922 = DIRECTION ( 'NONE',  ( -0.000000000000000000, 1.000000000000000000, -1.084202172485504434E-16 ) ) ;
#2923 = EDGE_CURVE ( 'NONE', #2899, #1766, #1826, .T. ) ;
#2924 = EDGE_LOOP ( 'NONE', ( #1745, #2992, #636, #2665 ) ) ;
#2925 = LINE ( 'NONE', #1441, #1750 ) ;
#2926 = CARTESIAN_POINT ( 'NONE',  ( 13.05895226759131056, -24.18604833802116261, -1.030000000000000027 ) ) ;
#2927 = CARTESIAN_POINT ( 'NONE',  ( 24.60895226759130949, -4.749999999999998224, 0.000000000000000000 ) ) ;
#2928 = ORIENTED_EDGE ( 'NONE', *, *, #537, .T. ) ;
#2929 = EDGE_CURVE ( 'NONE', #444, #1944, #929, .T. ) ;
#2930 = LINE ( 'NONE', #1693, #1652 ) ;
#2931 = PLANE ( 'NONE',  #404 ) ;
#2932 = ORIENTED_EDGE ( 'NONE', *, *, #2923, .F. ) ;
#2933 = ORIENTED_EDGE ( 'NONE', *, *, #3015, .T. ) ;
#2934 = CARTESIAN_POINT ( 'NONE',  ( -16.19104773240868766, -19.19134633802116241, 1.000000000000000000 ) ) ;
#2935 = DIRECTION ( 'NONE',  ( 1.000000000000000000, 0.000000000000000000, 0.000000000000000000 ) ) ;
#2936 = ORIENTED_EDGE ( 'NONE', *, *, #958, .T. ) ;
#2937 = LINE ( 'NONE', #2689, #2851 ) ;
#2938 = EDGE_CURVE ( 'NONE', #1727, #1950, #1191, .T. ) ;
#2939 = CARTESIAN_POINT ( 'NONE',  ( 24.60895226759130949, -4.749999999999996447, 1.000000000000000000 ) ) ;
#2940 = LINE ( 'NONE', #711, #2861 ) ;
#2941 = ORIENTED_EDGE ( 'NONE', *, *, #326, .T. ) ;
#2942 = EDGE_CURVE ( 'NONE', #2003, #1907, #1680, .T. ) ;
#2943 = UNCERTAINTY_MEASURE_WITH_UNIT (LENGTH_MEASURE( 1.000000000000000082E-05 ), #2090, 'distance_accuracy_value', 'NONE');
#2944 = ORIENTED_EDGE ( 'NONE', *, *, #2480, .F. ) ;
#2945 = LINE ( 'NONE', #1711, #2166 ) ;
#2946 = LINE ( 'NONE', #229, #1749 ) ;
#2947 = EDGE_CURVE ( 'NONE', #1199, #1071, #442, .T. ) ;
#2948 = ORIENTED_EDGE ( 'NONE', *, *, #2655, .F. ) ;
#2949 = AXIS2_PLACEMENT_3D ( 'NONE', #214, #2410, #1434 ) ;
#2950 = DIRECTION ( 'NONE',  ( -1.000000000000000000, 4.007979640238702175E-16, 0.000000000000000000 ) ) ;
#2951 = LINE ( 'NONE', #1997, #727 ) ;
#2952 = ADVANCED_FACE ( 'NONE', ( #3181 ), #426, .F. ) ;
#2953 = CARTESIAN_POINT ( 'NONE',  ( -18.37934213867641375, -21.09632204341421158, -2.030000000000000249 ) ) ;
#2954 = AXIS2_PLACEMENT_3D ( 'NONE', #2209, #688, #1967 ) ;
#2955 = ORIENTED_EDGE ( 'NONE', *, *, #183, .F. ) ;
#2956 = CARTESIAN_POINT ( 'NONE',  ( -21.39104773240869406, 27.33395166197680837, 3.299999999999999822 ) ) ;
#2957 = VECTOR ( 'NONE', #1624, 1000.000000000000000 ) ;
#2958 = DIRECTION ( 'NONE',  ( -0.000000000000000000, -0.000000000000000000, 1.000000000000000000 ) ) ;
#2959 = CARTESIAN_POINT ( 'NONE',  ( 29.18930565207478267, 26.41430504646028155, 0.000000000000000000 ) ) ;
#2960 = EDGE_LOOP ( 'NONE', ( #324, #2402, #2041, #2887 ) ) ;
#2961 = AXIS2_PLACEMENT_3D ( 'NONE', #1676, #3205, #2691 ) ;
#2962 = EDGE_CURVE ( 'NONE', #441, #1205, #2945, .T. ) ;
#2963 = DIRECTION ( 'NONE',  ( -0.000000000000000000, 1.000000000000000000, -0.000000000000000000 ) ) ;
#2964 = VECTOR ( 'NONE', #63, 1000.000000000000000 ) ;
#2965 = ORIENTED_EDGE ( 'NONE', *, *, #2962, .F. ) ;
#2966 = DIRECTION ( 'NONE',  ( -1.000000000000000000, 0.000000000000000000, -0.000000000000000000 ) ) ;
#2967 = AXIS2_PLACEMENT_3D ( 'NONE', #134, #3157, #1639 ) ;
#2968 = ORIENTED_EDGE ( 'NONE', *, *, #2122, .T. ) ;
#2969 = DIRECTION ( 'NONE',  ( 1.000000000000000000, -0.000000000000000000, -0.000000000000000000 ) ) ;
#2970 = CARTESIAN_POINT ( 'NONE',  ( 22.60895226759131305, -22.06604833802116161, 3.299999999999999822 ) ) ;
#2971 = FACE_OUTER_BOUND ( 'NONE', #2703, .T. ) ;
#2972 = PLANE ( 'NONE',  #1139 ) ;
#2973 = DIRECTION ( 'NONE',  ( 0.000000000000000000, 0.000000000000000000, 1.000000000000000000 ) ) ;
#2974 = CARTESIAN_POINT ( 'NONE',  ( -19.57934213867641304, -24.18604833802116261, -2.030000000000000249 ) ) ;
#2975 = VERTEX_POINT ( 'NONE', #1324 ) ;
#2976 = EDGE_CURVE ( 'NONE', #1374, #1944, #2082, .T. ) ;
#2977 = DIRECTION ( 'NONE',  ( 1.000000000000000000, 0.000000000000000000, -0.000000000000000000 ) ) ;
#2978 = ORIENTED_EDGE ( 'NONE', *, *, #1785, .T. ) ;
#2979 = ORIENTED_EDGE ( 'NONE', *, *, #651, .F. ) ;
#2980 = DIRECTION ( 'NONE',  ( 0.000000000000000000, 0.000000000000000000, 1.000000000000000000 ) ) ;
#2981 = DIRECTION ( 'NONE',  ( 1.000000000000000000, 0.000000000000000000, 0.000000000000000000 ) ) ;
#2982 = LINE ( 'NONE', #1731, #3213 ) ;
#2983 = CARTESIAN_POINT ( 'NONE',  ( 21.20895226759131447, -15.74999999999999645, 0.4399999999999990030 ) ) ;
#2984 = DIRECTION ( 'NONE',  ( -0.000000000000000000, -0.000000000000000000, 1.000000000000000000 ) ) ;
#2985 = DIRECTION ( 'NONE',  ( 0.000000000000000000, 0.000000000000000000, 1.000000000000000000 ) ) ;
#2986 = ORIENTED_EDGE ( 'NONE', *, *, #2919, .T. ) ;
#2987 = PLANE ( 'NONE',  #1401 ) ;
#2988 = ORIENTED_EDGE ( 'NONE', *, *, #633, .F. ) ;
#2989 = ADVANCED_FACE ( 'NONE', ( #591 ), #3070, .T. ) ;
#2990 = VECTOR ( 'NONE', #656, 1000.000000000000000 ) ;
#2991 = DIRECTION ( 'NONE',  ( -0.000000000000000000, -0.000000000000000000, -1.000000000000000000 ) ) ;
#2992 = ORIENTED_EDGE ( 'NONE', *, *, #1673, .F. ) ;
#2993 = CARTESIAN_POINT ( 'NONE',  ( 11.05895226759131056, -24.68604833802116261, -1.030000000000000027 ) ) ;
#2994 = FACE_OUTER_BOUND ( 'NONE', #1686, .T. ) ;
#2995 = DIRECTION ( 'NONE',  ( 0.000000000000000000, -1.000000000000000000, 0.000000000000000000 ) ) ;
#2996 = CARTESIAN_POINT ( 'NONE',  ( -21.96934213867641361, 16.43395166197680979, -1.530000000000000027 ) ) ;
#2997 = AXIS2_PLACEMENT_3D ( 'NONE', #2235, #221, #1427 ) ;
#2998 = DIRECTION ( 'NONE',  ( 1.000000000000000000, 7.304913682519391717E-17, 0.000000000000000000 ) ) ;
#2999 =( GEOMETRIC_REPRESENTATION_CONTEXT ( 3 ) GLOBAL_UNCERTAINTY_ASSIGNED_CONTEXT ( ( #2943 ) ) GLOBAL_UNIT_ASSIGNED_CONTEXT ( ( #2090, #122, #2633 ) ) REPRESENTATION_CONTEXT ( 'NONE', 'WORKASPACE' ) );
#3000 = DIRECTION ( 'NONE',  ( 1.000000000000000000, 1.355252715606880543E-16, 0.000000000000000000 ) ) ;
#3001 = ORIENTED_EDGE ( 'NONE', *, *, #892, .T. ) ;
#3002 = AXIS2_PLACEMENT_3D ( 'NONE', #682, #2611, #905 ) ;
#3003 = DIRECTION ( 'NONE',  ( 1.000000000000000000, -2.308107271640239084E-16, 0.000000000000000000 ) ) ;
#3004 = ORIENTED_EDGE ( 'NONE', *, *, #2929, .T. ) ;
#3005 = VECTOR ( 'NONE', #438, 1000.000000000000000 ) ;
#3006 = PRODUCT_DEFINITION_SHAPE ( 'NONE', 'NONE',  #1795 ) ;
#3007 = VECTOR ( 'NONE', #1051, 1000.000000000000000 ) ;
#3008 = EDGE_CURVE ( 'NONE', #1492, #705, #1080, .T. ) ;
#3009 = SURFACE_STYLE_USAGE ( .BOTH. , #523 ) ;
#3010 = AXIS2_PLACEMENT_3D ( 'NONE', #2102, #2370, #1677 ) ;
#3011 = ORIENTED_EDGE ( 'NONE', *, *, #2022, .T. ) ;
#3012 = CARTESIAN_POINT ( 'NONE',  ( -21.46934213867641361, -22.29604833802115849, 0.000000000000000000 ) ) ;
#3013 = VECTOR ( 'NONE', #2594, 1000.000000000000000 ) ;
#3014 = CYLINDRICAL_SURFACE ( 'NONE', #1973, 1.000000000000000000 ) ;
#3015 = EDGE_CURVE ( 'NONE', #1753, #1440, #2331, .T. ) ;
#3016 = DIRECTION ( 'NONE',  ( -1.627881617134397475E-16, -1.000000000000000000, -1.232047923278982199E-16 ) ) ;
#3017 = CARTESIAN_POINT ( 'NONE',  ( 31.20895226759131447, -23.54640172250463692, 3.299999999999999822 ) ) ;
#3018 = CARTESIAN_POINT ( 'NONE',  ( 29.18930565207478622, -4.749999999999997335, 0.000000000000000000 ) ) ;
#3019 = LINE ( 'NONE', #1743, #359 ) ;
#3020 = EDGE_CURVE ( 'NONE', #1164, #2879, #2037, .T. ) ;
#3021 = CARTESIAN_POINT ( 'NONE',  ( 26.49762740218612223, 28.43395166197680979, 3.799999999999999822 ) ) ;
#3022 = ORIENTED_EDGE ( 'NONE', *, *, #2743, .T. ) ;
#3023 = CARTESIAN_POINT ( 'NONE',  ( 20.00895226759132228, -22.06604833802116161, 0.000000000000000000 ) ) ;
#3024 = DIRECTION ( 'NONE',  ( 0.000000000000000000, 6.938893903907228378E-15, 1.000000000000000000 ) ) ;
#3025 = ORIENTED_EDGE ( 'NONE', *, *, #1091, .F. ) ;
#3026 = EDGE_CURVE ( 'NONE', #1529, #635, #2546, .T. ) ;
#3027 = FILL_AREA_STYLE_COLOUR ( '', #506 ) ;
#3028 = ORIENTED_EDGE ( 'NONE', *, *, #199, .F. ) ;
#3029 = ORIENTED_EDGE ( 'NONE', *, *, #527, .T. ) ;
#3030 = CARTESIAN_POINT ( 'NONE',  ( 25.22745680996894535, 26.33395166197681547, 5.000000000000006217 ) ) ;
#3031 = CARTESIAN_POINT ( 'NONE',  ( -22.79104773240868198, 26.41430504646028155, 3.299999999999999822 ) ) ;
#3032 = CARTESIAN_POINT ( 'NONE',  ( 28.60535941072009436, -21.09632204341422224, 0.000000000000000000 ) ) ;
#3033 = FACE_OUTER_BOUND ( 'NONE', #3093, .T. ) ;
#3034 = CARTESIAN_POINT ( 'NONE',  ( 11.05895226759131056, -24.68604833802116261, -1.030000000000000027 ) ) ;
#3035 = DIRECTION ( 'NONE',  ( 0.000000000000000000, 0.000000000000000000, 1.000000000000000000 ) ) ;
#3036 = VERTEX_POINT ( 'NONE', #1586 ) ;
#3037 = FACE_OUTER_BOUND ( 'NONE', #1823, .T. ) ;
#3038 = EDGE_CURVE ( 'NONE', #268, #2672, #3050, .T. ) ;
#3039 = CARTESIAN_POINT ( 'NONE',  ( 5.805359410720100755, 27.05735331470829763, -2.030000000000000249 ) ) ;
#3040 = ORIENTED_EDGE ( 'NONE', *, *, #2193, .F. ) ;
#3041 = EDGE_CURVE ( 'NONE', #2672, #842, #1812, .T. ) ;
#3042 = EDGE_CURVE ( 'NONE', #2207, #1753, #3108, .T. ) ;
#3043 = LINE ( 'NONE', #1528, #1656 ) ;
#3044 = ORIENTED_EDGE ( 'NONE', *, *, #1345, .T. ) ;
#3045 = ORIENTED_EDGE ( 'NONE', *, *, #2732, .F. ) ;
#3046 = AXIS2_PLACEMENT_3D ( 'NONE', #295, #1828, #806 ) ;
#3047 = LINE ( 'NONE', #291, #1866 ) ;
#3048 = LINE ( 'NONE', #543, #560 ) ;
#3049 = PLANE ( 'NONE',  #513 ) ;
#3050 = LINE ( 'NONE', #331, #1543 ) ;
#3051 = CLOSED_SHELL ( 'NONE', ( #1991, #2208, #872, #2029, #1085, #2989, #2762, #2446, #879, #1092, #2052, #216, #2733, #2820, #1187, #1872, #2714, #3180, #1010, #1881, #1225, #600, #2804, #450, #2474, #446, #3113, #2561, #503, #1708, #3096, #304, #1569, #3092, #453, #1130, #689, #290, #1366, #1321, #2534, #2156, #3072, #2697, #2263, #2441, #155, #2864, #2514, #541, #169, #1432, #1940, #3060, #2088, #1533, #158, #1645, #2360, #2612, #50, #1821, #1954, #2578, #1372, #378, #763, #2952, #399, #135, #2466, #22, #3055, #2076, #68, #2816, #2341, #269, #2593, #2368, #1028, #1400, #1218, #1582, #1459, #943, #971, #1782, #314, #620, #45, #3142, #1306, #16, #2786, #2103, #1003, #1752, #1602 ) ) ;
#3052 = PLANE ( 'NONE',  #521 ) ;
#3053 = ORIENTED_EDGE ( 'NONE', *, *, #946, .T. ) ;
#3054 = LINE ( 'NONE', #2306, #2326 ) ;
#3055 = ADVANCED_FACE ( 'NONE', ( #2303 ), #2789, .F. ) ;
#3056 = AXIS2_PLACEMENT_3D ( 'NONE', #1975, #724, #3232 ) ;
#3057 = CARTESIAN_POINT ( 'NONE',  ( -18.37934213867641375, -22.98632204341421215, -2.030000000000000249 ) ) ;
#3058 = VERTEX_POINT ( 'NONE', #317 ) ;
#3059 = VECTOR ( 'NONE', #2564, 1000.000000000000000 ) ;
#3060 = ADVANCED_FACE ( 'NONE', ( #3033 ), #1099, .F. ) ;
#3061 = VECTOR ( 'NONE', #1064, 1000.000000000000000 ) ;
#3062 = PLANE ( 'NONE',  #1217 ) ;
#3063 = ORIENTED_EDGE ( 'NONE', *, *, #666, .T. ) ;
#3064 = AXIS2_PLACEMENT_3D ( 'NONE', #654, #1647, #3098 ) ;
#3065 = ORIENTED_EDGE ( 'NONE', *, *, #713, .F. ) ;
#3066 = CARTESIAN_POINT ( 'NONE',  ( -15.79104773240869797, 27.33395166197680837, 4.500000000000000000 ) ) ;
#3067 = VECTOR ( 'NONE', #2501, 999.9999999999998863 ) ;
#3068 = CARTESIAN_POINT ( 'NONE',  ( -19.58203962407140253, 25.85735331470830545, -2.030000000000000249 ) ) ;
#3069 = CARTESIAN_POINT ( 'NONE',  ( 29.18930565207476846, 28.43395166197680979, 3.299999999999999822 ) ) ;
#3070 = PLANE ( 'NONE',  #2535 ) ;
#3071 = CIRCLE ( 'NONE', #3228, 0.5000000000000004441 ) ;
#3072 = ADVANCED_FACE ( 'NONE', ( #2513 ), #1309, .F. ) ;
#3073 = CARTESIAN_POINT ( 'NONE',  ( -21.96934213867641361, 16.43395166197680979, -1.530000000000000027 ) ) ;
#3074 = EDGE_LOOP ( 'NONE', ( #1046, #652, #2920, #1428 ) ) ;
#3075 = PLANE ( 'NONE',  #567 ) ;
#3076 = CARTESIAN_POINT ( 'NONE',  ( -16.34767205943461832, 26.33395166197680837, 5.000000000000007105 ) ) ;
#3077 = ORIENTED_EDGE ( 'NONE', *, *, #1464, .F. ) ;
#3078 = EDGE_CURVE ( 'NONE', #3207, #1425, #280, .T. ) ;
#3079 = EDGE_CURVE ( 'NONE', #653, #1374, #66, .T. ) ;
#3080 = CARTESIAN_POINT ( 'NONE',  ( 28.60535941072009791, -4.749999999999997335, -2.030000000000000249 ) ) ;
#3081 = VERTEX_POINT ( 'NONE', #1572 ) ;
#3082 = EDGE_LOOP ( 'NONE', ( #2075, #957, #239, #2493 ) ) ;
#3083 = FACE_OUTER_BOUND ( 'NONE', #2375, .T. ) ;
#3084 = CARTESIAN_POINT ( 'NONE',  ( 31.20895226759131091, -4.749999999999995559, 0.4400000000000003353 ) ) ;
#3085 = DIRECTION ( 'NONE',  ( 0.000000000000000000, 0.000000000000000000, 1.000000000000000000 ) ) ;
#3086 = EDGE_CURVE ( 'NONE', #504, #1267, #2267, .T. ) ;
#3087 = DIRECTION ( 'NONE',  ( 1.000000000000000000, 1.355252715606880543E-16, 0.000000000000000000 ) ) ;
#3088 = ORIENTED_EDGE ( 'NONE', *, *, #1214, .F. ) ;
#3089 = DIRECTION ( 'NONE',  ( 1.355252715606880543E-16, -1.000000000000000000, 0.000000000000000000 ) ) ;
#3090 = FACE_OUTER_BOUND ( 'NONE', #2374, .T. ) ;
#3091 = EDGE_LOOP ( 'NONE', ( #2198, #2205, #2763, #36, #961 ) ) ;
#3092 = ADVANCED_FACE ( 'NONE', ( #2288 ), #1290, .F. ) ;
#3093 = EDGE_LOOP ( 'NONE', ( #130, #599, #556, #2626 ) ) ;
#3094 = DIRECTION ( 'NONE',  ( 0.000000000000000000, 0.000000000000000000, 1.000000000000000000 ) ) ;
#3095 = ORIENTED_EDGE ( 'NONE', *, *, #440, .T. ) ;
#3096 = ADVANCED_FACE ( 'NONE', ( #822 ), #80, .F. ) ;
#3097 = VERTEX_POINT ( 'NONE', #2607 ) ;
#3098 = DIRECTION ( 'NONE',  ( 1.499770454748205193E-16, 1.000000000000000000, 0.000000000000000000 ) ) ;
#3099 = PLANE ( 'NONE',  #2427 ) ;
#3100 = EDGE_CURVE ( 'NONE', #2047, #812, #1411, .T. ) ;
#3101 = PLANE ( 'NONE',  #1461 ) ;
#3102 = AXIS2_PLACEMENT_3D ( 'NONE', #2349, #2400, #1113 ) ;
#3103 = EDGE_LOOP ( 'NONE', ( #585, #1390, #1958, #2832 ) ) ;
#3104 = CARTESIAN_POINT ( 'NONE',  ( -20.26934213867641077, 25.17005080010329721, 0.000000000000000000 ) ) ;
#3105 = CARTESIAN_POINT ( 'NONE',  ( -16.78068476132683884, 26.33395166197680837, 5.049999999999999822 ) ) ;
#3106 = VERTEX_POINT ( 'NONE', #2657 ) ;
#3107 = CARTESIAN_POINT ( 'NONE',  ( -20.26934213867641077, 25.17005080010329721, -2.030000000000000249 ) ) ;
#3108 = CIRCLE ( 'NONE', #1132, 0.6873025146050051326 ) ;
#3109 = ORIENTED_EDGE ( 'NONE', *, *, #1922, .T. ) ;
#3110 = VERTEX_POINT ( 'NONE', #167 ) ;
#3111 = VECTOR ( 'NONE', #2512, 1000.000000000000000 ) ;
#3112 = ORIENTED_EDGE ( 'NONE', *, *, #3020, .T. ) ;
#3113 = ADVANCED_FACE ( 'NONE', ( #377 ), #3099, .F. ) ;
#3114 = DIRECTION ( 'NONE',  ( 1.388870244769555320E-16, -1.000000000000000000, 0.000000000000000000 ) ) ;
#3115 = AXIS2_PLACEMENT_3D ( 'NONE', #1608, #133, #383 ) ;
#3116 = DIRECTION ( 'NONE',  ( -1.000000000000000000, -7.304913682519391717E-17, -0.000000000000000000 ) ) ;
#3117 = CIRCLE ( 'NONE', #2231, 1.889999999999999236 ) ;
#3118 = LINE ( 'NONE', #2839, #2702 ) ;
#3119 = ORIENTED_EDGE ( 'NONE', *, *, #748, .T. ) ;
#3120 = LINE ( 'NONE', #2673, #928 ) ;
#3121 = AXIS2_PLACEMENT_3D ( 'NONE', #2836, #601, #2588 ) ;
#3122 = VERTEX_POINT ( 'NONE', #2096 ) ;
#3123 = DIRECTION ( 'NONE',  ( -2.308107271640239084E-16, -1.000000000000000000, 0.000000000000000000 ) ) ;
#3124 = VECTOR ( 'NONE', #888, 1000.000000000000000 ) ;
#3125 = FACE_BOUND ( 'NONE', #2895, .T. ) ;
#3126 = EDGE_LOOP ( 'NONE', ( #1868, #382, #737, #2261, #2656, #2932, #61, #416 ) ) ;
#3127 = CARTESIAN_POINT ( 'NONE',  ( -19.58203962407140253, 27.05735331470830118, 0.000000000000000000 ) ) ;
#3128 = DIRECTION ( 'NONE',  ( 0.000000000000000000, 0.000000000000000000, 1.000000000000000000 ) ) ;
#3129 = ORIENTED_EDGE ( 'NONE', *, *, #2241, .T. ) ;
#3130 = ORIENTED_EDGE ( 'NONE', *, *, #278, .F. ) ;
#3131 = EDGE_CURVE ( 'NONE', #937, #1123, #2363, .T. ) ;
#3132 = LINE ( 'NONE', #535, #3169 ) ;
#3133 = ORIENTED_EDGE ( 'NONE', *, *, #19, .T. ) ;
#3134 = ORIENTED_EDGE ( 'NONE', *, *, #3196, .T. ) ;
#3135 = DIRECTION ( 'NONE',  ( 1.508455196501571429E-16, -1.000000000000000000, 0.000000000000000000 ) ) ;
#3136 = ORIENTED_EDGE ( 'NONE', *, *, #2706, .T. ) ;
#3137 = CARTESIAN_POINT ( 'NONE',  ( -21.46934213867641361, 16.43395166197681334, -1.030000000000000027 ) ) ;
#3138 = VERTEX_POINT ( 'NONE', #113 ) ;
#3139 = DIRECTION ( 'NONE',  ( -7.304913682519391717E-17, 1.000000000000000000, 0.000000000000000000 ) ) ;
#3140 = CARTESIAN_POINT ( 'NONE',  ( -21.96934213867641361, 16.43395166197681334, -1.030000000000000027 ) ) ;
#3141 = ORIENTED_EDGE ( 'NONE', *, *, #493, .T. ) ;
#3142 = ADVANCED_FACE ( 'NONE', ( #3150 ), #866, .F. ) ;
#3143 = CARTESIAN_POINT ( 'NONE',  ( -17.79104773240867488, 27.33395166197680837, 3.299999999999999822 ) ) ;
#3144 = CARTESIAN_POINT ( 'NONE',  ( 22.60895226759131660, -21.56604833802116161, 0.000000000000000000 ) ) ;
#3145 = EDGE_LOOP ( 'NONE', ( #3, #1715 ) ) ;
#3146 = ORIENTED_EDGE ( 'NONE', *, *, #1649, .F. ) ;
#3147 = CARTESIAN_POINT ( 'NONE',  ( -16.78068476132684594, 72.47938275306727007, 5.049999999999999822 ) ) ;
#3148 = EDGE_CURVE ( 'NONE', #1387, #2470, #1632, .T. ) ;
#3149 = ORIENTED_EDGE ( 'NONE', *, *, #1862, .T. ) ;
#3150 = FACE_OUTER_BOUND ( 'NONE', #783, .T. ) ;
#3151 = EDGE_LOOP ( 'NONE', ( #1617, #1692, #3218, #1020 ) ) ;
#3152 = LINE ( 'NONE', #364, #2128 ) ;
#3153 = VERTEX_POINT ( 'NONE', #1424 ) ;
#3154 = DIRECTION ( 'NONE',  ( -1.000000000000000000, 0.000000000000000000, 0.000000000000000000 ) ) ;
#3155 = PLANE ( 'NONE',  #570 ) ;
#3156 = VECTOR ( 'NONE', #3116, 1000.000000000000000 ) ;
#3157 = DIRECTION ( 'NONE',  ( 0.000000000000000000, 0.000000000000000000, 1.000000000000000000 ) ) ;
#3158 = EDGE_CURVE ( 'NONE', #796, #2129, #2149, .T. ) ;
#3159 = ORIENTED_EDGE ( 'NONE', *, *, #2364, .T. ) ;
#3160 = LINE ( 'NONE', #1158, #923 ) ;
#3161 = LINE ( 'NONE', #1694, #1186 ) ;
#3162 = VECTOR ( 'NONE', #1403, 1000.000000000000000 ) ;
#3163 = AXIS2_PLACEMENT_3D ( 'NONE', #1450, #1938, #2699 ) ;
#3164 = EDGE_CURVE ( 'NONE', #2921, #1994, #1908, .T. ) ;
#3165 = VERTEX_POINT ( 'NONE', #2415 ) ;
#3166 = AXIS2_PLACEMENT_3D ( 'NONE', #2627, #2890, #1654 ) ;
#3167 = CARTESIAN_POINT ( 'NONE',  ( -21.96934213867641361, 16.43395166197680979, -1.530000000000000027 ) ) ;
#3168 = ORIENTED_EDGE ( 'NONE', *, *, #3100, .T. ) ;
#3169 = VECTOR ( 'NONE', #3003, 1000.000000000000000 ) ;
#3170 = CARTESIAN_POINT ( 'NONE',  ( -21.46934213867641361, -11.56604833802115984, -1.029999999999996696 ) ) ;
#3171 = ORIENTED_EDGE ( 'NONE', *, *, #2497, .T. ) ;
#3172 = CARTESIAN_POINT ( 'NONE',  ( 27.91535941072008953, -22.29604833802116204, 0.000000000000000000 ) ) ;
#3173 = VECTOR ( 'NONE', #2963, 1000.000000000000000 ) ;
#3174 = EDGE_CURVE ( 'NONE', #3138, #371, #1389, .T. ) ;
#3175 = LINE ( 'NONE', #224, #1607 ) ;
#3176 = CYLINDRICAL_SURFACE ( 'NONE', #2074, 1.000000000005352607 ) ;
#3177 = VECTOR ( 'NONE', #2998, 1000.000000000000000 ) ;
#3178 = VECTOR ( 'NONE', #358, 1000.000000000000000 ) ;
#3179 = EDGE_LOOP ( 'NONE', ( #234, #1936, #587, #2280 ) ) ;
#3180 = ADVANCED_FACE ( 'NONE', ( #127 ), #2872, .T. ) ;
#3181 = FACE_OUTER_BOUND ( 'NONE', #1538, .T. ) ;
#3182 = FACE_OUTER_BOUND ( 'NONE', #2748, .T. ) ;
#3183 = VERTEX_POINT ( 'NONE', #1176 ) ;
#3184 = ORIENTED_EDGE ( 'NONE', *, *, #1343, .F. ) ;
#3185 = CARTESIAN_POINT ( 'NONE',  ( 30.30535941072009010, 16.43395166197680979, -1.530000000000000027 ) ) ;
#3186 = ORIENTED_EDGE ( 'NONE', *, *, #176, .F. ) ;
#3187 = EDGE_CURVE ( 'NONE', #574, #2452, #2111, .T. ) ;
#3188 = DIRECTION ( 'NONE',  ( -1.000000000000000000, -1.388870244769555320E-16, 0.000000000000000000 ) ) ;
#3189 = LINE ( 'NONE', #451, #780 ) ;
#3190 = CARTESIAN_POINT ( 'NONE',  ( -21.96934213867641361, -11.56604833802115984, -1.529999999999996696 ) ) ;
#3191 = ORIENTED_EDGE ( 'NONE', *, *, #1122, .F. ) ;
#3192 = EDGE_CURVE ( 'NONE', #1440, #2672, #603, .T. ) ;
#3193 = VERTEX_POINT ( 'NONE', #1376 ) ;
#3194 = CARTESIAN_POINT ( 'NONE',  ( -22.79104773240868198, 26.41430504646028155, 3.299999999999999822 ) ) ;
#3195 = DIRECTION ( 'NONE',  ( 0.000000000000000000, 0.000000000000000000, 1.000000000000000000 ) ) ;
#3196 = EDGE_CURVE ( 'NONE', #1907, #1359, #1840, .T. ) ;
#3197 = ORIENTED_EDGE ( 'NONE', *, *, #2125, .T. ) ;
#3198 =( NAMED_UNIT ( * ) PLANE_ANGLE_UNIT ( ) SI_UNIT ( $, .RADIAN. ) );
#3199 = ORIENTED_EDGE ( 'NONE', *, *, #1758, .F. ) ;
#3200 = FACE_OUTER_BOUND ( 'NONE', #2752, .T. ) ;
#3201 = DIRECTION ( 'NONE',  ( -1.000000000000000000, 0.000000000000000000, 0.000000000000000000 ) ) ;
#3202 = VERTEX_POINT ( 'NONE', #1362 ) ;
#3203 = CARTESIAN_POINT ( 'NONE',  ( 30.30535941072009010, 14.43395166197680801, -1.529999999999999805 ) ) ;
#3204 = EDGE_CURVE ( 'NONE', #162, #1368, #2380, .T. ) ;
#3205 = DIRECTION ( 'NONE',  ( 0.000000000000000000, -1.000000000000000000, 0.000000000000000000 ) ) ;
#3206 = DIRECTION ( 'NONE',  ( 0.000000000000000000, 1.000000000000000000, -2.168404344971005170E-16 ) ) ;
#3207 = VERTEX_POINT ( 'NONE', #392 ) ;
#3208 = CARTESIAN_POINT ( 'NONE',  ( 23.10895226759131660, -20.56604833802116516, 3.299999999999999822 ) ) ;
#3209 = UNCERTAINTY_MEASURE_WITH_UNIT (LENGTH_MEASURE( 1.000000000000000082E-05 ), #901, 'distance_accuracy_value', 'NONE');
#3210 = ORIENTED_EDGE ( 'NONE', *, *, #1263, .F. ) ;
#3211 = DIRECTION ( 'NONE',  ( 0.000000000000000000, -6.938893903907228378E-15, -1.000000000000000000 ) ) ;
#3212 = VERTEX_POINT ( 'NONE', #147 ) ;
#3213 = VECTOR ( 'NONE', #185, 1000.000000000000000 ) ;
#3214 = CARTESIAN_POINT ( 'NONE',  ( 30.30535941072009010, 14.43395166197680801, -1.529999999999999805 ) ) ;
#3215 = LINE ( 'NONE', #1698, #2592 ) ;
#3216 = DIRECTION ( 'NONE',  ( 1.000000000000000000, 0.000000000000000000, 0.000000000000000000 ) ) ;
#3217 = AXIS2_PLACEMENT_3D ( 'NONE', #1143, #2849, #1642 ) ;
#3218 = ORIENTED_EDGE ( 'NONE', *, *, #2223, .F. ) ;
#3219 = LINE ( 'NONE', #481, #1240 ) ;
#3220 = AXIS2_PLACEMENT_3D ( 'NONE', #2528, #293, #330 ) ;
#3221 = CARTESIAN_POINT ( 'NONE',  ( 13.05895226759130878, 27.05735331470829763, -1.530000000000000027 ) ) ;
#3222 = CARTESIAN_POINT ( 'NONE',  ( -21.39104773240868695, -18.66604833802319163, 3.299999999999999822 ) ) ;
#3223 = ORIENTED_EDGE ( 'NONE', *, *, #433, .T. ) ;
#3224 = VECTOR ( 'NONE', #1818, 1000.000000000000000 ) ;
#3225 = CARTESIAN_POINT ( 'NONE',  ( 11.05895226759130878, 27.55735331470829763, -1.530000000000000027 ) ) ;
#3226 = VECTOR ( 'NONE', #2775, 1000.000000000000000 ) ;
#3227 = ORIENTED_EDGE ( 'NONE', *, *, #3008, .T. ) ;
#3228 = AXIS2_PLACEMENT_3D ( 'NONE', #744, #1234, #2239 ) ;
#3229 = ORIENTED_EDGE ( 'NONE', *, *, #860, .T. ) ;
#3230 = CARTESIAN_POINT ( 'NONE',  ( -19.58203962407140253, 25.85735331470830545, 0.000000000000000000 ) ) ;
#3231 = CYLINDRICAL_SURFACE ( 'NONE', #38, 2.019646615516522914 ) ;
#3232 = DIRECTION ( 'NONE',  ( 0.000000000000000000, 1.000000000000000000, -2.168404344971005170E-16 ) ) ;
#3233 = DIRECTION ( 'NONE',  ( 0.000000000000000000, 0.000000000000000000, 1.000000000000000000 ) ) ;
ENDSEC;
END-ISO-10303-21;
