ISO-10303-21;
HEADER;
FILE_DESCRIPTION (( 'STEP AP214' ),
    '1' );
FILE_NAME ('ÏÂ¸Ç°å.STEP',
    '2026-08-05T10:05:10',
    ( '' ),
    ( '' ),
    'SwSTEP 2.0',
    'SolidWorks 2025',
    '' );
FILE_SCHEMA (( 'AUTOMOTIVE_DESIGN' ));
ENDSEC;

DATA;
#1 = ORIENTED_EDGE ( 'NONE', *, *, #2903, .F. ) ;
#2 = ORIENTED_EDGE ( 'NONE', *, *, #497, .T. ) ;
#3 = DIRECTION ( 'NONE',  ( 0.000000000000000000, -0.000000000000000000, -1.000000000000000000 ) ) ;
#4 = ADVANCED_FACE ( 'NONE', ( #2817 ), #2209, .T. ) ;
#5 = DIRECTION ( 'NONE',  ( -1.000000000000000000, 0.000000000000000000, -0.000000000000000000 ) ) ;
#6 = CARTESIAN_POINT ( 'NONE',  ( -21.46934213868000896, -22.32734823469001029, 0.07000000000000018707 ) ) ;
#7 = DIRECTION ( 'NONE',  ( 1.000000000000000000, 2.595206220084261201E-16, 0.000000000000000000 ) ) ;
#8 = CARTESIAN_POINT ( 'NONE',  ( -12.56934213867999617, -24.31734823469000872, -0.4999999999999995559 ) ) ;
#9 = VERTEX_POINT ( 'NONE', #2142 ) ;
#10 = ADVANCED_FACE ( 'NONE', ( #932 ), #365, .T. ) ;
#11 = CARTESIAN_POINT ( 'NONE',  ( -22.56934213868000327, 17.54265188916871665, -2.029999999999998472 ) ) ;
#12 = VERTEX_POINT ( 'NONE', #2755 ) ;
#13 = FACE_OUTER_BOUND ( 'NONE', #2029, .T. ) ;
#14 = DIRECTION ( 'NONE',  ( 0.000000000000000000, -0.000000000000000000, 1.000000000000000000 ) ) ;
#15 = DIRECTION ( 'NONE',  ( -1.000000000000000000, 0.000000000000000000, 0.000000000000000000 ) ) ;
#16 = ORIENTED_EDGE ( 'NONE', *, *, #3682, .T. ) ;
#17 = LINE ( 'NONE', #3674, #1454 ) ;
#18 = CARTESIAN_POINT ( 'NONE',  ( -22.56934213868000327, 17.54265185820429096, -3.229999999999998206 ) ) ;
#19 = VERTEX_POINT ( 'NONE', #1600 ) ;
#20 = ORIENTED_EDGE ( 'NONE', *, *, #1964, .F. ) ;
#21 = DIRECTION ( 'NONE',  ( 1.284980352575412699E-16, -1.000000000000000000, 0.000000000000000000 ) ) ;
#22 = PLANE ( 'NONE',  #2242 ) ;
#23 = VECTOR ( 'NONE', #1641, 1000.000000000000000 ) ;
#24 = AXIS2_PLACEMENT_3D ( 'NONE', #3326, #787, #2982 ) ;
#25 = CARTESIAN_POINT ( 'NONE',  ( 13.68065786131999317, -19.31734823469000162, -1.399999999999999689 ) ) ;
#26 = VECTOR ( 'NONE', #2895, 1000.000000000000000 ) ;
#27 = CARTESIAN_POINT ( 'NONE',  ( -3.619342138679991994, -24.31734823469000517, -2.000000000000000000 ) ) ;
#28 = CARTESIAN_POINT ( 'NONE',  ( -15.56934213867999794, -19.11734823469000588, -2.499999999999999556 ) ) ;
#29 = ORIENTED_EDGE ( 'NONE', *, *, #1223, .T. ) ;
#30 = DIRECTION ( 'NONE',  ( 1.000000000000000000, -1.734723475976805517E-15, 0.000000000000000000 ) ) ;
#31 = CIRCLE ( 'NONE', #3260, 0.8000000000000003775 ) ;
#32 = AXIS2_PLACEMENT_3D ( 'NONE', #3633, #1139, #2369 ) ;
#33 = ADVANCED_FACE ( 'NONE', ( #2838, #1257 ), #3759, .F. ) ;
#34 = EDGE_CURVE ( 'NONE', #3715, #2090, #853, .T. ) ;
#35 = EDGE_LOOP ( 'NONE', ( #2303, #38, #1451, #85 ) ) ;
#36 = VECTOR ( 'NONE', #1924, 1000.000000000000000 ) ;
#37 = DIRECTION ( 'NONE',  ( 0.000000000000000000, 1.000000000000000000, 0.000000000000000000 ) ) ;
#38 = ORIENTED_EDGE ( 'NONE', *, *, #774, .T. ) ;
#39 = ORIENTED_EDGE ( 'NONE', *, *, #1611, .F. ) ;
#40 = VECTOR ( 'NONE', #1617, 1000.000000000000000 ) ;
#41 = PLANE ( 'NONE',  #606 ) ;
#42 = EDGE_CURVE ( 'NONE', #786, #825, #3435, .T. ) ;
#43 = VECTOR ( 'NONE', #2943, 1000.000000000000000 ) ;
#44 = EDGE_LOOP ( 'NONE', ( #2457, #1049, #1982, #1442 ) ) ;
#45 = DIRECTION ( 'NONE',  ( -1.000000000000000000, -0.000000000000000000, -3.614007241618349264E-16 ) ) ;
#46 = AXIS2_PLACEMENT_3D ( 'NONE', #3048, #2805, #2424 ) ;
#47 = DIRECTION ( 'NONE',  ( 0.000000000000000000, 1.000000000000000000, 0.000000000000000000 ) ) ;
#48 = DIRECTION ( 'NONE',  ( 5.782411586589358822E-15, 1.500655051660400575E-30, 1.000000000000000000 ) ) ;
#49 = CARTESIAN_POINT ( 'NONE',  ( -12.56934213868000683, 24.48265176531000265, -0.8299999999999960743 ) ) ;
#50 = PLANE ( 'NONE',  #3005 ) ;
#51 = CARTESIAN_POINT ( 'NONE',  ( -12.56934213867999617, -23.51734823469001157, -0.4999999999999995559 ) ) ;
#52 = ORIENTED_EDGE ( 'NONE', *, *, #1350, .T. ) ;
#53 = CARTESIAN_POINT ( 'NONE',  ( 30.33065786132000596, -18.37689865379000054, 0.07000000000000018707 ) ) ;
#54 = ORIENTED_EDGE ( 'NONE', *, *, #1242, .F. ) ;
#55 = DIRECTION ( 'NONE',  ( -1.000000000000000000, -1.297603110042130601E-16, 0.000000000000000000 ) ) ;
#56 = EDGE_CURVE ( 'NONE', #1746, #901, #3159, .T. ) ;
#57 = EDGE_CURVE ( 'NONE', #447, #982, #3401, .T. ) ;
#58 = ORIENTED_EDGE ( 'NONE', *, *, #2932, .F. ) ;
#59 = CARTESIAN_POINT ( 'NONE',  ( -22.56934213868000683, 24.48265176531000265, -0.8299999999999960743 ) ) ;
#60 = EDGE_CURVE ( 'NONE', #1613, #1357, #991, .T. ) ;
#61 = ORIENTED_EDGE ( 'NONE', *, *, #2357, .F. ) ;
#62 = DIRECTION ( 'NONE',  ( 0.000000000000000000, 0.000000000000000000, 1.000000000000000000 ) ) ;
#63 = CARTESIAN_POINT ( 'NONE',  ( 11.23065786132000099, 28.08265176530999341, 1.600000000000000311 ) ) ;
#64 = DIRECTION ( 'NONE',  ( -1.000000000000000000, -2.595206220084261201E-16, 0.000000000000000000 ) ) ;
#65 = EDGE_CURVE ( 'NONE', #1431, #1871, #2450, .T. ) ;
#66 = DIRECTION ( 'NONE',  ( 2.595206220084261201E-16, -1.000000000000000000, -0.000000000000000000 ) ) ;
#67 = CARTESIAN_POINT ( 'NONE',  ( -12.56934213867999794, -20.11734823469000588, -0.5000000000000001110 ) ) ;
#68 = ORIENTED_EDGE ( 'NONE', *, *, #270, .F. ) ;
#69 = PLANE ( 'NONE',  #2099 ) ;
#70 = ORIENTED_EDGE ( 'NONE', *, *, #1392, .T. ) ;
#71 = FACE_OUTER_BOUND ( 'NONE', #1629, .T. ) ;
#72 = ORIENTED_EDGE ( 'NONE', *, *, #919, .T. ) ;
#73 = DIRECTION ( 'NONE',  ( 2.891205793294679411E-15, -0.000000000000000000, -1.000000000000000000 ) ) ;
#74 = ORIENTED_EDGE ( 'NONE', *, *, #2150, .T. ) ;
#75 = CARTESIAN_POINT ( 'NONE',  ( -22.56934213868000327, 24.48265185820329393, -3.229999999999999538 ) ) ;
#76 = ORIENTED_EDGE ( 'NONE', *, *, #1780, .F. ) ;
#77 = EDGE_CURVE ( 'NONE', #2956, #3560, #687, .T. ) ;
#78 = EDGE_CURVE ( 'NONE', #1142, #1904, #3475, .T. ) ;
#79 = LINE ( 'NONE', #3781, #1012 ) ;
#80 = CARTESIAN_POINT ( 'NONE',  ( 11.23065786132000099, -24.21734823469000020, 1.600000000000000311 ) ) ;
#81 = CARTESIAN_POINT ( 'NONE',  ( -4.819342138679993504, -19.61734823469000588, -1.999999999999999556 ) ) ;
#82 = ORIENTED_EDGE ( 'NONE', *, *, #3368, .F. ) ;
#83 = AXIS2_PLACEMENT_3D ( 'NONE', #1026, #2846, #3523 ) ;
#84 = DIRECTION ( 'NONE',  ( -0.000000000000000000, -1.000000000000000000, -0.000000000000000000 ) ) ;
#85 = ORIENTED_EDGE ( 'NONE', *, *, #1253, .F. ) ;
#86 = DIRECTION ( 'NONE',  ( -2.595206220084261201E-16, 1.000000000000000000, 0.000000000000000000 ) ) ;
#87 = AXIS2_PLACEMENT_3D ( 'NONE', #122, #84, #1622 ) ;
#88 = VECTOR ( 'NONE', #2474, 1000.000000000000000 ) ;
#89 = ORIENTED_EDGE ( 'NONE', *, *, #2077, .F. ) ;
#90 = DIRECTION ( 'NONE',  ( 1.807003620809176851E-16, 4.689547036438757818E-32, 1.000000000000000000 ) ) ;
#91 = ORIENTED_EDGE ( 'NONE', *, *, #3097, .F. ) ;
#92 = VECTOR ( 'NONE', #2733, 1000.000000000000000 ) ;
#93 = AXIS2_PLACEMENT_3D ( 'NONE', #2278, #3528, #1047 ) ;
#94 = VECTOR ( 'NONE', #3852, 1000.000000000000114 ) ;
#95 = AXIS2_PLACEMENT_3D ( 'NONE', #3184, #2922, #3167 ) ;
#96 = ORIENTED_EDGE ( 'NONE', *, *, #3486, .T. ) ;
#97 = CARTESIAN_POINT ( 'NONE',  ( 30.33065786132000596, 25.69534925070499298, 3.200000000000000178 ) ) ;
#98 = VERTEX_POINT ( 'NONE', #1313 ) ;
#99 = DIRECTION ( 'NONE',  ( 0.000000000000000000, 0.000000000000000000, 1.000000000000000000 ) ) ;
#100 = CARTESIAN_POINT ( 'NONE',  ( -12.56934213867999617, -23.51734823469001157, -3.699999999999999734 ) ) ;
#101 = EDGE_CURVE ( 'NONE', #2341, #1138, #3175, .T. ) ;
#102 = EDGE_CURVE ( 'NONE', #2529, #1484, #79, .T. ) ;
#103 = ORIENTED_EDGE ( 'NONE', *, *, #2167, .T. ) ;
#104 = VECTOR ( 'NONE', #1861, 1000.000000000000000 ) ;
#105 = DIRECTION ( 'NONE',  ( 1.000000000000000000, -5.619674028029464554E-14, -0.000000000000000000 ) ) ;
#106 = ORIENTED_EDGE ( 'NONE', *, *, #1793, .F. ) ;
#107 = DIRECTION ( 'NONE',  ( 0.000000000000000000, -1.000000000000000000, -3.942553354492742545E-16 ) ) ;
#108 = AXIS2_PLACEMENT_3D ( 'NONE', #2430, #3374, #908 ) ;
#109 = EDGE_LOOP ( 'NONE', ( #2635, #288, #1390, #803 ) ) ;
#110 = DIRECTION ( 'NONE',  ( 0.000000000000000000, 1.000000000000000000, 0.000000000000000000 ) ) ;
#111 = ORIENTED_EDGE ( 'NONE', *, *, #3814, .T. ) ;
#112 = LINE ( 'NONE', #1408, #3966 ) ;
#113 = ADVANCED_FACE ( 'NONE', ( #1481 ), #566, .T. ) ;
#114 = EDGE_LOOP ( 'NONE', ( #1751, #1607, #3029, #3778 ) ) ;
#115 = FACE_OUTER_BOUND ( 'NONE', #2923, .T. ) ;
#116 = VERTEX_POINT ( 'NONE', #2980 ) ;
#117 = LINE ( 'NONE', #3216, #3315 ) ;
#118 = LINE ( 'NONE', #689, #3900 ) ;
#119 = CARTESIAN_POINT ( 'NONE',  ( 30.33065786132000596, -22.32734823469000318, 0.07000000000000018707 ) ) ;
#120 = ORIENTED_EDGE ( 'NONE', *, *, #1877, .F. ) ;
#121 = ADVANCED_FACE ( 'NONE', ( #3583 ), #3883, .F. ) ;
#122 = CARTESIAN_POINT ( 'NONE',  ( 22.23065786131999744, -20.11734823468999878, -3.699999999999999734 ) ) ;
#123 = EDGE_LOOP ( 'NONE', ( #2051, #3253, #2364, #849 ) ) ;
#124 = DIRECTION ( 'NONE',  ( 0.000000000000000000, 0.000000000000000000, 1.000000000000000000 ) ) ;
#125 = ORIENTED_EDGE ( 'NONE', *, *, #1964, .T. ) ;
#126 = EDGE_CURVE ( 'NONE', #3524, #2119, #1167, .T. ) ;
#127 = EDGE_CURVE ( 'NONE', #9, #1642, #1440, .T. ) ;
#128 = CARTESIAN_POINT ( 'NONE',  ( 29.43065786131999317, 28.68265176530999483, -4.500000000000000000 ) ) ;
#129 = EDGE_LOOP ( 'NONE', ( #2816, #3627, #1092, #2103 ) ) ;
#130 = DIRECTION ( 'NONE',  ( -0.000000000000000000, 0.000000000000000000, -1.000000000000000000 ) ) ;
#131 = ORIENTED_EDGE ( 'NONE', *, *, #1414, .T. ) ;
#132 = CARTESIAN_POINT ( 'NONE',  ( -13.36934213867999865, -20.11734823469000588, -4.500000000000000000 ) ) ;
#133 = EDGE_CURVE ( 'NONE', #291, #3080, #2680, .T. ) ;
#134 = ORIENTED_EDGE ( 'NONE', *, *, #1393, .F. ) ;
#135 = CARTESIAN_POINT ( 'NONE',  ( 25.43065786132000028, -23.51734823469000446, -0.4999999999999995559 ) ) ;
#136 = CARTESIAN_POINT ( 'NONE',  ( 10.35065786131999310, 27.58265176530999696, -3.500000000000000000 ) ) ;
#137 = CARTESIAN_POINT ( 'NONE',  ( 12.48065786131999744, -19.31734823469000162, -2.000000000000000000 ) ) ;
#138 = EDGE_LOOP ( 'NONE', ( #3164, #3454, #673, #1874 ) ) ;
#139 = DIRECTION ( 'NONE',  ( 0.000000000000000000, 0.000000000000000000, 1.000000000000000000 ) ) ;
#140 = VERTEX_POINT ( 'NONE', #2353 ) ;
#141 = CARTESIAN_POINT ( 'NONE',  ( 28.44065786132000895, -22.32734823469000318, 0.07000000000000061728 ) ) ;
#142 = EDGE_LOOP ( 'NONE', ( #3563, #1024, #2652, #757 ) ) ;
#143 = CARTESIAN_POINT ( 'NONE',  ( 0.000000000000000000, -24.51734823469000446, 0.000000000000000000 ) ) ;
#144 = DIRECTION ( 'NONE',  ( 0.000000000000000000, 1.000000000000000000, 3.942553354492742545E-16 ) ) ;
#145 = ORIENTED_EDGE ( 'NONE', *, *, #3557, .F. ) ;
#146 = CARTESIAN_POINT ( 'NONE',  ( -21.46934213868063779, -11.21734823468994335, 2.799999999999997158 ) ) ;
#147 = VECTOR ( 'NONE', #2147, 1000.000000000000000 ) ;
#148 = CIRCLE ( 'NONE', #2803, 1.889999999999995905 ) ;
#149 = EDGE_CURVE ( 'NONE', #2772, #3863, #876, .T. ) ;
#150 = EDGE_CURVE ( 'NONE', #3339, #477, #2397, .T. ) ;
#151 = VERTEX_POINT ( 'NONE', #262 ) ;
#152 = AXIS2_PLACEMENT_3D ( 'NONE', #384, #720, #2896 ) ;
#153 = LINE ( 'NONE', #1091, #3576 ) ;
#154 = VECTOR ( 'NONE', #2866, 1000.000000000000000 ) ;
#155 = AXIS2_PLACEMENT_3D ( 'NONE', #3994, #55, #2445 ) ;
#156 = ORIENTED_EDGE ( 'NONE', *, *, #2479, .T. ) ;
#157 = DIRECTION ( 'NONE',  ( -0.000000000000000000, 1.000000000000000000, -0.000000000000000000 ) ) ;
#158 = CARTESIAN_POINT ( 'NONE',  ( 25.43065786132000383, -20.11734823468999878, -4.500000000000000000 ) ) ;
#159 = CARTESIAN_POINT ( 'NONE',  ( -22.56934213868000683, 25.68265176530999838, -2.029999907105508594 ) ) ;
#160 = ORIENTED_EDGE ( 'NONE', *, *, #65, .T. ) ;
#161 = LINE ( 'NONE', #2634, #3314 ) ;
#162 = ORIENTED_EDGE ( 'NONE', *, *, #2188, .T. ) ;
#163 = CARTESIAN_POINT ( 'NONE',  ( -22.56934213867999617, -25.31734823469000517, -7.715549066223197805 ) ) ;
#164 = AXIS2_PLACEMENT_3D ( 'NONE', #3679, #1498, #3423 ) ;
#165 = ORIENTED_EDGE ( 'NONE', *, *, #3354, .T. ) ;
#166 = DIRECTION ( 'NONE',  ( 1.000000000000000000, 2.595206220084261201E-16, -3.614007241618349264E-16 ) ) ;
#167 = CARTESIAN_POINT ( 'NONE',  ( -3.619342138679991994, -24.31734823469000517, -1.399999999999999911 ) ) ;
#168 = EDGE_LOOP ( 'NONE', ( #538, #1693, #1164, #810 ) ) ;
#169 = AXIS2_PLACEMENT_3D ( 'NONE', #3110, #332, #3712 ) ;
#170 = CARTESIAN_POINT ( 'NONE',  ( -3.619342138679991994, -24.01734823469000446, -2.000000000000000000 ) ) ;
#171 = ORIENTED_EDGE ( 'NONE', *, *, #2675, .F. ) ;
#172 = CARTESIAN_POINT ( 'NONE',  ( -18.56934213867999617, -25.31734823469000517, -1.729999969035572960 ) ) ;
#173 = DIRECTION ( 'NONE',  ( 0.000000000000000000, 0.000000000000000000, -1.000000000000000000 ) ) ;
#174 = ADVANCED_FACE ( 'NONE', ( #2377 ), #3927, .F. ) ;
#175 = VERTEX_POINT ( 'NONE', #3604 ) ;
#176 = CARTESIAN_POINT ( 'NONE',  ( -21.46934213868000541, -18.37689865379001120, -3.500000000000000000 ) ) ;
#177 = EDGE_CURVE ( 'NONE', #1639, #1768, #2084, .T. ) ;
#178 = FACE_OUTER_BOUND ( 'NONE', #1312, .T. ) ;
#179 = DIRECTION ( 'NONE',  ( 0.000000000000000000, 1.000000000000000000, 0.000000000000000000 ) ) ;
#180 = ORIENTED_EDGE ( 'NONE', *, *, #1044, .F. ) ;
#181 = DIRECTION ( 'NONE',  ( -0.000000000000000000, 0.000000000000000000, 1.000000000000000000 ) ) ;
#182 = ORIENTED_EDGE ( 'NONE', *, *, #3050, .F. ) ;
#183 = DIRECTION ( 'NONE',  ( -9.856383386231856362E-17, -7.120441032801096536E-33, -1.000000000000000000 ) ) ;
#184 = ADVANCED_FACE ( 'NONE', ( #1499, #2656 ), #3622, .F. ) ;
#185 = ORIENTED_EDGE ( 'NONE', *, *, #2707, .T. ) ;
#186 = DIRECTION ( 'NONE',  ( 0.000000000000000000, -0.000000000000000000, -1.000000000000000000 ) ) ;
#187 = LINE ( 'NONE', #167, #2687 ) ;
#188 = ORIENTED_EDGE ( 'NONE', *, *, #623, .T. ) ;
#189 = FACE_BOUND ( 'NONE', #1402, .T. ) ;
#190 = ORIENTED_EDGE ( 'NONE', *, *, #270, .T. ) ;
#191 = CARTESIAN_POINT ( 'NONE',  ( 0.000000000000000000, 0.000000000000000000, -1.499999999999999556 ) ) ;
#192 = DIRECTION ( 'NONE',  ( -0.000000000000000000, -0.000000000000000000, 1.000000000000000000 ) ) ;
#193 = ORIENTED_EDGE ( 'NONE', *, *, #1393, .T. ) ;
#194 = LINE ( 'NONE', #1734, #1893 ) ;
#195 = CARTESIAN_POINT ( 'NONE',  ( 23.43065786132000028, -28.34577535943619964, -2.499999999999999556 ) ) ;
#196 = CARTESIAN_POINT ( 'NONE',  ( 26.10245463104451602, -20.11734823468999878, -4.500000000000000000 ) ) ;
#197 = EDGE_CURVE ( 'NONE', #2740, #3524, #1742, .T. ) ;
#198 = ADVANCED_FACE ( 'NONE', ( #550 ), #3006, .F. ) ;
#199 = ORIENTED_EDGE ( 'NONE', *, *, #1546, .F. ) ;
#200 = FACE_OUTER_BOUND ( 'NONE', #2748, .T. ) ;
#201 = CARTESIAN_POINT ( 'NONE',  ( -22.56934213868000327, 28.68265176530999483, -4.500000000000000000 ) ) ;
#202 = DIRECTION ( 'NONE',  ( -1.000000000000000000, 7.224192438321208153E-17, 0.000000000000000000 ) ) ;
#203 = ORIENTED_EDGE ( 'NONE', *, *, #2108, .F. ) ;
#204 = CARTESIAN_POINT ( 'NONE',  ( -20.56934213867999617, -23.31734823469000872, 3.200000000000000622 ) ) ;
#205 = CARTESIAN_POINT ( 'NONE',  ( 23.43065786132000028, -19.11734823468999878, -2.499999999999999556 ) ) ;
#206 = VERTEX_POINT ( 'NONE', #246 ) ;
#207 = DIRECTION ( 'NONE',  ( -2.595206220084261201E-16, 1.000000000000000000, 0.000000000000000000 ) ) ;
#208 = ORIENTED_EDGE ( 'NONE', *, *, #3613, .T. ) ;
#209 = CARTESIAN_POINT ( 'NONE',  ( 10.35065786131999310, 27.58265176530999341, -3.499999999999999556 ) ) ;
#210 = CARTESIAN_POINT ( 'NONE',  ( 25.43065786132000383, -19.31734823469000162, -4.500000000000000000 ) ) ;
#211 = CIRCLE ( 'NONE', #87, 0.7999999999999999334 ) ;
#212 = VECTOR ( 'NONE', #480, 1000.000000000000000 ) ;
#213 = AXIS2_PLACEMENT_3D ( 'NONE', #307, #3704, #2760 ) ;
#214 = ORIENTED_EDGE ( 'NONE', *, *, #1980, .F. ) ;
#215 = LINE ( 'NONE', #843, #2743 ) ;
#216 = PLANE ( 'NONE',  #1766 ) ;
#217 = DIRECTION ( 'NONE',  ( 1.284980352575412699E-16, -1.000000000000000000, 0.000000000000000000 ) ) ;
#218 = VECTOR ( 'NONE', #1905, 1000.000000000000000 ) ;
#219 = VECTOR ( 'NONE', #3936, 1000.000000000000000 ) ;
#220 = VECTOR ( 'NONE', #45, 1000.000000000000000 ) ;
#221 = EDGE_LOOP ( 'NONE', ( #106, #1470, #76, #3183 ) ) ;
#222 = AXIS2_PLACEMENT_3D ( 'NONE', #3206, #1606, #1662 ) ;
#223 = CIRCLE ( 'NONE', #2493, 1.199999999999999956 ) ;
#224 = CARTESIAN_POINT ( 'NONE',  ( -13.36934213867999688, -24.31734823469000162, -4.500000000000000000 ) ) ;
#225 = EDGE_CURVE ( 'NONE', #2113, #3581, #3945, .T. ) ;
#226 = DIRECTION ( 'NONE',  ( 0.000000000000000000, 0.000000000000000000, -1.000000000000000000 ) ) ;
#227 = EDGE_CURVE ( 'NONE', #405, #1280, #2414, .T. ) ;
#228 = CARTESIAN_POINT ( 'NONE',  ( 8.861315722640002335, -20.11734823468999878, 0.000000000000000000 ) ) ;
#229 = CARTESIAN_POINT ( 'NONE',  ( -3.619342138679991994, -24.31734823469000517, -2.000000000000000000 ) ) ;
#230 = CARTESIAN_POINT ( 'NONE',  ( 30.33065786132000596, 25.69534925070499298, -3.500000000000000000 ) ) ;
#231 = ORIENTED_EDGE ( 'NONE', *, *, #2797, .T. ) ;
#232 = EDGE_CURVE ( 'NONE', #3560, #2037, #2110, .T. ) ;
#233 = CARTESIAN_POINT ( 'NONE',  ( 0.000000000000000000, -19.61734823469000233, 0.000000000000000000 ) ) ;
#234 = VECTOR ( 'NONE', #1339, 1000.000000000000000 ) ;
#235 = ORIENTED_EDGE ( 'NONE', *, *, #1805, .T. ) ;
#236 = CARTESIAN_POINT ( 'NONE',  ( 29.43065786131999317, 26.68265176530999838, -4.500000000000000000 ) ) ;
#237 = VECTOR ( 'NONE', #3351, 1000.000000000000000 ) ;
#238 = CARTESIAN_POINT ( 'NONE',  ( -21.96934213868063779, -11.21734823468991493, 1.599999999999996980 ) ) ;
#239 = EDGE_CURVE ( 'NONE', #1729, #329, #3040, .T. ) ;
#240 = EDGE_LOOP ( 'NONE', ( #3137, #1046, #1887, #1856, #2865, #3213, #2446, #2227, #3288, #3350, #3820 ) ) ;
#241 = LINE ( 'NONE', #1216, #1260 ) ;
#242 = DIRECTION ( 'NONE',  ( -0.000000000000000000, 1.000000000000000000, -0.000000000000000000 ) ) ;
#243 = ORIENTED_EDGE ( 'NONE', *, *, #3343, .T. ) ;
#244 = CARTESIAN_POINT ( 'NONE',  ( -22.56934213867999617, -25.31734823469000517, -4.500000000000000000 ) ) ;
#245 = CARTESIAN_POINT ( 'NONE',  ( 13.68065786131999317, -19.61734823469000233, -1.399999999999999689 ) ) ;
#246 = CARTESIAN_POINT ( 'NONE',  ( 23.43065786132000028, -19.11734823468999878, -3.500000000000001332 ) ) ;
#247 = DIRECTION ( 'NONE',  ( -0.000000000000000000, 1.000000000000000000, -0.000000000000000000 ) ) ;
#248 = CARTESIAN_POINT ( 'NONE',  ( -21.46934213868000896, 24.48265176530999909, -2.030000000000003357 ) ) ;
#249 = EDGE_LOOP ( 'NONE', ( #1659, #3692, #2293, #3550 ) ) ;
#250 = DIRECTION ( 'NONE',  ( -0.9284766908852596368, -0.3713906763541028888, 0.000000000000000000 ) ) ;
#251 = ADVANCED_FACE ( 'NONE', ( #3380 ), #2759, .F. ) ;
#252 = EDGE_CURVE ( 'NONE', #3281, #1504, #2173, .T. ) ;
#253 = ORIENTED_EDGE ( 'NONE', *, *, #3178, .F. ) ;
#254 = DIRECTION ( 'NONE',  ( -0.000000000000000000, 0.000000000000000000, -1.000000000000000000 ) ) ;
#255 = DIRECTION ( 'NONE',  ( -1.000000000000000000, -2.595206220084261201E-16, 3.614007241618349264E-16 ) ) ;
#256 = ORIENTED_EDGE ( 'NONE', *, *, #3343, .F. ) ;
#257 = CARTESIAN_POINT ( 'NONE',  ( -3.619342138679991994, -24.01734823469000446, -1.399999999999999911 ) ) ;
#258 = PLANE ( 'NONE',  #3525 ) ;
#259 = ORIENTED_EDGE ( 'NONE', *, *, #845, .T. ) ;
#260 = CARTESIAN_POINT ( 'NONE',  ( 13.43065786132000206, 28.08265176530999341, 2.799999999999999822 ) ) ;
#261 = LINE ( 'NONE', #1816, #2951 ) ;
#262 = CARTESIAN_POINT ( 'NONE',  ( -17.24113890840451191, -20.11734823469000588, -4.500000000000000000 ) ) ;
#263 = FACE_OUTER_BOUND ( 'NONE', #1479, .T. ) ;
#264 = DIRECTION ( 'NONE',  ( 0.000000000000000000, 0.000000000000000000, -1.000000000000000000 ) ) ;
#265 = ORIENTED_EDGE ( 'NONE', *, *, #2060, .T. ) ;
#266 = PLANE ( 'NONE',  #2810 ) ;
#267 = ORIENTED_EDGE ( 'NONE', *, *, #3827, .T. ) ;
#268 = LINE ( 'NONE', #1567, #237 ) ;
#269 = DIRECTION ( 'NONE',  ( 0.000000000000000000, 0.000000000000000000, 1.000000000000000000 ) ) ;
#270 = EDGE_CURVE ( 'NONE', #2812, #1642, #961, .T. ) ;
#271 = EDGE_CURVE ( 'NONE', #447, #2338, #3085, .T. ) ;
#272 = ORIENTED_EDGE ( 'NONE', *, *, #3108, .F. ) ;
#273 = DIRECTION ( 'NONE',  ( -1.000000000000000000, 0.000000000000000000, -0.000000000000000000 ) ) ;
#274 = CARTESIAN_POINT ( 'NONE',  ( -20.56934213868000327, 28.68265176530999483, -4.500000000000000000 ) ) ;
#275 = VECTOR ( 'NONE', #1341, 1000.000000000000000 ) ;
#276 = CIRCLE ( 'NONE', #2604, 1.000000000000001776 ) ;
#277 = ORIENTED_EDGE ( 'NONE', *, *, #1253, .T. ) ;
#278 = ORIENTED_EDGE ( 'NONE', *, *, #2088, .T. ) ;
#279 = VECTOR ( 'NONE', #892, 1000.000000000000000 ) ;
#280 = CARTESIAN_POINT ( 'NONE',  ( 21.43065786132000028, -24.31734823469000872, -3.500000000000001332 ) ) ;
#281 = AXIS2_PLACEMENT_3D ( 'NONE', #3858, #1713, #1112 ) ;
#282 = CARTESIAN_POINT ( 'NONE',  ( -21.96934213867906394, 16.78265176531008152, 2.799999999999999822 ) ) ;
#283 = VECTOR ( 'NONE', #2566, 1000.000000000000000 ) ;
#284 = AXIS2_PLACEMENT_3D ( 'NONE', #3071, #2829, #2462 ) ;
#285 = CARTESIAN_POINT ( 'NONE',  ( 11.23065786132000099, 27.58265176530999341, 2.799999999999999822 ) ) ;
#286 = DIRECTION ( 'NONE',  ( 0.000000000000000000, 0.000000000000000000, -1.000000000000000000 ) ) ;
#287 = DIRECTION ( 'NONE',  ( 0.000000000000000000, 0.000000000000000000, -1.000000000000000000 ) ) ;
#288 = ORIENTED_EDGE ( 'NONE', *, *, #1513, .T. ) ;
#289 = DIRECTION ( 'NONE',  ( 0.000000000000000000, 0.000000000000000000, 1.000000000000000000 ) ) ;
#290 = VECTOR ( 'NONE', #2128, 1000.000000000000000 ) ;
#291 = VERTEX_POINT ( 'NONE', #1301 ) ;
#292 = DIRECTION ( 'NONE',  ( 5.564545520062302617E-30, -9.856383386231840338E-17, 1.000000000000000000 ) ) ;
#293 = DIRECTION ( 'NONE',  ( -0.3713906763541031664, 0.9284766908852596368, 0.000000000000000000 ) ) ;
#294 = LINE ( 'NONE', #3113, #863 ) ;
#295 = VECTOR ( 'NONE', #1221, 1000.000000000000000 ) ;
#296 = ORIENTED_EDGE ( 'NONE', *, *, #77, .T. ) ;
#297 = EDGE_CURVE ( 'NONE', #987, #98, #3122, .T. ) ;
#298 = DIRECTION ( 'NONE',  ( 7.503275258302001123E-31, -2.891205793294678622E-15, 1.000000000000000000 ) ) ;
#299 = DIRECTION ( 'NONE',  ( -2.595206220084261201E-16, 1.000000000000000000, -0.000000000000000000 ) ) ;
#300 = ADVANCED_FACE ( 'NONE', ( #344 ), #3405, .F. ) ;
#301 = ORIENTED_EDGE ( 'NONE', *, *, #2880, .T. ) ;
#302 = EDGE_CURVE ( 'NONE', #2393, #2914, #1956, .T. ) ;
#303 = DIRECTION ( 'NONE',  ( 1.000000000000000000, 0.000000000000000000, 0.000000000000000000 ) ) ;
#304 = DIRECTION ( 'NONE',  ( 0.000000000000000000, 0.000000000000000000, 1.000000000000000000 ) ) ;
#305 = CARTESIAN_POINT ( 'NONE',  ( -4.819342138679989951, -19.61734823469000588, -1.399999999999999689 ) ) ;
#306 = CARTESIAN_POINT ( 'NONE',  ( 28.44065786132000895, -22.32734823469000318, -3.500000000000000000 ) ) ;
#307 = CARTESIAN_POINT ( 'NONE',  ( 13.43065786132000206, 28.08265176530999341, 2.799999999999999822 ) ) ;
#308 = EDGE_CURVE ( 'NONE', #116, #2514, #1862, .T. ) ;
#309 = DIRECTION ( 'NONE',  ( 0.000000000000000000, 0.000000000000000000, 1.000000000000000000 ) ) ;
#310 = ORIENTED_EDGE ( 'NONE', *, *, #1806, .T. ) ;
#311 = CARTESIAN_POINT ( 'NONE',  ( -4.819342138679993504, -19.61734823469000588, -1.999999999999999556 ) ) ;
#312 = ADVANCED_FACE ( 'NONE', ( #1264 ), #2820, .F. ) ;
#313 = ORIENTED_EDGE ( 'NONE', *, *, #1025, .F. ) ;
#314 = LINE ( 'NONE', #1189, #3725 ) ;
#315 = FACE_BOUND ( 'NONE', #3824, .T. ) ;
#316 = SURFACE_STYLE_FILL_AREA ( #846 ) ;
#317 = ORIENTED_EDGE ( 'NONE', *, *, #971, .T. ) ;
#318 = CARTESIAN_POINT ( 'NONE',  ( -19.58203962407375798, 25.69534925070374953, 3.200000000000000178 ) ) ;
#319 = LINE ( 'NONE', #1855, #1849 ) ;
#320 = ORIENTED_EDGE ( 'NONE', *, *, #2657, .T. ) ;
#321 = ORIENTED_EDGE ( 'NONE', *, *, #444, .F. ) ;
#322 = DIRECTION ( 'NONE',  ( 2.595206220084261201E-16, -1.000000000000000000, 0.000000000000000000 ) ) ;
#323 = CARTESIAN_POINT ( 'NONE',  ( 25.43065786132000383, -24.31734823469000162, -0.4999999999999995559 ) ) ;
#324 = ADVANCED_FACE ( 'NONE', ( #1284 ), #2233, .F. ) ;
#325 = EDGE_CURVE ( 'NONE', #3571, #1941, #1603, .T. ) ;
#326 = DIRECTION ( 'NONE',  ( -1.000000000000000000, 0.000000000000000000, -1.807003620809176851E-16 ) ) ;
#327 = LINE ( 'NONE', #1225, #88 ) ;
#328 = DIRECTION ( 'NONE',  ( -0.000000000000000000, 1.000000000000000000, -0.000000000000000000 ) ) ;
#329 = VERTEX_POINT ( 'NONE', #6 ) ;
#330 = DIRECTION ( 'NONE',  ( 0.000000000000000000, 1.000000000000000000, -0.000000000000000000 ) ) ;
#331 = ORIENTED_EDGE ( 'NONE', *, *, #3196, .T. ) ;
#332 = DIRECTION ( 'NONE',  ( 1.807003620809179809E-16, 0.000000000000000000, -1.000000000000000000 ) ) ;
#333 = CARTESIAN_POINT ( 'NONE',  ( -12.56934213867999794, -19.31734823469001228, -3.499999999999999556 ) ) ;
#334 = ORIENTED_EDGE ( 'NONE', *, *, #308, .T. ) ;
#335 = DIRECTION ( 'NONE',  ( -0.000000000000000000, 0.000000000000000000, 1.000000000000000000 ) ) ;
#336 = EDGE_LOOP ( 'NONE', ( #1859, #162, #1814, #2666, #1032, #1848, #301, #1036, #2744, #392 ) ) ;
#337 = CARTESIAN_POINT ( 'NONE',  ( -20.56934213867999617, -25.31734823469000517, -4.500000000000000000 ) ) ;
#338 = ORIENTED_EDGE ( 'NONE', *, *, #674, .T. ) ;
#339 = ORIENTED_EDGE ( 'NONE', *, *, #3834, .F. ) ;
#340 = CARTESIAN_POINT ( 'NONE',  ( 30.33065786132000596, -4.516299896668843239, 3.200000000000000178 ) ) ;
#341 = LINE ( 'NONE', #2516, #1594 ) ;
#342 = VECTOR ( 'NONE', #1462, 1000.000000000000114 ) ;
#343 = CIRCLE ( 'NONE', #2282, 2.999999999999999112 ) ;
#344 = FACE_OUTER_BOUND ( 'NONE', #44, .T. ) ;
#345 = VECTOR ( 'NONE', #2202, 1000.000000000000000 ) ;
#346 = VECTOR ( 'NONE', #989, 1000.000000000000000 ) ;
#347 = CARTESIAN_POINT ( 'NONE',  ( 29.25065786131999346, 28.68265176530999483, 0.1000000000000002554 ) ) ;
#348 = ADVANCED_FACE ( 'NONE', ( #610 ), #998, .T. ) ;
#349 = EDGE_CURVE ( 'NONE', #1726, #699, #1842, .T. ) ;
#350 = DIRECTION ( 'NONE',  ( 0.000000000000000000, 0.000000000000000000, 1.000000000000000000 ) ) ;
#351 = ORIENTED_EDGE ( 'NONE', *, *, #2357, .T. ) ;
#352 = CARTESIAN_POINT ( 'NONE',  ( 30.33065786132000596, -15.51629989666882992, 3.200000000000000178 ) ) ;
#353 = CIRCLE ( 'NONE', #3708, 0.7999999999999999334 ) ;
#354 = CIRCLE ( 'NONE', #3568, 1.199999999999999734 ) ;
#355 = VERTEX_POINT ( 'NONE', #3745 ) ;
#356 = DIRECTION ( 'NONE',  ( 0.000000000000000000, 0.000000000000000000, 1.000000000000000000 ) ) ;
#357 = ADVANCED_FACE ( 'NONE', ( #2498 ), #2841, .F. ) ;
#358 = CARTESIAN_POINT ( 'NONE',  ( -22.56934213868000327, 17.54265182723986172, -0.8299999999999997380 ) ) ;
#359 = CARTESIAN_POINT ( 'NONE',  ( -21.46934213868063779, -11.21734823468994335, 1.599999999999996980 ) ) ;
#360 = ORIENTED_EDGE ( 'NONE', *, *, #1806, .F. ) ;
#361 = CARTESIAN_POINT ( 'NONE',  ( -12.56934213868000683, 24.48265185820328682, 0.3700000000000002176 ) ) ;
#362 = EDGE_CURVE ( 'NONE', #1118, #1528, #3960, .T. ) ;
#363 = VECTOR ( 'NONE', #1776, 1000.000000000000000 ) ;
#364 = ORIENTED_EDGE ( 'NONE', *, *, #1439, .T. ) ;
#365 = CYLINDRICAL_SURFACE ( 'NONE', #398, 2.000000000000001776 ) ;
#366 = VECTOR ( 'NONE', #2095, 1000.000000000000000 ) ;
#367 = LINE ( 'NONE', #1618, #1193 ) ;
#368 = CARTESIAN_POINT ( 'NONE',  ( 8.861315722639998782, 1.149847084076289112E-15, -1.499999999999999556 ) ) ;
#369 = CARTESIAN_POINT ( 'NONE',  ( 0.000000000000000000, 0.000000000000000000, -3.499999999999999556 ) ) ;
#370 = DIRECTION ( 'NONE',  ( 1.000000000000000000, 0.000000000000000000, -0.000000000000000000 ) ) ;
#371 = ORIENTED_EDGE ( 'NONE', *, *, #1045, .T. ) ;
#372 = DIRECTION ( 'NONE',  ( 1.000000000000000000, 2.595206220084261201E-16, -0.000000000000000000 ) ) ;
#373 = ORIENTED_EDGE ( 'NONE', *, *, #1878, .F. ) ;
#374 = DIRECTION ( 'NONE',  ( 0.000000000000000000, 0.000000000000000000, 1.000000000000000000 ) ) ;
#375 = ORIENTED_EDGE ( 'NONE', *, *, #1296, .F. ) ;
#376 = APPLICATION_CONTEXT ( 'automotive_design' ) ;
#377 = DIRECTION ( 'NONE',  ( 1.000000000000000000, 0.000000000000000000, 0.000000000000000000 ) ) ;
#378 = EDGE_CURVE ( 'NONE', #1256, #1939, #148, .T. ) ;
#379 = ADVANCED_FACE ( 'NONE', ( #1900 ), #2639, .F. ) ;
#380 = VERTEX_POINT ( 'NONE', #1701 ) ;
#381 = DIRECTION ( 'NONE',  ( 0.9284766908852597478, -0.3713906763541026113, -0.000000000000000000 ) ) ;
#382 = EDGE_LOOP ( 'NONE', ( #190, #3930, #180, #2808 ) ) ;
#383 = EDGE_LOOP ( 'NONE', ( #3466, #1555, #529, #1625 ) ) ;
#384 = CARTESIAN_POINT ( 'NONE',  ( -4.819342138679991727, -24.01734823469000446, -1.999999999999999556 ) ) ;
#385 = CARTESIAN_POINT ( 'NONE',  ( 30.33065786131905739, 16.78265176531006020, 2.799999999999999822 ) ) ;
#386 = VERTEX_POINT ( 'NONE', #3286 ) ;
#387 = CARTESIAN_POINT ( 'NONE',  ( 12.48065786131999744, -24.31734823469000162, -2.000000000000000000 ) ) ;
#388 = ORIENTED_EDGE ( 'NONE', *, *, #3814, .F. ) ;
#389 = FACE_OUTER_BOUND ( 'NONE', #1124, .T. ) ;
#390 = ORIENTED_EDGE ( 'NONE', *, *, #3077, .T. ) ;
#391 = CARTESIAN_POINT ( 'NONE',  ( -3.619342138679991994, -24.01734823469000446, -1.399999999999999911 ) ) ;
#392 = ORIENTED_EDGE ( 'NONE', *, *, #976, .F. ) ;
#393 = DIRECTION ( 'NONE',  ( 0.000000000000000000, 0.000000000000000000, 1.000000000000000000 ) ) ;
#394 = ORIENTED_EDGE ( 'NONE', *, *, #589, .F. ) ;
#395 = DIRECTION ( 'NONE',  ( 0.2588190451025257355, 6.716887957263438951E-17, 0.9659258262890668689 ) ) ;
#396 = EDGE_CURVE ( 'NONE', #3585, #982, #3586, .T. ) ;
#397 = ADVANCED_FACE ( 'NONE', ( #2659 ), #2355, .T. ) ;
#398 = AXIS2_PLACEMENT_3D ( 'NONE', #2773, #62, #303 ) ;
#399 = VERTEX_POINT ( 'NONE', #1443 ) ;
#400 = LINE ( 'NONE', #3491, #413 ) ;
#401 = CARTESIAN_POINT ( 'NONE',  ( 12.48065786131999744, -24.01734823469000091, -2.000000000000000000 ) ) ;
#402 = VERTEX_POINT ( 'NONE', #3007 ) ;
#403 = AXIS2_PLACEMENT_3D ( 'NONE', #3925, #3320, #546 ) ;
#404 = PLANE ( 'NONE',  #1376 ) ;
#405 = VERTEX_POINT ( 'NONE', #551 ) ;
#406 = FACE_OUTER_BOUND ( 'NONE', #1006, .T. ) ;
#407 = EDGE_CURVE ( 'NONE', #3669, #1020, #464, .T. ) ;
#408 = VECTOR ( 'NONE', #3928, 1000.000000000000000 ) ;
#409 = ORIENTED_EDGE ( 'NONE', *, *, #2886, .T. ) ;
#410 = CARTESIAN_POINT ( 'NONE',  ( 13.43065786132000206, 28.08265176530999341, 1.600000000000000089 ) ) ;
#411 = ORIENTED_EDGE ( 'NONE', *, *, #1902, .F. ) ;
#412 = CARTESIAN_POINT ( 'NONE',  ( 21.43065786132000028, -19.31734823469000517, -3.499999999999999556 ) ) ;
#413 = VECTOR ( 'NONE', #2210, 1000.000000000000000 ) ;
#414 = CIRCLE ( 'NONE', #935, 1.887302514606246984 ) ;
#415 = AXIS2_PLACEMENT_3D ( 'NONE', #2420, #493, #2642 ) ;
#416 = VECTOR ( 'NONE', #2089, 1000.000000000000000 ) ;
#417 = ORIENTED_EDGE ( 'NONE', *, *, #1513, .F. ) ;
#418 = CARTESIAN_POINT ( 'NONE',  ( -21.46934213868075858, -13.41734823468994442, 2.799999999999996270 ) ) ;
#419 = EDGE_CURVE ( 'NONE', #825, #544, #2314, .T. ) ;
#420 = ORIENTED_EDGE ( 'NONE', *, *, #3506, .F. ) ;
#421 = CARTESIAN_POINT ( 'NONE',  ( -22.56934213868000327, 26.68265176530999838, -4.500000000000000000 ) ) ;
#422 = CARTESIAN_POINT ( 'NONE',  ( -13.36934213867999865, -20.11734823469000588, -3.699999999999999734 ) ) ;
#423 = CIRCLE ( 'NONE', #2624, 1.000000000000000888 ) ;
#424 = DIRECTION ( 'NONE',  ( -1.000000000000000000, -1.297603110042130601E-16, 0.000000000000000000 ) ) ;
#425 = ADVANCED_FACE ( 'NONE', ( #1125 ), #2945, .T. ) ;
#426 = EDGE_CURVE ( 'NONE', #1170, #2460, #1317, .T. ) ;
#427 = ORIENTED_EDGE ( 'NONE', *, *, #498, .T. ) ;
#428 = VECTOR ( 'NONE', #1824, 1000.000000000000000 ) ;
#429 = CARTESIAN_POINT ( 'NONE',  ( 29.25065786131999346, 26.68265176530999838, 0.1000000000000002554 ) ) ;
#430 = ORIENTED_EDGE ( 'NONE', *, *, #2833, .T. ) ;
#431 = DIRECTION ( 'NONE',  ( -1.000000000000000000, -2.595206220084261201E-16, 5.782411586589358822E-15 ) ) ;
#432 = ORIENTED_EDGE ( 'NONE', *, *, #1853, .T. ) ;
#433 = CARTESIAN_POINT ( 'NONE',  ( -21.96934213868076213, -13.41734823468991600, 2.799999999999996270 ) ) ;
#434 = ORIENTED_EDGE ( 'NONE', *, *, #2324, .T. ) ;
#435 = PLANE ( 'NONE',  #3903 ) ;
#436 = ORIENTED_EDGE ( 'NONE', *, *, #3219, .T. ) ;
#437 = CARTESIAN_POINT ( 'NONE',  ( 21.43065786132000028, -19.31734823469000872, -1.499999999999997335 ) ) ;
#438 = VERTEX_POINT ( 'NONE', #3866 ) ;
#439 = DIRECTION ( 'NONE',  ( -0.000000000000000000, -0.000000000000000000, -1.000000000000000000 ) ) ;
#440 = CYLINDRICAL_SURFACE ( 'NONE', #3639, 2.000000000000001776 ) ;
#441 = DIRECTION ( 'NONE',  ( 7.224192438321208153E-17, 1.000000000000000000, -0.000000000000000000 ) ) ;
#442 = ORIENTED_EDGE ( 'NONE', *, *, #1136, .F. ) ;
#443 = ORIENTED_EDGE ( 'NONE', *, *, #3756, .T. ) ;
#444 = EDGE_CURVE ( 'NONE', #1871, #1605, #2682, .T. ) ;
#445 = DIRECTION ( 'NONE',  ( 1.000000000000000000, 0.000000000000000000, 0.000000000000000000 ) ) ;
#446 = EDGE_CURVE ( 'NONE', #3671, #1029, #1405, .T. ) ;
#447 = VERTEX_POINT ( 'NONE', #1149 ) ;
#448 = DIRECTION ( 'NONE',  ( 1.000000000000000000, 0.000000000000000000, -0.000000000000000000 ) ) ;
#449 = ORIENTED_EDGE ( 'NONE', *, *, #2953, .F. ) ;
#450 = DIRECTION ( 'NONE',  ( -2.595206220084261201E-16, 1.000000000000000000, 0.000000000000000000 ) ) ;
#451 = ORIENTED_EDGE ( 'NONE', *, *, #407, .T. ) ;
#452 = CARTESIAN_POINT ( 'NONE',  ( 21.43065786132000028, -19.31734823469000872, -3.500000000000000444 ) ) ;
#453 = ORIENTED_EDGE ( 'NONE', *, *, #1097, .F. ) ;
#454 = LINE ( 'NONE', #2606, #26 ) ;
#455 = CARTESIAN_POINT ( 'NONE',  ( -22.56934213867999617, -25.31734823469000517, -2.729999969035572960 ) ) ;
#456 = CARTESIAN_POINT ( 'NONE',  ( 26.10245463104451602, -27.65845295633035406, -4.500000000000000000 ) ) ;
#457 = ORIENTED_EDGE ( 'NONE', *, *, #3632, .F. ) ;
#458 = DIRECTION ( 'NONE',  ( 0.000000000000000000, 0.000000000000000000, -1.000000000000000000 ) ) ;
#459 = ORIENTED_EDGE ( 'NONE', *, *, #102, .T. ) ;
#460 = DIRECTION ( 'NONE',  ( 1.000000000000000000, 0.000000000000000000, 0.000000000000000000 ) ) ;
#461 = ADVANCED_FACE ( 'NONE', ( #2619 ), #2027, .F. ) ;
#462 = EDGE_CURVE ( 'NONE', #1293, #3577, #668, .T. ) ;
#463 = ORIENTED_EDGE ( 'NONE', *, *, #2238, .T. ) ;
#464 = LINE ( 'NONE', #815, #408 ) ;
#465 = DIRECTION ( 'NONE',  ( 0.000000000000000000, 0.000000000000000000, -1.000000000000000000 ) ) ;
#466 = ORIENTED_EDGE ( 'NONE', *, *, #252, .F. ) ;
#467 = LINE ( 'NONE', #1043, #283 ) ;
#468 = VECTOR ( 'NONE', #586, 1000.000000000000000 ) ;
#469 = ADVANCED_FACE ( 'NONE', ( #1466 ), #1424, .T. ) ;
#470 = VERTEX_POINT ( 'NONE', #3606 ) ;
#471 = CARTESIAN_POINT ( 'NONE',  ( 21.43065786132000028, -19.31734823469000162, -3.699999999999999734 ) ) ;
#472 = VECTOR ( 'NONE', #3262, 1000.000000000000000 ) ;
#473 = DIRECTION ( 'NONE',  ( 1.000000000000000000, -0.000000000000000000, -0.000000000000000000 ) ) ;
#474 = VECTOR ( 'NONE', #439, 1000.000000000000000 ) ;
#475 = AXIS2_PLACEMENT_3D ( 'NONE', #3545, #1648, #1666 ) ;
#476 = CIRCLE ( 'NONE', #3261, 5.000000000000000888 ) ;
#477 = VERTEX_POINT ( 'NONE', #509 ) ;
#478 = EDGE_CURVE ( 'NONE', #2034, #3088, #343, .T. ) ;
#479 = CARTESIAN_POINT ( 'NONE',  ( 22.23065786131999744, -19.31734823469000162, -4.500000000000000000 ) ) ;
#480 = DIRECTION ( 'NONE',  ( -2.595206220084261201E-16, 1.000000000000000000, -0.000000000000000000 ) ) ;
#481 = DIRECTION ( 'NONE',  ( 0.000000000000000000, -1.000000000000000000, 0.000000000000000000 ) ) ;
#482 = ORIENTED_EDGE ( 'NONE', *, *, #674, .F. ) ;
#483 = LINE ( 'NONE', #1081, #3959 ) ;
#484 = ORIENTED_EDGE ( 'NONE', *, *, #1295, .T. ) ;
#485 = LINE ( 'NONE', #3582, #545 ) ;
#486 = VECTOR ( 'NONE', #2794, 1000.000000000000114 ) ;
#487 = VERTEX_POINT ( 'NONE', #3304 ) ;
#488 = DIRECTION ( 'NONE',  ( -5.703228892670392522E-14, 1.000000000000000000, 0.000000000000000000 ) ) ;
#489 = DIRECTION ( 'NONE',  ( -1.000000000000000000, -2.595206220084261201E-16, 1.807003620809177097E-16 ) ) ;
#490 = VECTOR ( 'NONE', #3907, 1000.000000000000000 ) ;
#491 = VERTEX_POINT ( 'NONE', #526 ) ;
#492 = VECTOR ( 'NONE', #3871, 1000.000000000000000 ) ;
#493 = DIRECTION ( 'NONE',  ( -0.000000000000000000, 0.000000000000000000, 1.000000000000000000 ) ) ;
#494 = ORIENTED_EDGE ( 'NONE', *, *, #2973, .F. ) ;
#495 = LINE ( 'NONE', #1108, #1783 ) ;
#496 = DIRECTION ( 'NONE',  ( -3.614007241618349264E-16, -9.379094072877502498E-32, -1.000000000000000000 ) ) ;
#497 = EDGE_CURVE ( 'NONE', #329, #1404, #3768, .T. ) ;
#498 = EDGE_CURVE ( 'NONE', #1138, #3400, #3623, .T. ) ;
#499 = EDGE_LOOP ( 'NONE', ( #3697, #134, #3977, #2020 ) ) ;
#500 = CARTESIAN_POINT ( 'NONE',  ( -19.56934213867999972, -25.31734823469000517, -1.729999969035573626 ) ) ;
#501 = CARTESIAN_POINT ( 'NONE',  ( -21.96934213867906394, 16.78265176531008152, 2.799999999999999822 ) ) ;
#502 = DIRECTION ( 'NONE',  ( 5.782411586589358822E-15, 1.500655051660400575E-30, 1.000000000000000000 ) ) ;
#503 = PRODUCT_RELATED_PRODUCT_CATEGORY ( 'part', '', ( #2003 ) ) ;
#504 = VERTEX_POINT ( 'NONE', #2720 ) ;
#505 = CARTESIAN_POINT ( 'NONE',  ( -22.56934213867999617, -22.31734823469000517, -2.729999969035572516 ) ) ;
#506 = CARTESIAN_POINT ( 'NONE',  ( -4.819342138679991727, -24.31734823469000517, -1.999999999999999556 ) ) ;
#507 = CARTESIAN_POINT ( 'NONE',  ( 13.68065786131999495, -24.01734823469000091, -1.399999999999999689 ) ) ;
#508 = ORIENTED_EDGE ( 'NONE', *, *, #127, .T. ) ;
#509 = CARTESIAN_POINT ( 'NONE',  ( -21.46934213868000896, 16.34265188916871736, -2.029999969034570917 ) ) ;
#510 = CARTESIAN_POINT ( 'NONE',  ( 31.43065786132000383, -4.516299896668843239, 3.869999999999999218 ) ) ;
#511 = ORIENTED_EDGE ( 'NONE', *, *, #1163, .F. ) ;
#512 = CARTESIAN_POINT ( 'NONE',  ( 11.23065786132000099, 28.08265176530999341, 2.799999999999999822 ) ) ;
#513 = ORIENTED_EDGE ( 'NONE', *, *, #197, .T. ) ;
#514 = CARTESIAN_POINT ( 'NONE',  ( -14.56934213867999617, -23.51734823469001157, -3.500000000000001332 ) ) ;
#515 = CARTESIAN_POINT ( 'NONE',  ( -13.56934213867999617, -19.71734823469001086, -2.499999999999999556 ) ) ;
#516 = VERTEX_POINT ( 'NONE', #1785 ) ;
#517 = EDGE_CURVE ( 'NONE', #1838, #590, #276, .T. ) ;
#518 = EDGE_CURVE ( 'NONE', #2490, #1925, #567, .T. ) ;
#519 = CARTESIAN_POINT ( 'NONE',  ( 21.43065786132000028, -19.31734823469000517, -3.499999999999999556 ) ) ;
#520 = CARTESIAN_POINT ( 'NONE',  ( 12.48065786131999744, -24.01734823469000091, -2.000000000000000000 ) ) ;
#521 = LINE ( 'NONE', #3236, #2567 ) ;
#522 = ORIENTED_EDGE ( 'NONE', *, *, #2206, .T. ) ;
#523 = CARTESIAN_POINT ( 'NONE',  ( -14.56934213867999617, -19.11734823469000588, -2.499999999999999556 ) ) ;
#524 = DIRECTION ( 'NONE',  ( 0.000000000000000000, 1.000000000000000000, 0.000000000000000000 ) ) ;
#525 = CARTESIAN_POINT ( 'NONE',  ( 12.48065786131999744, -24.01734823469000091, -1.399999999999999911 ) ) ;
#526 = CARTESIAN_POINT ( 'NONE',  ( 12.48065786131999744, -19.31734823469000162, -1.400000000000000133 ) ) ;
#527 = EDGE_CURVE ( 'NONE', #3056, #3830, #795, .T. ) ;
#528 = DIRECTION ( 'NONE',  ( 0.000000000000000000, 0.000000000000000000, -1.000000000000000000 ) ) ;
#529 = ORIENTED_EDGE ( 'NONE', *, *, #3835, .F. ) ;
#530 = PLANE ( 'NONE',  #2425 ) ;
#531 = ORIENTED_EDGE ( 'NONE', *, *, #643, .F. ) ;
#532 = CARTESIAN_POINT ( 'NONE',  ( -12.56934213868000683, 25.68265176530999838, -2.029999907105508594 ) ) ;
#533 = LINE ( 'NONE', #1411, #3136 ) ;
#534 = VECTOR ( 'NONE', #3238, 1000.000000000000000 ) ;
#535 = AXIS2_PLACEMENT_3D ( 'NONE', #3460, #691, #3680 ) ;
#536 = AXIS2_PLACEMENT_3D ( 'NONE', #195, #1851, #1249 ) ;
#537 = VECTOR ( 'NONE', #1395, 1000.000000000000000 ) ;
#538 = ORIENTED_EDGE ( 'NONE', *, *, #34, .F. ) ;
#539 = CARTESIAN_POINT ( 'NONE',  ( 25.43065786132000383, -24.31734823469000162, -1.992820323027524099 ) ) ;
#540 = CARTESIAN_POINT ( 'NONE',  ( 21.43065786132000028, -15.51629989666884590, 3.869999999999997886 ) ) ;
#541 = AXIS2_PLACEMENT_3D ( 'NONE', #918, #2149, #3386 ) ;
#542 = VECTOR ( 'NONE', #1598, 1000.000000000000000 ) ;
#543 = EDGE_CURVE ( 'NONE', #1151, #380, #2779, .T. ) ;
#544 = VERTEX_POINT ( 'NONE', #27 ) ;
#545 = VECTOR ( 'NONE', #226, 1000.000000000000000 ) ;
#546 = DIRECTION ( 'NONE',  ( -2.891205793294679411E-15, 0.000000000000000000, 1.000000000000000000 ) ) ;
#547 = CARTESIAN_POINT ( 'NONE',  ( 30.83065786131918529, 14.58265176531008755, 2.799999999999998934 ) ) ;
#548 = EDGE_CURVE ( 'NONE', #2328, #3711, #2111, .T. ) ;
#549 = ADVANCED_FACE ( 'NONE', ( #263 ), #2738, .T. ) ;
#550 = FACE_OUTER_BOUND ( 'NONE', #2026, .T. ) ;
#551 = CARTESIAN_POINT ( 'NONE',  ( -4.819342138679989951, -19.61734823469000588, -1.399999999999999689 ) ) ;
#552 = CARTESIAN_POINT ( 'NONE',  ( 13.68065786131999317, -19.31734823469000162, -1.399999999999999689 ) ) ;
#553 = ORIENTED_EDGE ( 'NONE', *, *, #225, .F. ) ;
#554 = LINE ( 'NONE', #3931, #1004 ) ;
#555 = AXIS2_PLACEMENT_3D ( 'NONE', #2879, #745, #666 ) ;
#556 = ORIENTED_EDGE ( 'NONE', *, *, #1071, .T. ) ;
#557 = CARTESIAN_POINT ( 'NONE',  ( 31.43065786132000383, -15.51629989666884413, 3.869999999999997886 ) ) ;
#558 = VECTOR ( 'NONE', #1179, 1000.000000000000000 ) ;
#559 = LINE ( 'NONE', #1430, #1067 ) ;
#560 = ORIENTED_EDGE ( 'NONE', *, *, #1399, .F. ) ;
#561 = DIRECTION ( 'NONE',  ( 0.9284766908852596368, -0.3713906763541028888, 0.000000000000000000 ) ) ;
#562 = FACE_OUTER_BOUND ( 'NONE', #2053, .T. ) ;
#563 = ORIENTED_EDGE ( 'NONE', *, *, #2025, .F. ) ;
#564 = CARTESIAN_POINT ( 'NONE',  ( 21.43065786132000028, -24.31734823469000162, -0.4999999999999995559 ) ) ;
#565 = LINE ( 'NONE', #3342, #2434 ) ;
#566 = PLANE ( 'NONE',  #1327 ) ;
#567 = LINE ( 'NONE', #3041, #2487 ) ;
#568 = ADVANCED_FACE ( 'NONE', ( #915 ), #3363, .F. ) ;
#569 = EDGE_CURVE ( 'NONE', #2460, #901, #1482, .T. ) ;
#570 = CARTESIAN_POINT ( 'NONE',  ( 31.43065786131999673, 28.68265176530999483, -4.500000000000000000 ) ) ;
#571 = EDGE_LOOP ( 'NONE', ( #3179, #3481, #111, #1456 ) ) ;
#572 = DIRECTION ( 'NONE',  ( 0.000000000000000000, 0.000000000000000000, 1.000000000000000000 ) ) ;
#573 = ORIENTED_EDGE ( 'NONE', *, *, #3467, .F. ) ;
#574 = DIRECTION ( 'NONE',  ( -0.000000000000000000, -1.000000000000000000, -0.000000000000000000 ) ) ;
#575 = CARTESIAN_POINT ( 'NONE',  ( 22.23065786131999744, -23.51734823469000446, -4.500000000000000000 ) ) ;
#576 = ORIENTED_EDGE ( 'NONE', *, *, #1074, .F. ) ;
#577 = ORIENTED_EDGE ( 'NONE', *, *, #1435, .F. ) ;
#578 = PLANE ( 'NONE',  #2937 ) ;
#579 = PLANE ( 'NONE',  #1277 ) ;
#580 = ORIENTED_EDGE ( 'NONE', *, *, #2108, .T. ) ;
#581 = VERTEX_POINT ( 'NONE', #896 ) ;
#582 = LINE ( 'NONE', #2143, #92 ) ;
#583 = CARTESIAN_POINT ( 'NONE',  ( 11.23065786132000099, 28.08265176530999341, 2.799999999999999822 ) ) ;
#584 = DIRECTION ( 'NONE',  ( -7.224192438321208153E-17, -1.000000000000000000, 0.000000000000000000 ) ) ;
#585 = DIRECTION ( 'NONE',  ( -2.595206220084261201E-16, 1.000000000000000000, -0.000000000000000000 ) ) ;
#586 = DIRECTION ( 'NONE',  ( 0.000000000000000000, 1.000000000000000000, 0.000000000000000000 ) ) ;
#587 = ORIENTED_EDGE ( 'NONE', *, *, #42, .F. ) ;
#588 = LINE ( 'NONE', #1564, #3452 ) ;
#589 = EDGE_CURVE ( 'NONE', #2070, #730, #1207, .T. ) ;
#590 = VERTEX_POINT ( 'NONE', #2455 ) ;
#591 = CARTESIAN_POINT ( 'NONE',  ( 0.000000000000000000, 0.000000000000000000, 0.000000000000000000 ) ) ;
#592 = DIRECTION ( 'NONE',  ( 0.000000000000000000, 1.000000000000000000, 0.000000000000000000 ) ) ;
#593 = DIRECTION ( 'NONE',  ( 1.000000000000000000, 2.595206220084261201E-16, 0.000000000000000000 ) ) ;
#594 = EDGE_CURVE ( 'NONE', #1925, #2812, #327, .T. ) ;
#595 = VERTEX_POINT ( 'NONE', #3383 ) ;
#596 = VECTOR ( 'NONE', #1483, 1000.000000000000000 ) ;
#597 = CARTESIAN_POINT ( 'NONE',  ( 21.43065786132000028, -20.11734823468999878, -0.5000000000000001110 ) ) ;
#598 = CARTESIAN_POINT ( 'NONE',  ( -14.56934213867999617, -20.11734823469000943, -3.499999999999999556 ) ) ;
#599 = VECTOR ( 'NONE', #897, 1000.000000000000000 ) ;
#600 = VECTOR ( 'NONE', #2175, 1000.000000000000000 ) ;
#601 = ADVANCED_FACE ( 'NONE', ( #632 ), #611, .T. ) ;
#602 = ORIENTED_EDGE ( 'NONE', *, *, #2002, .T. ) ;
#603 = ORIENTED_EDGE ( 'NONE', *, *, #1071, .F. ) ;
#604 = VECTOR ( 'NONE', #978, 1000.000000000000000 ) ;
#605 = CARTESIAN_POINT ( 'NONE',  ( 25.43065786132000383, -20.11734823468999878, -0.4999999999999995559 ) ) ;
#606 = AXIS2_PLACEMENT_3D ( 'NONE', #1872, #1279, #2813 ) ;
#607 = CARTESIAN_POINT ( 'NONE',  ( 0.000000000000000000, 0.000000000000000000, -1.499999999999999556 ) ) ;
#608 = AXIS2_PLACEMENT_3D ( 'NONE', #3690, #924, #1308 ) ;
#609 = AXIS2_PLACEMENT_3D ( 'NONE', #1568, #37, #14 ) ;
#610 = FACE_OUTER_BOUND ( 'NONE', #2628, .T. ) ;
#611 = PLANE ( 'NONE',  #3382 ) ;
#612 = CARTESIAN_POINT ( 'NONE',  ( 23.43065786132000028, -28.34577535943619964, -1.499999999999998002 ) ) ;
#613 = ORIENTED_EDGE ( 'NONE', *, *, #2384, .T. ) ;
#614 = LINE ( 'NONE', #311, #3323 ) ;
#615 = ORIENTED_EDGE ( 'NONE', *, *, #1203, .T. ) ;
#616 = DIRECTION ( 'NONE',  ( 0.000000000000000000, -2.891206240920326334E-15, -1.000000000000000000 ) ) ;
#617 = CARTESIAN_POINT ( 'NONE',  ( -21.46934213867906394, 16.78265176531005309, 2.799999999999999822 ) ) ;
#618 = VECTOR ( 'NONE', #1035, 1000.000000000000000 ) ;
#619 = DIRECTION ( 'NONE',  ( -1.000000000000000000, -1.284980352575412699E-16, 0.000000000000000000 ) ) ;
#620 = VECTOR ( 'NONE', #2857, 1000.000000000000000 ) ;
#621 = VERTEX_POINT ( 'NONE', #2194 ) ;
#622 = DIRECTION ( 'NONE',  ( 1.807003620809179809E-16, 4.689547036438764934E-32, 1.000000000000000000 ) ) ;
#623 = EDGE_CURVE ( 'NONE', #3924, #3996, #1265, .T. ) ;
#624 = ADVANCED_FACE ( 'NONE', ( #2499 ), #3729, .F. ) ;
#625 = VECTOR ( 'NONE', #2117, 1000.000000000000000 ) ;
#626 = CARTESIAN_POINT ( 'NONE',  ( -21.96934213867918828, 14.58265176531008045, 2.799999999999998934 ) ) ;
#627 = ORIENTED_EDGE ( 'NONE', *, *, #548, .F. ) ;
#628 = ORIENTED_EDGE ( 'NONE', *, *, #2777, .T. ) ;
#629 = LINE ( 'NONE', #1860, #2351 ) ;
#630 = FACE_BOUND ( 'NONE', #2990, .T. ) ;
#631 = DIRECTION ( 'NONE',  ( 1.000000000000000000, -0.000000000000000000, -0.000000000000000000 ) ) ;
#632 = FACE_OUTER_BOUND ( 'NONE', #1525, .T. ) ;
#633 = LINE ( 'NONE', #1585, #1950 ) ;
#634 = VERTEX_POINT ( 'NONE', #940 ) ;
#635 = PLANE ( 'NONE',  #1773 ) ;
#636 = VERTEX_POINT ( 'NONE', #3646 ) ;
#637 = CARTESIAN_POINT ( 'NONE',  ( 13.43065786132000206, -24.71734823469000020, 1.600000000000000089 ) ) ;
#638 = DIRECTION ( 'NONE',  ( 1.000000000000000000, 0.000000000000000000, -9.856383386231856362E-17 ) ) ;
#639 = EDGE_LOOP ( 'NONE', ( #2124, #296, #782, #925 ) ) ;
#640 = FACE_OUTER_BOUND ( 'NONE', #240, .T. ) ;
#641 = ORIENTED_EDGE ( 'NONE', *, *, #3507, .T. ) ;
#642 = CARTESIAN_POINT ( 'NONE',  ( 11.23065786132000099, 28.08265176530999341, 2.799999999999999822 ) ) ;
#643 = EDGE_CURVE ( 'NONE', #786, #2967, #877, .T. ) ;
#644 = EDGE_CURVE ( 'NONE', #1803, #749, #3425, .T. ) ;
#645 = ORIENTED_EDGE ( 'NONE', *, *, #3790, .F. ) ;
#646 = CARTESIAN_POINT ( 'NONE',  ( 21.43065786132000028, -4.516299896668844127, 0.9299999999999993827 ) ) ;
#647 = CARTESIAN_POINT ( 'NONE',  ( 0.000000000000000000, -23.51734823469000446, 0.000000000000000000 ) ) ;
#648 = CARTESIAN_POINT ( 'NONE',  ( 21.43065786132000028, -20.11734823468999878, -0.5000000000000001110 ) ) ;
#649 = ADVANCED_FACE ( 'NONE', ( #1560 ), #1654, .T. ) ;
#650 = DIRECTION ( 'NONE',  ( -5.782411586589358822E-15, -0.000000000000000000, 1.000000000000000000 ) ) ;
#651 = DIRECTION ( 'NONE',  ( -0.000000000000000000, -1.000000000000000000, -0.000000000000000000 ) ) ;
#652 = CARTESIAN_POINT ( 'NONE',  ( 22.23065786131999744, -23.51734823469000446, -3.699999999999999734 ) ) ;
#653 = VERTEX_POINT ( 'NONE', #479 ) ;
#654 = CARTESIAN_POINT ( 'NONE',  ( -16.56934213868000683, -24.31734823469000162, -0.4999999999999995559 ) ) ;
#655 = AXIS2_PLACEMENT_3D ( 'NONE', #369, #2193, #3728 ) ;
#656 = EDGE_CURVE ( 'NONE', #2605, #1378, #2999, .T. ) ;
#657 = ORIENTED_EDGE ( 'NONE', *, *, #3077, .F. ) ;
#658 = CARTESIAN_POINT ( 'NONE',  ( 21.43065786132000028, -20.11734823468999878, -3.699999999999999734 ) ) ;
#659 = CARTESIAN_POINT ( 'NONE',  ( 21.43065786132000028, -23.51734823469000446, -0.4999999999999995559 ) ) ;
#660 = PLANE ( 'NONE',  #2023 ) ;
#661 = EDGE_LOOP ( 'NONE', ( #1287, #3359, #1188, #278, #388, #1386 ) ) ;
#662 = CARTESIAN_POINT ( 'NONE',  ( -12.56934213867999617, -23.51734823469001157, -0.4999999999999995559 ) ) ;
#663 = VERTEX_POINT ( 'NONE', #421 ) ;
#664 = CARTESIAN_POINT ( 'NONE',  ( 29.43065786132000028, -25.31734823469000517, -4.500000000000000000 ) ) ;
#665 = LINE ( 'NONE', #1051, #604 ) ;
#666 = DIRECTION ( 'NONE',  ( 1.000000000000000000, 0.000000000000000000, 3.614007241618349264E-16 ) ) ;
#667 = VECTOR ( 'NONE', #139, 1000.000000000000000 ) ;
#668 = CIRCLE ( 'NONE', #1508, 1.890000000000002789 ) ;
#669 = DIRECTION ( 'NONE',  ( -1.000000000000000000, 0.000000000000000000, 0.000000000000000000 ) ) ;
#670 = VECTOR ( 'NONE', #1458, 1000.000000000000000 ) ;
#671 = VECTOR ( 'NONE', #2909, 1000.000000000000000 ) ;
#672 = CARTESIAN_POINT ( 'NONE',  ( -4.819342138679988174, -24.31734823469000162, -1.399999999999999689 ) ) ;
#673 = ORIENTED_EDGE ( 'NONE', *, *, #1878, .T. ) ;
#674 = EDGE_CURVE ( 'NONE', #700, #1639, #1050, .T. ) ;
#675 = CARTESIAN_POINT ( 'NONE',  ( -21.46934213868000896, 25.68265176530999483, -3.500000000000139000 ) ) ;
#676 = EDGE_CURVE ( 'NONE', #2253, #2688, #454, .T. ) ;
#677 = AXIS2_PLACEMENT_3D ( 'NONE', #837, #3030, #250 ) ;
#678 = VECTOR ( 'NONE', #269, 1000.000000000000000 ) ;
#679 = EDGE_LOOP ( 'NONE', ( #1148, #2283, #482 ) ) ;
#680 = DIRECTION ( 'NONE',  ( 2.595206220084261201E-16, -1.000000000000000000, -0.000000000000000000 ) ) ;
#681 = ORIENTED_EDGE ( 'NONE', *, *, #2798, .T. ) ;
#682 = SURFACE_STYLE_USAGE ( .BOTH. , #2137 ) ;
#683 = VERTEX_POINT ( 'NONE', #1952 ) ;
#684 = CARTESIAN_POINT ( 'NONE',  ( 11.23065786132000099, 27.58265176530999341, 2.799999999999999822 ) ) ;
#685 = VECTOR ( 'NONE', #48, 1000.000000000000000 ) ;
#686 = EDGE_LOOP ( 'NONE', ( #313, #3853, #921, #856 ) ) ;
#687 = LINE ( 'NONE', #2248, #804 ) ;
#688 = AXIS2_PLACEMENT_3D ( 'NONE', #591, #356, #3069 ) ;
#689 = CARTESIAN_POINT ( 'NONE',  ( 21.43065786132000028, -24.31734823469000162, -1.499999999999999556 ) ) ;
#690 = CARTESIAN_POINT ( 'NONE',  ( -16.56934213867999972, -20.11734823469000588, -1.992820323027522544 ) ) ;
#691 = DIRECTION ( 'NONE',  ( -2.595206220084261201E-16, 1.000000000000000000, 0.000000000000000000 ) ) ;
#692 = LINE ( 'NONE', #1922, #2415 ) ;
#693 = ORIENTED_EDGE ( 'NONE', *, *, #518, .F. ) ;
#694 = FACE_OUTER_BOUND ( 'NONE', #3174, .T. ) ;
#695 = EDGE_CURVE ( 'NONE', #2538, #1142, #3254, .T. ) ;
#696 = EDGE_CURVE ( 'NONE', #3079, #653, #117, .T. ) ;
#697 = ORIENTED_EDGE ( 'NONE', *, *, #2901, .T. ) ;
#698 = PLANE ( 'NONE',  #2166 ) ;
#699 = VERTEX_POINT ( 'NONE', #347 ) ;
#700 = VERTEX_POINT ( 'NONE', #2957 ) ;
#701 = FACE_OUTER_BOUND ( 'NONE', #2272, .T. ) ;
#702 = ORIENTED_EDGE ( 'NONE', *, *, #407, .F. ) ;
#703 = CARTESIAN_POINT ( 'NONE',  ( 21.43065786132000028, -23.51734823469000446, -0.4999999999999995559 ) ) ;
#704 = CARTESIAN_POINT ( 'NONE',  ( -22.56934213867999617, -23.31734823469000872, -4.500000000000000000 ) ) ;
#705 = DIRECTION ( 'NONE',  ( 1.000000000000000000, 7.224192438321208153E-17, 0.000000000000000000 ) ) ;
#706 = ORIENTED_EDGE ( 'NONE', *, *, #1732, .F. ) ;
#707 = DIRECTION ( 'NONE',  ( -0.000000000000000000, -0.000000000000000000, -1.000000000000000000 ) ) ;
#708 = ORIENTED_EDGE ( 'NONE', *, *, #2081, .F. ) ;
#709 = LINE ( 'NONE', #1344, #3198 ) ;
#710 = EDGE_LOOP ( 'NONE', ( #1056, #214, #2504, #1823 ) ) ;
#711 = FACE_OUTER_BOUND ( 'NONE', #3408, .T. ) ;
#712 = ORIENTED_EDGE ( 'NONE', *, *, #3834, .T. ) ;
#713 = PLANE ( 'NONE',  #2876 ) ;
#714 = ADVANCED_FACE ( 'NONE', ( #1354 ), #2933, .F. ) ;
#715 = ORIENTED_EDGE ( 'NONE', *, *, #1113, .T. ) ;
#716 = DIRECTION ( 'NONE',  ( -0.9659258262890669799, 0.000000000000000000, -0.2588190451025258465 ) ) ;
#717 = EDGE_CURVE ( 'NONE', #2090, #3263, #2284, .T. ) ;
#718 = VERTEX_POINT ( 'NONE', #3551 ) ;
#719 = DIRECTION ( 'NONE',  ( 1.000000000000000000, 0.000000000000000000, 0.000000000000000000 ) ) ;
#720 = DIRECTION ( 'NONE',  ( -1.000000000000000000, -2.595206220084261201E-16, 2.891205793294679411E-15 ) ) ;
#721 = DIRECTION ( 'NONE',  ( 0.000000000000000000, 1.000000000000000000, -1.874701162799413597E-16 ) ) ;
#722 = EDGE_CURVE ( 'NONE', #2581, #2772, #3815, .T. ) ;
#723 = VERTEX_POINT ( 'NONE', #1671 ) ;
#724 = VECTOR ( 'NONE', #3478, 1000.000000000000000 ) ;
#725 = DIRECTION ( 'NONE',  ( 0.000000000000000000, -0.000000000000000000, -1.000000000000000000 ) ) ;
#726 = ORIENTED_EDGE ( 'NONE', *, *, #3473, .F. ) ;
#727 = CARTESIAN_POINT ( 'NONE',  ( -4.819342138679989951, -19.61734823469000588, -1.399999999999999689 ) ) ;
#728 = AXIS2_PLACEMENT_3D ( 'NONE', #244, #3698, #3 ) ;
#729 = VECTOR ( 'NONE', #1863, 1000.000000000000000 ) ;
#730 = VERTEX_POINT ( 'NONE', #176 ) ;
#731 = DIRECTION ( 'NONE',  ( -0.000000000000000000, -0.000000000000000000, 1.000000000000000000 ) ) ;
#732 = EDGE_LOOP ( 'NONE', ( #3851, #3090, #2837, #442 ) ) ;
#733 = FACE_OUTER_BOUND ( 'NONE', #953, .T. ) ;
#734 = STYLED_ITEM ( 'NONE', ( #3753 ), #2594 ) ;
#735 = VECTOR ( 'NONE', #3755, 1000.000000000000000 ) ;
#736 = AXIS2_PLACEMENT_3D ( 'NONE', #3612, #1134, #173 ) ;
#737 = ORIENTED_EDGE ( 'NONE', *, *, #2167, .F. ) ;
#738 = DIRECTION ( 'NONE',  ( -2.215586469036330689E-29, -3.942553354492742545E-16, 1.000000000000000000 ) ) ;
#739 = ORIENTED_EDGE ( 'NONE', *, *, #2630, .T. ) ;
#740 = EDGE_CURVE ( 'NONE', #2996, #1042, #1584, .T. ) ;
#741 = EDGE_CURVE ( 'NONE', #3581, #865, #2911, .T. ) ;
#742 = CARTESIAN_POINT ( 'NONE',  ( -12.56934213868000327, 16.34265182723986243, -0.8299999690355729376 ) ) ;
#743 = DIRECTION ( 'NONE',  ( 0.000000000000000000, 0.000000000000000000, 1.000000000000000000 ) ) ;
#744 = AXIS2_PLACEMENT_3D ( 'NONE', #1239, #1799, #3699 ) ;
#745 = DIRECTION ( 'NONE',  ( -3.614007241618349264E-16, 0.000000000000000000, 1.000000000000000000 ) ) ;
#746 = ORIENTED_EDGE ( 'NONE', *, *, #899, .T. ) ;
#747 = AXIS2_PLACEMENT_3D ( 'NONE', #2766, #292, #2199 ) ;
#748 = FACE_OUTER_BOUND ( 'NONE', #3483, .T. ) ;
#749 = VERTEX_POINT ( 'NONE', #1372 ) ;
#750 = DIRECTION ( 'NONE',  ( -0.000000000000000000, 0.000000000000000000, 1.000000000000000000 ) ) ;
#751 = ORIENTED_EDGE ( 'NONE', *, *, #252, .T. ) ;
#752 = CARTESIAN_POINT ( 'NONE',  ( 30.33065786132000596, 16.78265176531006020, 2.800000000000000266 ) ) ;
#753 = ORIENTED_EDGE ( 'NONE', *, *, #845, .F. ) ;
#754 = PLANE ( 'NONE',  #2229 ) ;
#755 = ORIENTED_EDGE ( 'NONE', *, *, #362, .T. ) ;
#756 = DIRECTION ( 'NONE',  ( 0.000000000000000000, -0.000000000000000000, -1.000000000000000000 ) ) ;
#757 = ORIENTED_EDGE ( 'NONE', *, *, #271, .F. ) ;
#758 = CARTESIAN_POINT ( 'NONE',  ( -12.56934213868000327, 17.54265185820429096, -3.229999999999998206 ) ) ;
#759 = DIRECTION ( 'NONE',  ( 0.2588190451025257355, 0.000000000000000000, 0.9659258262890668689 ) ) ;
#760 = CARTESIAN_POINT ( 'NONE',  ( 30.83065786131905739, 16.78265176531008862, 2.799999999999999822 ) ) ;
#761 = EDGE_CURVE ( 'NONE', #1642, #491, #3839, .T. ) ;
#762 = ADVANCED_FACE ( 'NONE', ( #1285 ), #50, .T. ) ;
#763 = ORIENTED_EDGE ( 'NONE', *, *, #349, .F. ) ;
#764 = AXIS2_PLACEMENT_3D ( 'NONE', #228, #1465, #3325 ) ;
#765 = FACE_OUTER_BOUND ( 'NONE', #571, .T. ) ;
#766 = ORIENTED_EDGE ( 'NONE', *, *, #893, .T. ) ;
#767 = CARTESIAN_POINT ( 'NONE',  ( -12.56934213867999794, -20.11734823469000588, -0.5000000000000001110 ) ) ;
#768 = ADVANCED_FACE ( 'NONE', ( #2647 ), #3234, .F. ) ;
#769 = ORIENTED_EDGE ( 'NONE', *, *, #3534, .T. ) ;
#770 = DIRECTION ( 'NONE',  ( -0.000000000000000000, 0.000000000000000000, 1.000000000000000000 ) ) ;
#771 = DIRECTION ( 'NONE',  ( 0.000000000000000000, -1.000000000000000000, 0.000000000000000000 ) ) ;
#772 = ORIENTED_EDGE ( 'NONE', *, *, #3631, .T. ) ;
#773 = LINE ( 'NONE', #146, #3643 ) ;
#774 = EDGE_CURVE ( 'NONE', #2075, #2253, #1575, .T. ) ;
#775 = ORIENTED_EDGE ( 'NONE', *, *, #2530, .T. ) ;
#776 = CARTESIAN_POINT ( 'NONE',  ( -21.46934213868000896, -22.32734823469001029, -3.500000000000000000 ) ) ;
#777 = DIRECTION ( 'NONE',  ( -0.000000000000000000, -1.000000000000000000, -0.000000000000000000 ) ) ;
#778 = EDGE_LOOP ( 'NONE', ( #1297, #3887, #1511, #1340 ) ) ;
#779 = CARTESIAN_POINT ( 'NONE',  ( -12.56934213867999617, -20.11734823469000943, -3.499999999999999556 ) ) ;
#780 = DIRECTION ( 'NONE',  ( 1.000000000000000000, 0.000000000000000000, -9.856383386231856362E-17 ) ) ;
#781 = DIRECTION ( 'NONE',  ( 1.000000000000000000, 0.000000000000000000, 0.000000000000000000 ) ) ;
#782 = ORIENTED_EDGE ( 'NONE', *, *, #232, .T. ) ;
#783 = LINE ( 'NONE', #3580, #472 ) ;
#784 = ORIENTED_EDGE ( 'NONE', *, *, #396, .T. ) ;
#785 = LINE ( 'NONE', #201, #43 ) ;
#786 = VERTEX_POINT ( 'NONE', #3123 ) ;
#787 = DIRECTION ( 'NONE',  ( 0.000000000000000000, 1.000000000000000000, -0.000000000000000000 ) ) ;
#788 = ADVANCED_FACE ( 'NONE', ( #2822 ), #2519, .F. ) ;
#789 = ADVANCED_FACE ( 'NONE', ( #2407 ), #1493, .F. ) ;
#790 = CARTESIAN_POINT ( 'NONE',  ( -21.96934213867906394, 16.78265176531008152, 2.799999999999999822 ) ) ;
#791 = ORIENTED_EDGE ( 'NONE', *, *, #225, .T. ) ;
#792 = VECTOR ( 'NONE', #1895, 1000.000000000000000 ) ;
#793 = DIRECTION ( 'NONE',  ( 1.000000000000000000, 0.000000000000000000, 0.000000000000000000 ) ) ;
#794 = CIRCLE ( 'NONE', #3251, 2.000000000000001776 ) ;
#795 = CIRCLE ( 'NONE', #2930, 1.000000000000000888 ) ;
#796 = EDGE_LOOP ( 'NONE', ( #3098, #339, #2654, #2080 ) ) ;
#797 = FACE_OUTER_BOUND ( 'NONE', #2765, .T. ) ;
#798 = AXIS2_PLACEMENT_3D ( 'NONE', #3255, #1373, #3922 ) ;
#799 = CARTESIAN_POINT ( 'NONE',  ( -14.56934213867999617, -20.11734823469000588, -2.499999999999999556 ) ) ;
#800 = VECTOR ( 'NONE', #3597, 1000.000000000000000 ) ;
#801 = AXIS2_PLACEMENT_3D ( 'NONE', #857, #207, #2336 ) ;
#802 = AXIS2_PLACEMENT_3D ( 'NONE', #1926, #448, #1306 ) ;
#803 = ORIENTED_EDGE ( 'NONE', *, *, #2833, .F. ) ;
#804 = VECTOR ( 'NONE', #1016, 1000.000000000000000 ) ;
#805 = CARTESIAN_POINT ( 'NONE',  ( -4.819342138679991727, -24.31734823469000517, -1.999999999999999556 ) ) ;
#806 = DIRECTION ( 'NONE',  ( 0.000000000000000000, 0.000000000000000000, 1.000000000000000000 ) ) ;
#807 = CARTESIAN_POINT ( 'NONE',  ( 21.43065786132000028, -23.51734823469000446, -3.699999999999999734 ) ) ;
#808 = ORIENTED_EDGE ( 'NONE', *, *, #3271, .F. ) ;
#809 = CARTESIAN_POINT ( 'NONE',  ( -22.56934213867999617, -20.31734823469000162, -1.729999969035572516 ) ) ;
#810 = ORIENTED_EDGE ( 'NONE', *, *, #717, .F. ) ;
#811 = LINE ( 'NONE', #547, #2041 ) ;
#812 = AXIS2_PLACEMENT_3D ( 'NONE', #993, #2589, #3459 ) ;
#813 = CARTESIAN_POINT ( 'NONE',  ( -19.58203962407375798, 27.58265176530999341, -3.500000000000000000 ) ) ;
#814 = VERTEX_POINT ( 'NONE', #500 ) ;
#815 = CARTESIAN_POINT ( 'NONE',  ( -22.56934213868000327, 17.54265185820429096, -3.229999999999998206 ) ) ;
#816 = DIRECTION ( 'NONE',  ( -0.000000000000000000, -0.000000000000000000, 1.000000000000000000 ) ) ;
#817 = ORIENTED_EDGE ( 'NONE', *, *, #2569, .T. ) ;
#818 = VECTOR ( 'NONE', #1754, 1000.000000000000000 ) ;
#819 = CYLINDRICAL_SURFACE ( 'NONE', #801, 1.000000000000000888 ) ;
#820 = ADVANCED_FACE ( 'NONE', ( #1160 ), #578, .T. ) ;
#821 = EDGE_CURVE ( 'NONE', #487, #1577, #1811, .T. ) ;
#822 = VERTEX_POINT ( 'NONE', #3657 ) ;
#823 = DIRECTION ( 'NONE',  ( -0.000000000000000000, 1.000000000000000000, -0.000000000000000000 ) ) ;
#824 = CARTESIAN_POINT ( 'NONE',  ( -3.619342138679993770, -19.61734823469000588, -1.399999999999999911 ) ) ;
#825 = VERTEX_POINT ( 'NONE', #805 ) ;
#826 = LINE ( 'NONE', #3939, #1510 ) ;
#827 = DIRECTION ( 'NONE',  ( 1.000000000000000000, 0.000000000000000000, 0.000000000000000000 ) ) ;
#828 = CARTESIAN_POINT ( 'NONE',  ( -19.57934213868000484, -24.21734823469001441, 3.200000000000000178 ) ) ;
#829 = EDGE_CURVE ( 'NONE', #2914, #2562, #2039, .T. ) ;
#830 = ORIENTED_EDGE ( 'NONE', *, *, #1676, .F. ) ;
#831 = CARTESIAN_POINT ( 'NONE',  ( 30.83065786131905739, 16.78265176531008862, 2.799999999999999822 ) ) ;
#832 = DIRECTION ( 'NONE',  ( 1.000000000000000000, 0.000000000000000000, -9.856383386231856362E-17 ) ) ;
#833 = DIRECTION ( 'NONE',  ( -0.9284766908852596368, -0.3713906763541031109, 0.000000000000000000 ) ) ;
#834 = DIRECTION ( 'NONE',  ( -0.000000000000000000, -0.000000000000000000, -1.000000000000000000 ) ) ;
#835 = DIRECTION ( 'NONE',  ( 0.000000000000000000, 0.000000000000000000, -1.000000000000000000 ) ) ;
#836 = ORIENTED_EDGE ( 'NONE', *, *, #2331, .F. ) ;
#837 = CARTESIAN_POINT ( 'NONE',  ( 21.43065786132000028, -24.31734823469000162, -3.499999999999999556 ) ) ;
#838 = ORIENTED_EDGE ( 'NONE', *, *, #899, .F. ) ;
#839 = LINE ( 'NONE', #3291, #3594 ) ;
#840 = DIRECTION ( 'NONE',  ( -1.000000000000000000, -5.645626090230307733E-14, 0.000000000000000000 ) ) ;
#841 = EDGE_CURVE ( 'NONE', #3385, #2239, #194, .T. ) ;
#842 = VERTEX_POINT ( 'NONE', #2389 ) ;
#843 = CARTESIAN_POINT ( 'NONE',  ( 11.23065786132000099, -24.21734823469000020, 2.799999999999999822 ) ) ;
#844 = EDGE_CURVE ( 'NONE', #380, #1303, #215, .T. ) ;
#845 = EDGE_CURVE ( 'NONE', #2883, #2185, #1432, .T. ) ;
#846 = FILL_AREA_STYLE ('',( #3092 ) ) ;
#847 = LINE ( 'NONE', #2079, #558 ) ;
#848 = AXIS2_PLACEMENT_3D ( 'NONE', #3724, #3742, #957 ) ;
#849 = ORIENTED_EDGE ( 'NONE', *, *, #2392, .T. ) ;
#850 = DIRECTION ( 'NONE',  ( 0.000000000000000000, -0.000000000000000000, -1.000000000000000000 ) ) ;
#851 = FACE_OUTER_BOUND ( 'NONE', #382, .T. ) ;
#852 = CARTESIAN_POINT ( 'NONE',  ( -21.46934213868000896, 16.34265196503146811, -3.499998004342656621 ) ) ;
#853 = CIRCLE ( 'NONE', #1822, 1.000000000000000888 ) ;
#854 = CARTESIAN_POINT ( 'NONE',  ( -3.619342138679993770, -19.31734823469000517, -2.000000000000000000 ) ) ;
#855 = DIRECTION ( 'NONE',  ( 7.224192438321208153E-17, 1.000000000000000000, -0.000000000000000000 ) ) ;
#856 = ORIENTED_EDGE ( 'NONE', *, *, #2728, .T. ) ;
#857 = CARTESIAN_POINT ( 'NONE',  ( -14.56934213867999617, -28.34577535943619964, -2.499999999999999556 ) ) ;
#858 = ORIENTED_EDGE ( 'NONE', *, *, #644, .F. ) ;
#859 = DIRECTION ( 'NONE',  ( 4.999203100798438559E-16, -1.000000000000000000, -7.811254844997559940E-17 ) ) ;
#860 = DIRECTION ( 'NONE',  ( -2.595206220084261201E-16, 1.000000000000000000, 0.000000000000000000 ) ) ;
#861 = CIRCLE ( 'NONE', #3129, 0.7999999999999999334 ) ;
#862 = AXIS2_PLACEMENT_3D ( 'NONE', #3969, #286, #7 ) ;
#863 = VECTOR ( 'NONE', #2831, 1000.000000000000000 ) ;
#864 = VECTOR ( 'NONE', #3116, 1000.000000000000000 ) ;
#865 = VERTEX_POINT ( 'NONE', #1457 ) ;
#866 = CARTESIAN_POINT ( 'NONE',  ( -3.619342138679993770, -19.61734823469000588, -2.000000000000000000 ) ) ;
#867 = DIRECTION ( 'NONE',  ( 1.000000000000000000, -0.000000000000000000, -0.000000000000000000 ) ) ;
#868 = PRESENTATION_LAYER_ASSIGNMENT (  '', '', ( #734 ) ) ;
#869 = VECTOR ( 'NONE', #3391, 1000.000000000000000 ) ;
#870 = EDGE_CURVE ( 'NONE', #595, #1020, #3312, .T. ) ;
#871 = EDGE_CURVE ( 'NONE', #3469, #2977, #2667, .T. ) ;
#872 = ORIENTED_EDGE ( 'NONE', *, *, #325, .F. ) ;
#873 = AXIS2_PLACEMENT_3D ( 'NONE', #2862, #86, #3789 ) ;
#874 = CARTESIAN_POINT ( 'NONE',  ( -12.56934213867999617, -24.31734823469000872, -0.4999999999999995559 ) ) ;
#875 = DIRECTION ( 'NONE',  ( -2.891205793294679411E-15, -7.503275258302002874E-31, -1.000000000000000000 ) ) ;
#876 = LINE ( 'NONE', #1817, #1715 ) ;
#877 = LINE ( 'NONE', #3086, #600 ) ;
#878 = CARTESIAN_POINT ( 'NONE',  ( -3.619342138679993770, -19.61734823469000588, -2.000000000000000000 ) ) ;
#879 = ORIENTED_EDGE ( 'NONE', *, *, #78, .F. ) ;
#880 = CARTESIAN_POINT ( 'NONE',  ( -13.56934213867999439, -28.34577535943619964, -2.499999999999999556 ) ) ;
#881 = VECTOR ( 'NONE', #875, 1000.000000000000000 ) ;
#882 = ORIENTED_EDGE ( 'NONE', *, *, #297, .T. ) ;
#883 = DIRECTION ( 'NONE',  ( 0.000000000000000000, 1.000000000000000000, 0.000000000000000000 ) ) ;
#884 = CIRCLE ( 'NONE', #3149, 1.887302514606246984 ) ;
#885 = LINE ( 'NONE', #1174, #1706 ) ;
#886 = ORIENTED_EDGE ( 'NONE', *, *, #3296, .F. ) ;
#887 = ORIENTED_EDGE ( 'NONE', *, *, #1788, .T. ) ;
#888 = CARTESIAN_POINT ( 'NONE',  ( -21.96934213867906394, 16.78265176531008507, 1.600000000000000089 ) ) ;
#889 = CARTESIAN_POINT ( 'NONE',  ( -3.619342138679991994, -24.31734823469000517, -1.399999999999999911 ) ) ;
#890 = ORIENTED_EDGE ( 'NONE', *, *, #3354, .F. ) ;
#891 = ORIENTED_EDGE ( 'NONE', *, *, #1295, .F. ) ;
#892 = DIRECTION ( 'NONE',  ( -0.000000000000000000, 1.000000000000000000, -0.000000000000000000 ) ) ;
#893 = EDGE_CURVE ( 'NONE', #865, #636, #1512, .T. ) ;
#894 = CARTESIAN_POINT ( 'NONE',  ( 21.43065786132000028, -24.31734823469000162, -3.499999999999999556 ) ) ;
#895 = DIRECTION ( 'NONE',  ( -8.782410409002606458E-16, -1.000000000000000000, 0.000000000000000000 ) ) ;
#896 = CARTESIAN_POINT ( 'NONE',  ( -13.56934213867999617, -24.51734823469000446, -2.499999999999999556 ) ) ;
#897 = DIRECTION ( 'NONE',  ( 0.000000000000000000, 0.000000000000000000, -1.000000000000000000 ) ) ;
#898 = ORIENTED_EDGE ( 'NONE', *, *, #1343, .T. ) ;
#899 = EDGE_CURVE ( 'NONE', #2138, #2581, #1832, .T. ) ;
#900 = DIRECTION ( 'NONE',  ( -0.000000000000000000, -0.000000000000000000, 1.000000000000000000 ) ) ;
#901 = VERTEX_POINT ( 'NONE', #2730 ) ;
#902 = CARTESIAN_POINT ( 'NONE',  ( -19.58203962407375798, 25.69534925070374953, -3.500000000000000000 ) ) ;
#903 = LINE ( 'NONE', #2136, #2427 ) ;
#904 = EDGE_CURVE ( 'NONE', #2894, #2070, #2991, .T. ) ;
#905 =( BOUNDED_CURVE ( )  B_SPLINE_CURVE ( 3, ( #3797, #437, #452, #3854 ),
 .UNSPECIFIED., .F., .F. ) 
 B_SPLINE_CURVE_WITH_KNOTS ( ( 4, 4 ),
 ( 4.712388980384689674, 7.853981633974481902 ),
 .UNSPECIFIED. ) 
 CURVE ( )  GEOMETRIC_REPRESENTATION_ITEM ( )  RATIONAL_B_SPLINE_CURVE ( ( 1.000000000000000000, 0.3333333333333337034, 0.3333333333333337034, 1.000000000000000000 ) ) 
 REPRESENTATION_ITEM ( '' )  );
#906 = ORIENTED_EDGE ( 'NONE', *, *, #2159, .T. ) ;
#907 = LINE ( 'NONE', #3373, #346 ) ;
#908 = DIRECTION ( 'NONE',  ( -0.000000000000000000, 0.000000000000000000, -1.000000000000000000 ) ) ;
#909 = ORIENTED_EDGE ( 'NONE', *, *, #722, .T. ) ;
#910 = DIRECTION ( 'NONE',  ( 2.595206220084261201E-16, -1.000000000000000000, -0.000000000000000000 ) ) ;
#911 = DIRECTION ( 'NONE',  ( 2.595206220084261201E-16, -1.000000000000000000, 0.000000000000000000 ) ) ;
#912 = DIRECTION ( 'NONE',  ( 0.000000000000000000, 0.000000000000000000, -1.000000000000000000 ) ) ;
#913 = ADVANCED_FACE ( 'NONE', ( #1198 ), #2429, .F. ) ;
#914 = DIRECTION ( 'NONE',  ( 1.000000000000000000, -0.000000000000000000, -0.000000000000000000 ) ) ;
#915 = FACE_OUTER_BOUND ( 'NONE', #3410, .T. ) ;
#916 = CARTESIAN_POINT ( 'NONE',  ( 29.43065786132000028, -25.31734823469000517, -4.500000000000000000 ) ) ;
#917 = ORIENTED_EDGE ( 'NONE', *, *, #2060, .F. ) ;
#918 = CARTESIAN_POINT ( 'NONE',  ( -18.56934213867999617, -25.31734823469000517, -2.729999969035572960 ) ) ;
#919 = EDGE_CURVE ( 'NONE', #3272, #985, #241, .T. ) ;
#920 = EDGE_CURVE ( 'NONE', #2152, #865, #826, .T. ) ;
#921 = ORIENTED_EDGE ( 'NONE', *, *, #3150, .T. ) ;
#922 = PLANE ( 'NONE',  #46 ) ;
#923 = CARTESIAN_POINT ( 'NONE',  ( -4.819342138679989951, -24.01734823469000446, -1.399999999999999689 ) ) ;
#924 = DIRECTION ( 'NONE',  ( 1.000000000000000000, 2.595206220084261201E-16, -0.000000000000000000 ) ) ;
#925 = ORIENTED_EDGE ( 'NONE', *, *, #1620, .T. ) ;
#926 = VECTOR ( 'NONE', #350, 1000.000000000000000 ) ;
#927 = DIRECTION ( 'NONE',  ( 1.000000000000000000, 0.000000000000000000, 0.000000000000000000 ) ) ;
#928 = LINE ( 'NONE', #2403, #3658 ) ;
#929 = VECTOR ( 'NONE', #322, 1000.000000000000000 ) ;
#930 = AXIS2_PLACEMENT_3D ( 'NONE', #306, #1541, #980 ) ;
#931 = ORIENTED_EDGE ( 'NONE', *, *, #1930, .T. ) ;
#932 = FACE_OUTER_BOUND ( 'NONE', #129, .T. ) ;
#933 = VECTOR ( 'NONE', #1246, 1000.000000000000000 ) ;
#934 = LINE ( 'NONE', #3640, #2997 ) ;
#935 = AXIS2_PLACEMENT_3D ( 'NONE', #318, #1552, #2491 ) ;
#936 = CARTESIAN_POINT ( 'NONE',  ( -21.96934213868076213, -13.41734823468991600, 2.799999999999996270 ) ) ;
#937 = CIRCLE ( 'NONE', #1200, 2.999999999999999112 ) ;
#938 = AXIS2_PLACEMENT_3D ( 'NONE', #3562, #3947, #835 ) ;
#939 = DIRECTION ( 'NONE',  ( 0.000000000000000000, 0.000000000000000000, -1.000000000000000000 ) ) ;
#940 = CARTESIAN_POINT ( 'NONE',  ( 28.44335534671500199, 27.58265176530999696, 0.1000000000000002554 ) ) ;
#941 = CARTESIAN_POINT ( 'NONE',  ( -14.56934213867999617, -20.11734823469000588, -1.499999999999998002 ) ) ;
#942 = ORIENTED_EDGE ( 'NONE', *, *, #1486, .F. ) ;
#943 = DIRECTION ( 'NONE',  ( 0.000000000000000000, 1.000000000000000000, 0.000000000000000000 ) ) ;
#944 = ORIENTED_EDGE ( 'NONE', *, *, #1367, .T. ) ;
#945 = DIRECTION ( 'NONE',  ( 0.000000000000000000, 0.000000000000000000, 1.000000000000000000 ) ) ;
#946 = LINE ( 'NONE', #659, #1389 ) ;
#947 = ORIENTED_EDGE ( 'NONE', *, *, #3954, .T. ) ;
#948 = VECTOR ( 'NONE', #2016, 1000.000000000000000 ) ;
#949 = CARTESIAN_POINT ( 'NONE',  ( -21.46934213868000896, 17.54265185820429096, 0.3699999999999996625 ) ) ;
#950 = ADVANCED_FACE ( 'NONE', ( #2059 ), #2694, .T. ) ;
#951 = ADVANCED_FACE ( 'NONE', ( #2163 ), #3997, .T. ) ;
#952 = VECTOR ( 'NONE', #1737, 1000.000000000000000 ) ;
#953 = EDGE_LOOP ( 'NONE', ( #1309, #3353, #1958, #1997, #3780, #3017, #3992, #1685 ) ) ;
#954 = DIRECTION ( 'NONE',  ( 0.000000000000000000, 1.000000000000000000, 7.811254844997559940E-17 ) ) ;
#955 = EDGE_CURVE ( 'NONE', #3830, #1987, #2770, .T. ) ;
#956 = ORIENTED_EDGE ( 'NONE', *, *, #57, .F. ) ;
#957 = DIRECTION ( 'NONE',  ( 7.224192438321208153E-17, 1.000000000000000000, 0.000000000000000000 ) ) ;
#958 = CARTESIAN_POINT ( 'NONE',  ( -12.56934213867999617, -23.51734823469001157, -1.499999999999999556 ) ) ;
#959 = DIRECTION ( 'NONE',  ( -0.000000000000000000, 1.000000000000000000, -0.000000000000000000 ) ) ;
#960 = ADVANCED_FACE ( 'NONE', ( #3721 ), #2186, .T. ) ;
#961 = LINE ( 'NONE', #25, #3703 ) ;
#962 = CARTESIAN_POINT ( 'NONE',  ( 13.43065786132000206, -24.71734823469000020, 2.799999999999999822 ) ) ;
#963 = DIRECTION ( 'NONE',  ( -1.000000000000000000, -1.284980352575412699E-16, 0.000000000000000000 ) ) ;
#964 = VERTEX_POINT ( 'NONE', #3138 ) ;
#965 = FACE_OUTER_BOUND ( 'NONE', #1597, .T. ) ;
#966 = ORIENTED_EDGE ( 'NONE', *, *, #3559, .T. ) ;
#967 = LINE ( 'NONE', #2505, #625 ) ;
#968 = DIRECTION ( 'NONE',  ( 1.000000000000000000, 0.000000000000000000, 0.000000000000000000 ) ) ;
#969 = DIRECTION ( 'NONE',  ( -2.595206220084261201E-16, 1.000000000000000000, 0.000000000000000000 ) ) ;
#970 = VERTEX_POINT ( 'NONE', #337 ) ;
#971 = EDGE_CURVE ( 'NONE', #2207, #380, #907, .T. ) ;
#972 = DIRECTION ( 'NONE',  ( -0.000000000000000000, 1.000000000000000000, -0.000000000000000000 ) ) ;
#973 = VECTOR ( 'NONE', #2438, 1000.000000000000000 ) ;
#974 = ORIENTED_EDGE ( 'NONE', *, *, #1343, .F. ) ;
#975 = EDGE_CURVE ( 'NONE', #3741, #3522, #1234, .T. ) ;
#976 = EDGE_CURVE ( 'NONE', #1577, #175, #1889, .T. ) ;
#977 = DIRECTION ( 'NONE',  ( 0.000000000000000000, 0.000000000000000000, -1.000000000000000000 ) ) ;
#978 = DIRECTION ( 'NONE',  ( -2.595206220084261201E-16, 1.000000000000000000, -0.000000000000000000 ) ) ;
#979 = DIRECTION ( 'NONE',  ( -1.000000000000000000, -0.000000000000000000, -0.000000000000000000 ) ) ;
#980 = DIRECTION ( 'NONE',  ( -1.000000000000000000, 0.000000000000000000, 0.000000000000000000 ) ) ;
#981 = CARTESIAN_POINT ( 'NONE',  ( -21.96934213868076213, -13.41734823468991600, 2.799999999999996270 ) ) ;
#982 = VERTEX_POINT ( 'NONE', #2528 ) ;
#983 = CARTESIAN_POINT ( 'NONE',  ( 29.43065786132000028, -23.31734823469000517, -4.500000000000000000 ) ) ;
#984 = ADVANCED_FACE ( 'NONE', ( #3693 ), #41, .F. ) ;
#985 = VERTEX_POINT ( 'NONE', #1533 ) ;
#986 = DIRECTION ( 'NONE',  ( -0.000000000000000000, -0.000000000000000000, -1.000000000000000000 ) ) ;
#987 = VERTEX_POINT ( 'NONE', #684 ) ;
#988 = ORIENTED_EDGE ( 'NONE', *, *, #1916, .T. ) ;
#989 = DIRECTION ( 'NONE',  ( 0.000000000000000000, 0.000000000000000000, 1.000000000000000000 ) ) ;
#990 = ORIENTED_EDGE ( 'NONE', *, *, #3596, .T. ) ;
#991 = LINE ( 'NONE', #2228, #1957 ) ;
#992 = CARTESIAN_POINT ( 'NONE',  ( 28.44065786132000895, -24.21734823469000375, 3.200000000000000178 ) ) ;
#993 = CARTESIAN_POINT ( 'NONE',  ( -14.56934213867999617, -24.51734823469000446, -2.499999999999999556 ) ) ;
#994 = AXIS2_PLACEMENT_3D ( 'NONE', #2520, #1961, #3204 ) ;
#995 = AXIS2_PLACEMENT_3D ( 'NONE', #2778, #66, #1559 ) ;
#996 = ADVANCED_FACE ( 'NONE', ( #2851 ), #3455, .F. ) ;
#997 = EDGE_CURVE ( 'NONE', #2938, #1519, #3417, .T. ) ;
#998 = PLANE ( 'NONE',  #2224 ) ;
#999 = VECTOR ( 'NONE', #3082, 1000.000000000000000 ) ;
#1000 = AXIS2_PLACEMENT_3D ( 'NONE', #3075, #622, #3157 ) ;
#1001 = FACE_OUTER_BOUND ( 'NONE', #109, .T. ) ;
#1002 = ORIENTED_EDGE ( 'NONE', *, *, #3590, .T. ) ;
#1003 = DIRECTION ( 'NONE',  ( 5.782411586589358822E-15, 0.000000000000000000, 1.000000000000000000 ) ) ;
#1004 = VECTOR ( 'NONE', #1789, 1000.000000000000000 ) ;
#1005 = VECTOR ( 'NONE', #255, 1000.000000000000000 ) ;
#1006 = EDGE_LOOP ( 'NONE', ( #1833, #2525, #2900, #1914 ) ) ;
#1007 = PLANE ( 'NONE',  #2878 ) ;
#1008 = ORIENTED_EDGE ( 'NONE', *, *, #1907, .F. ) ;
#1009 = FACE_OUTER_BOUND ( 'NONE', #686, .T. ) ;
#1010 = PRODUCT_DEFINITION_SHAPE ( 'NONE', 'NONE',  #2244 ) ;
#1011 = ORIENTED_EDGE ( 'NONE', *, *, #1615, .T. ) ;
#1012 = VECTOR ( 'NONE', #2551, 1000.000000000000000 ) ;
#1013 = DIRECTION ( 'NONE',  ( -0.000000000000000000, -0.000000000000000000, 1.000000000000000000 ) ) ;
#1014 = VECTOR ( 'NONE', #721, 1000.000000000000000 ) ;
#1015 = EDGE_LOOP ( 'NONE', ( #898, #2443, #1649, #657, #1488 ) ) ;
#1016 = DIRECTION ( 'NONE',  ( 0.000000000000000000, 0.000000000000000000, -1.000000000000000000 ) ) ;
#1017 = VECTOR ( 'NONE', #3899, 1000.000000000000000 ) ;
#1018 = FACE_OUTER_BOUND ( 'NONE', #3706, .T. ) ;
#1019 = DIRECTION ( 'NONE',  ( 0.000000000000000000, 0.000000000000000000, -1.000000000000000000 ) ) ;
#1020 = VERTEX_POINT ( 'NONE', #75 ) ;
#1021 = EDGE_CURVE ( 'NONE', #3281, #987, #2788, .T. ) ;
#1022 = CARTESIAN_POINT ( 'NONE',  ( 30.33065786132000596, -22.32734823469000318, 3.200000000000000178 ) ) ;
#1023 = ORIENTED_EDGE ( 'NONE', *, *, #2076, .T. ) ;
#1024 = ORIENTED_EDGE ( 'NONE', *, *, #1612, .T. ) ;
#1025 = EDGE_CURVE ( 'NONE', #544, #3723, #1854, .T. ) ;
#1026 = CARTESIAN_POINT ( 'NONE',  ( 30.33065786132000596, -18.37689865379000054, 55.32821550088815599 ) ) ;
#1027 = ORIENTED_EDGE ( 'NONE', *, *, #2120, .T. ) ;
#1028 = LINE ( 'NONE', #1945, #3191 ) ;
#1029 = VERTEX_POINT ( 'NONE', #1572 ) ;
#1030 = PLANE ( 'NONE',  #1640 ) ;
#1031 = EDGE_CURVE ( 'NONE', #1484, #621, #414, .T. ) ;
#1032 = ORIENTED_EDGE ( 'NONE', *, *, #2212, .T. ) ;
#1033 = DIRECTION ( 'NONE',  ( -2.595206220084261201E-16, 1.000000000000000000, 0.000000000000000000 ) ) ;
#1034 = CARTESIAN_POINT ( 'NONE',  ( 30.33065786131918173, 14.58265176531006091, 2.799999999999998934 ) ) ;
#1035 = DIRECTION ( 'NONE',  ( -2.595206220084261201E-16, 1.000000000000000000, -0.000000000000000000 ) ) ;
#1036 = ORIENTED_EDGE ( 'NONE', *, *, #2918, .F. ) ;
#1037 = CARTESIAN_POINT ( 'NONE',  ( -21.46934213868063779, -11.21734823468994335, 2.799999999999997158 ) ) ;
#1038 = VERTEX_POINT ( 'NONE', #3433 ) ;
#1039 = LINE ( 'NONE', #1360, #2295 ) ;
#1040 = ORIENTED_EDGE ( 'NONE', *, *, #3911, .T. ) ;
#1041 = CARTESIAN_POINT ( 'NONE',  ( 30.83065786131905739, 16.78265176531008862, 2.799999999999999822 ) ) ;
#1042 = VERTEX_POINT ( 'NONE', #2223 ) ;
#1043 = CARTESIAN_POINT ( 'NONE',  ( -22.56934213868000327, 28.68265176530999483, 3.200000000000000178 ) ) ;
#1044 = EDGE_CURVE ( 'NONE', #516, #9, #17, .T. ) ;
#1045 = EDGE_CURVE ( 'NONE', #3248, #1726, #1915, .T. ) ;
#1046 = ORIENTED_EDGE ( 'NONE', *, *, #2826, .T. ) ;
#1047 = DIRECTION ( 'NONE',  ( 0.000000000000000000, -1.000000000000000000, 0.000000000000000000 ) ) ;
#1048 = EDGE_CURVE ( 'NONE', #2671, #3687, #2291, .T. ) ;
#1049 = ORIENTED_EDGE ( 'NONE', *, *, #126, .F. ) ;
#1050 = LINE ( 'NONE', #1977, #1767 ) ;
#1051 = CARTESIAN_POINT ( 'NONE',  ( -12.56934213867999794, -19.31734823469000162, -3.699999999999999734 ) ) ;
#1052 = DIRECTION ( 'NONE',  ( 0.000000000000000000, 0.000000000000000000, -1.000000000000000000 ) ) ;
#1053 = ORIENTED_EDGE ( 'NONE', *, *, #871, .F. ) ;
#1054 = VECTOR ( 'NONE', #855, 1000.000000000000000 ) ;
#1055 = CARTESIAN_POINT ( 'NONE',  ( 21.43065786132000028, -23.51734823469000446, -0.4999999999999995559 ) ) ;
#1056 = ORIENTED_EDGE ( 'NONE', *, *, #1857, .F. ) ;
#1057 = VECTOR ( 'NONE', #2321, 1000.000000000000000 ) ;
#1058 = DIRECTION ( 'NONE',  ( 1.000000000000000000, 0.000000000000000000, 0.000000000000000000 ) ) ;
#1059 = CIRCLE ( 'NONE', #2092, 1.000000000000000888 ) ;
#1060 = VECTOR ( 'NONE', #3356, 1000.000000000000000 ) ;
#1061 = VERTEX_POINT ( 'NONE', #662 ) ;
#1062 = PRODUCT_CONTEXT ( 'NONE', #376, 'mechanical' ) ;
#1063 = CARTESIAN_POINT ( 'NONE',  ( 11.23065786132000099, 28.08265176530999341, 1.600000000000000311 ) ) ;
#1064 = ORIENTED_EDGE ( 'NONE', *, *, #1269, .F. ) ;
#1065 = CARTESIAN_POINT ( 'NONE',  ( 12.48065786131999744, -19.61734823469000233, -1.399999999999999911 ) ) ;
#1066 = AXIS2_PLACEMENT_3D ( 'NONE', #3707, #1211, #1846 ) ;
#1067 = VECTOR ( 'NONE', #2426, 1000.000000000000000 ) ;
#1068 = VERTEX_POINT ( 'NONE', #1973 ) ;
#1069 = LINE ( 'NONE', #2262, #2024 ) ;
#1070 = EDGE_CURVE ( 'NONE', #634, #1038, #3258, .T. ) ;
#1071 = EDGE_CURVE ( 'NONE', #3502, #1939, #1069, .T. ) ;
#1072 = ORIENTED_EDGE ( 'NONE', *, *, #2556, .F. ) ;
#1073 = CARTESIAN_POINT ( 'NONE',  ( -12.56934213867999617, -24.31734823469000872, -3.499999999999999556 ) ) ;
#1074 = EDGE_CURVE ( 'NONE', #1532, #470, #3172, .T. ) ;
#1075 = CARTESIAN_POINT ( 'NONE',  ( 29.43065786132000028, -23.31734823469000517, -4.500000000000000000 ) ) ;
#1076 = VECTOR ( 'NONE', #3761, 1000.000000000000000 ) ;
#1077 = LINE ( 'NONE', #3618, #952 ) ;
#1078 = ORIENTED_EDGE ( 'NONE', *, *, #1830, .T. ) ;
#1079 = EDGE_CURVE ( 'NONE', #3996, #1871, #1711, .T. ) ;
#1080 = VECTOR ( 'NONE', #2950, 1000.000000000000000 ) ;
#1081 = CARTESIAN_POINT ( 'NONE',  ( 11.23065786132000099, -24.71734823469000020, 2.799999999999999822 ) ) ;
#1082 = ORIENTED_EDGE ( 'NONE', *, *, #2236, .T. ) ;
#1083 = CYLINDRICAL_SURFACE ( 'NONE', #3330, 1.887302514606246984 ) ;
#1084 = EDGE_CURVE ( 'NONE', #842, #985, #2246, .T. ) ;
#1085 = ORIENTED_EDGE ( 'NONE', *, *, #3485, .F. ) ;
#1086 = CARTESIAN_POINT ( 'NONE',  ( 0.000000000000000000, 0.000000000000000000, 0.07000000000000018707 ) ) ;
#1087 = DIRECTION ( 'NONE',  ( 0.000000000000000000, 1.000000000000000000, 1.182766006347823109E-16 ) ) ;
#1088 = ORIENTED_EDGE ( 'NONE', *, *, #1667, .F. ) ;
#1089 = DIRECTION ( 'NONE',  ( -2.595206220084261201E-16, 1.000000000000000000, 0.000000000000000000 ) ) ;
#1090 = ORIENTED_EDGE ( 'NONE', *, *, #2886, .F. ) ;
#1091 = CARTESIAN_POINT ( 'NONE',  ( -12.56934213868000327, 16.34265182723986243, -0.8299999690355729376 ) ) ;
#1092 = ORIENTED_EDGE ( 'NONE', *, *, #2057, .F. ) ;
#1093 = DIRECTION ( 'NONE',  ( -0.000000000000000000, 0.000000000000000000, 1.000000000000000000 ) ) ;
#1094 = CARTESIAN_POINT ( 'NONE',  ( 12.48065786131999744, -19.61734823469000233, -2.000000000000000000 ) ) ;
#1095 = DIRECTION ( 'NONE',  ( 0.000000000000000000, 0.000000000000000000, 1.000000000000000000 ) ) ;
#1096 = ADVANCED_FACE ( 'NONE', ( #701 ), #2301, .F. ) ;
#1097 = EDGE_CURVE ( 'NONE', #985, #3389, #1688, .T. ) ;
#1098 = EDGE_LOOP ( 'NONE', ( #3375, #1674, #1023, #185 ) ) ;
#1099 = DIRECTION ( 'NONE',  ( -1.000000000000000000, 0.000000000000000000, -0.000000000000000000 ) ) ;
#1100 = EDGE_LOOP ( 'NONE', ( #3497, #1336, #156, #769, #1476, #2960, #1547, #2987, #3047, #613 ) ) ;
#1101 = CARTESIAN_POINT ( 'NONE',  ( -19.56934213867999972, -25.31734823469000517, -2.729999969035572960 ) ) ;
#1102 = ORIENTED_EDGE ( 'NONE', *, *, #1242, .T. ) ;
#1103 = CARTESIAN_POINT ( 'NONE',  ( 30.83065786132001662, 1.253823701454686286E-12, 0.000000000000000000 ) ) ;
#1104 = DIRECTION ( 'NONE',  ( 0.000000000000000000, 1.000000000000000000, 0.000000000000000000 ) ) ;
#1105 = ORIENTED_EDGE ( 'NONE', *, *, #2131, .F. ) ;
#1106 = CARTESIAN_POINT ( 'NONE',  ( 13.68065786131999673, -19.31734823469000162, -1.999999999999999556 ) ) ;
#1107 = ORIENTED_EDGE ( 'NONE', *, *, #2325, .F. ) ;
#1108 = CARTESIAN_POINT ( 'NONE',  ( -3.619342138679993770, -19.61734823469000588, -1.399999999999999911 ) ) ;
#1109 = CARTESIAN_POINT ( 'NONE',  ( 28.44065786132000895, -24.21734823469000375, 3.200000000000000178 ) ) ;
#1110 = ADVANCED_FACE ( 'NONE', ( #115 ), #1932, .T. ) ;
#1111 = ORIENTED_EDGE ( 'NONE', *, *, #2356, .F. ) ;
#1112 = DIRECTION ( 'NONE',  ( 0.000000000000000000, -0.000000000000000000, -1.000000000000000000 ) ) ;
#1113 = EDGE_CURVE ( 'NONE', #1939, #2906, #1992, .T. ) ;
#1114 = CARTESIAN_POINT ( 'NONE',  ( -12.56934213867999794, -19.31734823469001228, -3.499999999999999556 ) ) ;
#1115 = LINE ( 'NONE', #3860, #3207 ) ;
#1116 = ORIENTED_EDGE ( 'NONE', *, *, #1975, .F. ) ;
#1117 = LINE ( 'NONE', #3905, #342 ) ;
#1118 = VERTEX_POINT ( 'NONE', #132 ) ;
#1119 = ADVANCED_FACE ( 'NONE', ( #1391 ), #3504, .F. ) ;
#1120 = CARTESIAN_POINT ( 'NONE',  ( 23.43065786132000028, -24.51734823469000446, -1.499999999999998002 ) ) ;
#1121 = ADVANCED_FACE ( 'NONE', ( #2870 ), #3250, .F. ) ;
#1122 = DIRECTION ( 'NONE',  ( -0.000000000000000000, -0.000000000000000000, 1.000000000000000000 ) ) ;
#1123 = VECTOR ( 'NONE', #2050, 1000.000000000000000 ) ;
#1124 = EDGE_LOOP ( 'NONE', ( #3527, #420, #2183, #3237 ) ) ;
#1125 = FACE_OUTER_BOUND ( 'NONE', #3608, .T. ) ;
#1126 = DIRECTION ( 'NONE',  ( -0.000000000000000000, -2.891205793294678622E-15, 1.000000000000000000 ) ) ;
#1127 = ORIENTED_EDGE ( 'NONE', *, *, #2530, .F. ) ;
#1128 = DIRECTION ( 'NONE',  ( -1.000000000000000000, -7.224192438321206921E-17, -0.000000000000000000 ) ) ;
#1129 = AXIS2_PLACEMENT_3D ( 'NONE', #3970, #1244, #2475 ) ;
#1130 = AXIS2_PLACEMENT_3D ( 'NONE', #143, #1724, #186 ) ;
#1131 = ORIENTED_EDGE ( 'NONE', *, *, #3632, .T. ) ;
#1132 = CYLINDRICAL_SURFACE ( 'NONE', #1913, 2.000000000000001776 ) ;
#1133 = CIRCLE ( 'NONE', #2672, 1.000000000000000888 ) ;
#1134 = DIRECTION ( 'NONE',  ( 1.000000000000000000, -0.000000000000000000, 0.000000000000000000 ) ) ;
#1135 = AXIS2_PLACEMENT_3D ( 'NONE', #1352, #473, #2546 ) ;
#1136 = EDGE_CURVE ( 'NONE', #2253, #2075, #905, .T. ) ;
#1137 = CIRCLE ( 'NONE', #3716, 2.000000000000001776 ) ;
#1138 = VERTEX_POINT ( 'NONE', #3832 ) ;
#1139 = DIRECTION ( 'NONE',  ( 0.000000000000000000, 0.000000000000000000, 1.000000000000000000 ) ) ;
#1140 = DIRECTION ( 'NONE',  ( 0.000000000000000000, 0.000000000000000000, 1.000000000000000000 ) ) ;
#1141 = CARTESIAN_POINT ( 'NONE',  ( -14.56934213867999617, -23.51734823469001157, -2.499999999999999556 ) ) ;
#1142 = VERTEX_POINT ( 'NONE', #2927 ) ;
#1143 = CIRCLE ( 'NONE', #3335, 2.000000000000001776 ) ;
#1144 = DIRECTION ( 'NONE',  ( -1.000000000000000000, 0.000000000000000000, -1.355252715606879310E-16 ) ) ;
#1145 = FACE_OUTER_BOUND ( 'NONE', #3765, .T. ) ;
#1146 = DIRECTION ( 'NONE',  ( -0.000000000000000000, 0.000000000000000000, 1.000000000000000000 ) ) ;
#1147 = EDGE_CURVE ( 'NONE', #3339, #1709, #153, .T. ) ;
#1148 = ORIENTED_EDGE ( 'NONE', *, *, #3937, .F. ) ;
#1149 = CARTESIAN_POINT ( 'NONE',  ( 30.33065786132000596, -4.516299896668843239, 0.9299999999999993827 ) ) ;
#1150 = PLANE ( 'NONE',  #1580 ) ;
#1151 = VERTEX_POINT ( 'NONE', #2893 ) ;
#1152 = PRODUCT_DEFINITION_FORMATION_WITH_SPECIFIED_SOURCE ( 'ä»', '', #2003, .NOT_KNOWN. ) ;
#1153 = CARTESIAN_POINT ( 'NONE',  ( 23.43065786132000028, -23.51734823469000446, -1.499999999999998002 ) ) ;
#1154 = EDGE_CURVE ( 'NONE', #2562, #3339, #2352, .T. ) ;
#1155 = ADVANCED_FACE ( 'NONE', ( #3779 ), #1030, .T. ) ;
#1156 = ORIENTED_EDGE ( 'NONE', *, *, #1208, .F. ) ;
#1157 = DIRECTION ( 'NONE',  ( 0.000000000000000000, 0.000000000000000000, -1.000000000000000000 ) ) ;
#1158 = DIRECTION ( 'NONE',  ( -1.000000000000000000, -5.645626090230307733E-14, -0.000000000000000000 ) ) ;
#1159 = ORIENTED_EDGE ( 'NONE', *, *, #1084, .F. ) ;
#1160 = FACE_OUTER_BOUND ( 'NONE', #732, .T. ) ;
#1161 = CARTESIAN_POINT ( 'NONE',  ( -17.24113890840450836, -27.65845295633035406, -4.500000000000000000 ) ) ;
#1162 = CARTESIAN_POINT ( 'NONE',  ( -21.96934213867906394, 16.78265176531008152, 2.799999999999999822 ) ) ;
#1163 = EDGE_CURVE ( 'NONE', #2402, #386, #3189, .T. ) ;
#1164 = ORIENTED_EDGE ( 'NONE', *, *, #2517, .F. ) ;
#1165 = CARTESIAN_POINT ( 'NONE',  ( 21.43065786132000028, -20.11734823468999878, -0.5000000000000001110 ) ) ;
#1166 = DIRECTION ( 'NONE',  ( 0.000000000000000000, -0.000000000000000000, -1.000000000000000000 ) ) ;
#1167 = LINE ( 'NONE', #507, #290 ) ;
#1168 = DIRECTION ( 'NONE',  ( 1.000000000000000000, 0.000000000000000000, 0.000000000000000000 ) ) ;
#1169 = CARTESIAN_POINT ( 'NONE',  ( -22.56934213868000327, 16.34265188916871736, -2.029999969034570917 ) ) ;
#1170 = VERTEX_POINT ( 'NONE', #1453 ) ;
#1171 = PLANE ( 'NONE',  #677 ) ;
#1172 = ORIENTED_EDGE ( 'NONE', *, *, #3584, .F. ) ;
#1173 = CARTESIAN_POINT ( 'NONE',  ( -19.58203962407375798, 27.58265176530999341, -3.500000000000000000 ) ) ;
#1174 = CARTESIAN_POINT ( 'NONE',  ( -19.57934213868000484, -24.21734823469001441, -3.500000000000000000 ) ) ;
#1175 = EDGE_CURVE ( 'NONE', #2253, #3750, #3629, .T. ) ;
#1176 = ADVANCED_FACE ( 'NONE', ( #2366 ), #3275, .T. ) ;
#1177 = ORIENTED_EDGE ( 'NONE', *, *, #3293, .T. ) ;
#1178 = DIRECTION ( 'NONE',  ( -0.2588190451025258465, 0.000000000000000000, 0.9659258262890669799 ) ) ;
#1179 = DIRECTION ( 'NONE',  ( -0.000000000000000000, -0.000000000000000000, 1.000000000000000000 ) ) ;
#1180 = ORIENTED_EDGE ( 'NONE', *, *, #2280, .T. ) ;
#1181 = FACE_OUTER_BOUND ( 'NONE', #2722, .T. ) ;
#1182 = DIRECTION ( 'NONE',  ( -0.000000000000000000, -0.000000000000000000, 1.000000000000000000 ) ) ;
#1183 = DIRECTION ( 'NONE',  ( -0.000000000000000000, -1.000000000000000000, -0.000000000000000000 ) ) ;
#1184 = DIRECTION ( 'NONE',  ( 0.000000000000000000, 0.000000000000000000, -1.000000000000000000 ) ) ;
#1185 = CARTESIAN_POINT ( 'NONE',  ( -13.36934213867999510, -24.31734823469000162, -3.699999999999999734 ) ) ;
#1186 = ORIENTED_EDGE ( 'NONE', *, *, #3956, .T. ) ;
#1187 = LINE ( 'NONE', #2071, #2290 ) ;
#1188 = ORIENTED_EDGE ( 'NONE', *, *, #2903, .T. ) ;
#1189 = CARTESIAN_POINT ( 'NONE',  ( 23.43065786132000028, -28.34577535943619964, -3.500000000000001332 ) ) ;
#1190 = PLANE ( 'NONE',  #2098 ) ;
#1191 = VECTOR ( 'NONE', #1469, 1000.000000000000000 ) ;
#1192 = VECTOR ( 'NONE', #1801, 1000.000000000000000 ) ;
#1193 = VECTOR ( 'NONE', #743, 1000.000000000000000 ) ;
#1194 = VECTOR ( 'NONE', #1752, 1000.000000000000000 ) ;
#1195 = ORIENTED_EDGE ( 'NONE', *, *, #1981, .F. ) ;
#1196 = EDGE_CURVE ( 'NONE', #3009, #1768, #2009, .T. ) ;
#1197 = EDGE_CURVE ( 'NONE', #3376, #653, #3652, .T. ) ;
#1198 = FACE_OUTER_BOUND ( 'NONE', #3770, .T. ) ;
#1199 = DIRECTION ( 'NONE',  ( 1.284980352575412699E-16, -1.000000000000000000, 0.000000000000000000 ) ) ;
#1200 = AXIS2_PLACEMENT_3D ( 'NONE', #1485, #2723, #3749 ) ;
#1201 = AXIS2_PLACEMENT_3D ( 'NONE', #2273, #1626, #1087 ) ;
#1202 = ORIENTED_EDGE ( 'NONE', *, *, #2626, .T. ) ;
#1203 = EDGE_CURVE ( 'NONE', #1404, #3577, #885, .T. ) ;
#1204 = CARTESIAN_POINT ( 'NONE',  ( 21.43065786132000028, -24.31734823469000872, -1.499999999999998224 ) ) ;
#1205 = DIRECTION ( 'NONE',  ( 0.000000000000000000, -1.000000000000000000, 0.000000000000000000 ) ) ;
#1206 = CARTESIAN_POINT ( 'NONE',  ( 13.43065786132000206, -24.71734823469000020, 2.799999999999999822 ) ) ;
#1207 = LINE ( 'NONE', #1818, #1828 ) ;
#1208 = EDGE_CURVE ( 'NONE', #683, #3902, #2613, .T. ) ;
#1209 = LINE ( 'NONE', #612, #468 ) ;
#1210 = ORIENTED_EDGE ( 'NONE', *, *, #623, .F. ) ;
#1211 = DIRECTION ( 'NONE',  ( -0.000000000000000000, -0.000000000000000000, 1.000000000000000000 ) ) ;
#1212 = VECTOR ( 'NONE', #2700, 1000.000000000000000 ) ;
#1213 = ORIENTED_EDGE ( 'NONE', *, *, #60, .F. ) ;
#1214 = DIRECTION ( 'NONE',  ( -0.000000000000000000, -1.000000000000000000, -0.000000000000000000 ) ) ;
#1215 = ORIENTED_EDGE ( 'NONE', *, *, #1563, .F. ) ;
#1216 = CARTESIAN_POINT ( 'NONE',  ( -16.56934213867999617, -23.51734823469001157, -0.4999999999999995559 ) ) ;
#1217 = CARTESIAN_POINT ( 'NONE',  ( -21.46934213868000896, -22.32734823469001029, -3.500000000000000000 ) ) ;
#1218 = ORIENTED_EDGE ( 'NONE', *, *, #362, .F. ) ;
#1219 = DIRECTION ( 'NONE',  ( -0.000000000000000000, -0.000000000000000000, -1.000000000000000000 ) ) ;
#1220 = DIRECTION ( 'NONE',  ( 0.2588190451025257910, 6.716887957263440183E-17, 0.9659258262890668689 ) ) ;
#1221 = DIRECTION ( 'NONE',  ( -1.000000000000000000, 0.000000000000000000, 0.000000000000000000 ) ) ;
#1222 = EDGE_CURVE ( 'NONE', #2037, #2328, #559, .T. ) ;
#1223 = EDGE_CURVE ( 'NONE', #3400, #402, #3333, .T. ) ;
#1224 = CARTESIAN_POINT ( 'NONE',  ( -21.46934213868000896, 24.48265176531000265, -0.8299999999999960743 ) ) ;
#1225 = CARTESIAN_POINT ( 'NONE',  ( 13.68065786131999673, -19.31734823469000162, -1.999999999999999556 ) ) ;
#1226 = CARTESIAN_POINT ( 'NONE',  ( 12.48065786131999744, -19.61734823469000233, -1.399999999999999911 ) ) ;
#1227 = ORIENTED_EDGE ( 'NONE', *, *, #2025, .T. ) ;
#1228 = CARTESIAN_POINT ( 'NONE',  ( -12.56934213867999794, -19.31734823469000872, -0.5000000000000001110 ) ) ;
#1229 = ORIENTED_EDGE ( 'NONE', *, *, #3857, .F. ) ;
#1230 = DIRECTION ( 'NONE',  ( -1.000000000000000000, -1.297603110042130601E-16, 0.000000000000000000 ) ) ;
#1231 = CYLINDRICAL_SURFACE ( 'NONE', #155, 1.199999999999999734 ) ;
#1232 = CARTESIAN_POINT ( 'NONE',  ( 8.861315722640004111, -23.51734823469000446, 0.000000000000000000 ) ) ;
#1233 = EDGE_LOOP ( 'NONE', ( #1351, #3984 ) ) ;
#1234 = LINE ( 'NONE', #1614, #3709 ) ;
#1235 = CARTESIAN_POINT ( 'NONE',  ( -13.56934213867999439, -19.71734823469000730, -3.085786437626905521 ) ) ;
#1236 = ORIENTED_EDGE ( 'NONE', *, *, #2880, .F. ) ;
#1237 = ORIENTED_EDGE ( 'NONE', *, *, #3835, .T. ) ;
#1238 = CARTESIAN_POINT ( 'NONE',  ( 30.33065786132000596, 25.69534925070499298, -3.500000000000000000 ) ) ;
#1239 = CARTESIAN_POINT ( 'NONE',  ( 22.23065786131999744, -24.31734823469000162, -3.699999999999999734 ) ) ;
#1240 = DIRECTION ( 'NONE',  ( -0.000000000000000000, 0.000000000000000000, 1.000000000000000000 ) ) ;
#1241 = DIRECTION ( 'NONE',  ( -1.000000000000000000, -2.009332211556146711E-16, 0.000000000000000000 ) ) ;
#1242 = EDGE_CURVE ( 'NONE', #2996, #1528, #3872, .T. ) ;
#1243 = ADVANCED_FACE ( 'NONE', ( #2118 ), #3567, .F. ) ;
#1244 = DIRECTION ( 'NONE',  ( 0.000000000000000000, -0.000000000000000000, -1.000000000000000000 ) ) ;
#1245 = ORIENTED_EDGE ( 'NONE', *, *, #2236, .F. ) ;
#1246 = DIRECTION ( 'NONE',  ( -0.000000000000000000, 0.000000000000000000, -1.000000000000000000 ) ) ;
#1247 = EDGE_LOOP ( 'NONE', ( #2215, #2072, #3754, #2564 ) ) ;
#1248 = DIRECTION ( 'NONE',  ( 1.000000000000000000, -5.619674028029464554E-14, -0.000000000000000000 ) ) ;
#1249 = DIRECTION ( 'NONE',  ( 0.000000000000000000, 0.000000000000000000, 1.000000000000000000 ) ) ;
#1250 = ORIENTED_EDGE ( 'NONE', *, *, #904, .T. ) ;
#1251 = VECTOR ( 'NONE', #2327, 1000.000000000000000 ) ;
#1252 = CARTESIAN_POINT ( 'NONE',  ( 10.35065786131999310, 26.68265176530999838, 0.1000000000000002554 ) ) ;
#1253 = EDGE_CURVE ( 'NONE', #206, #3750, #3837, .T. ) ;
#1254 = CIRCLE ( 'NONE', #1698, 0.7999999999999999334 ) ;
#1255 = AXIS2_PLACEMENT_3D ( 'NONE', #204, #770, #2005 ) ;
#1256 = VERTEX_POINT ( 'NONE', #1109 ) ;
#1257 = FACE_BOUND ( 'NONE', #2133, .T. ) ;
#1258 = CIRCLE ( 'NONE', #1705, 2.000000000000001776 ) ;
#1259 = CARTESIAN_POINT ( 'NONE',  ( 23.43065786132000028, -24.51734823469000446, -3.500000000000001332 ) ) ;
#1260 = VECTOR ( 'NONE', #2714, 1000.000000000000000 ) ;
#1261 = LINE ( 'NONE', #894, #486 ) ;
#1262 = AXIS2_PLACEMENT_3D ( 'NONE', #1940, #1643, #107 ) ;
#1263 = AXIS2_PLACEMENT_3D ( 'NONE', #333, #293, #1530 ) ;
#1264 = FACE_OUTER_BOUND ( 'NONE', #1544, .T. ) ;
#1265 = LINE ( 'NONE', #1523, #2349 ) ;
#1266 = DIRECTION ( 'NONE',  ( 0.000000000000000000, -1.000000000000000000, 0.000000000000000000 ) ) ;
#1267 = ORIENTED_EDGE ( 'NONE', *, *, #78, .T. ) ;
#1268 = FACE_BOUND ( 'NONE', #2235, .T. ) ;
#1269 = EDGE_CURVE ( 'NONE', #699, #2772, #533, .T. ) ;
#1270 = ORIENTED_EDGE ( 'NONE', *, *, #3151, .F. ) ;
#1271 = LINE ( 'NONE', #2182, #3777 ) ;
#1272 = ORIENTED_EDGE ( 'NONE', *, *, #1620, .F. ) ;
#1273 = AXIS2_PLACEMENT_3D ( 'NONE', #368, #1019, #2897 ) ;
#1274 = CARTESIAN_POINT ( 'NONE',  ( -22.56934213867999617, -21.31734823469000162, -2.729999969035572960 ) ) ;
#1275 = EDGE_CURVE ( 'NONE', #3522, #1519, #3593, .T. ) ;
#1276 = ADVANCED_FACE ( 'NONE', ( #2645 ), #1190, .T. ) ;
#1277 = AXIS2_PLACEMENT_3D ( 'NONE', #1812, #3053, #3398 ) ;
#1278 = ORIENTED_EDGE ( 'NONE', *, *, #543, .T. ) ;
#1279 = DIRECTION ( 'NONE',  ( 1.000000000000000000, -0.000000000000000000, 0.000000000000000000 ) ) ;
#1280 = VERTEX_POINT ( 'NONE', #824 ) ;
#1281 = ORIENTED_EDGE ( 'NONE', *, *, #419, .F. ) ;
#1282 = CARTESIAN_POINT ( 'NONE',  ( -14.56934213867999617, -20.11734823469000588, -2.499999999999999556 ) ) ;
#1283 = CARTESIAN_POINT ( 'NONE',  ( -13.56934213867999439, -28.34577535943619964, -2.499999999999999556 ) ) ;
#1284 = FACE_OUTER_BOUND ( 'NONE', #2753, .T. ) ;
#1285 = FACE_OUTER_BOUND ( 'NONE', #2590, .T. ) ;
#1286 = CARTESIAN_POINT ( 'NONE',  ( 21.43065786132000028, -19.31734823469000517, -3.499999999999999556 ) ) ;
#1287 = ORIENTED_EDGE ( 'NONE', *, *, #1949, .T. ) ;
#1288 = DIRECTION ( 'NONE',  ( 0.000000000000000000, 0.000000000000000000, -1.000000000000000000 ) ) ;
#1289 = ORIENTED_EDGE ( 'NONE', *, *, #1793, .T. ) ;
#1290 = FACE_OUTER_BOUND ( 'NONE', #35, .T. ) ;
#1291 = ORIENTED_EDGE ( 'NONE', *, *, #741, .T. ) ;
#1292 = DIRECTION ( 'NONE',  ( 2.595206220084261201E-16, -1.000000000000000000, 0.000000000000000000 ) ) ;
#1293 = VERTEX_POINT ( 'NONE', #3015 ) ;
#1294 = DIRECTION ( 'NONE',  ( 0.000000000000000000, 1.000000000000000000, 0.000000000000000000 ) ) ;
#1295 = EDGE_CURVE ( 'NONE', #1042, #683, #3292, .T. ) ;
#1296 = EDGE_CURVE ( 'NONE', #504, #116, #2387, .T. ) ;
#1297 = ORIENTED_EDGE ( 'NONE', *, *, #2217, .F. ) ;
#1298 = ORIENTED_EDGE ( 'NONE', *, *, #1780, .T. ) ;
#1299 = DIRECTION ( 'NONE',  ( 1.000000000000000000, 1.297603110042130601E-16, 0.000000000000000000 ) ) ;
#1300 = LINE ( 'NONE', #2534, #3274 ) ;
#1301 = CARTESIAN_POINT ( 'NONE',  ( -17.56934213867999617, -25.31734823469000517, -2.729999969035572516 ) ) ;
#1302 = CARTESIAN_POINT ( 'NONE',  ( 25.43065786132000383, -24.31734823469000162, -0.4999999999999995559 ) ) ;
#1303 = VERTEX_POINT ( 'NONE', #2711 ) ;
#1304 = DIRECTION ( 'NONE',  ( 1.000000000000000000, 2.595206220084261201E-16, 0.000000000000000000 ) ) ;
#1305 = EDGE_LOOP ( 'NONE', ( #16, #3181, #1518, #39, #2148, #2441, #2261, #556, #715, #165 ) ) ;
#1306 = DIRECTION ( 'NONE',  ( -0.000000000000000000, 0.000000000000000000, -1.000000000000000000 ) ) ;
#1307 = VERTEX_POINT ( 'NONE', #575 ) ;
#1308 = DIRECTION ( 'NONE',  ( -2.595206220084261201E-16, 1.000000000000000000, 0.000000000000000000 ) ) ;
#1309 = ORIENTED_EDGE ( 'NONE', *, *, #1612, .F. ) ;
#1310 = CARTESIAN_POINT ( 'NONE',  ( 12.48065786131999744, -24.01734823469000091, -2.000000000000000000 ) ) ;
#1311 = EDGE_CURVE ( 'NONE', #1904, #2168, #1809, .T. ) ;
#1312 = EDGE_LOOP ( 'NONE', ( #2969, #3861, #2875, #3331 ) ) ;
#1313 = CARTESIAN_POINT ( 'NONE',  ( 11.23065786132000277, 27.58265176530999696, 1.600000000000000755 ) ) ;
#1314 = CARTESIAN_POINT ( 'NONE',  ( -22.56934213868000683, 24.48265176530999909, -2.030000000000003357 ) ) ;
#1315 = LINE ( 'NONE', #2608, #3785 ) ;
#1316 = CIRCLE ( 'NONE', #3187, 1.000000000000001776 ) ;
#1317 = CIRCLE ( 'NONE', #1255, 2.000000000000001776 ) ;
#1318 =( BOUNDED_CURVE ( )  B_SPLINE_CURVE ( 3, ( #1798, #280, #1204, #1520 ),
 .UNSPECIFIED., .F., .F. ) 
 B_SPLINE_CURVE_WITH_KNOTS ( ( 4, 4 ),
 ( 1.570796326794896558, 4.712388980384689674 ),
 .UNSPECIFIED. ) 
 CURVE ( )  GEOMETRIC_REPRESENTATION_ITEM ( )  RATIONAL_B_SPLINE_CURVE ( ( 1.000000000000000000, 0.3333333333333333703, 0.3333333333333333703, 1.000000000000000000 ) ) 
 REPRESENTATION_ITEM ( '' )  );
#1319 = ADVANCED_FACE ( 'NONE', ( #3111 ), #2219, .F. ) ;
#1320 = ORIENTED_EDGE ( 'NONE', *, *, #1948, .F. ) ;
#1321 = AXIS2_PLACEMENT_3D ( 'NONE', #647, #3038, #3726 ) ;
#1322 = VECTOR ( 'NONE', #777, 1000.000000000000000 ) ;
#1323 = LINE ( 'NONE', #429, #724 ) ;
#1324 = ORIENTED_EDGE ( 'NONE', *, *, #2405, .T. ) ;
#1325 = CARTESIAN_POINT ( 'NONE',  ( -13.56934213867999617, -19.71734823469001086, -2.499999999999999556 ) ) ;
#1326 = VECTOR ( 'NONE', #1385, 1000.000000000000000 ) ;
#1327 = AXIS2_PLACEMENT_3D ( 'NONE', #1206, #202, #584 ) ;
#1328 = EDGE_CURVE ( 'NONE', #2345, #1709, #354, .T. ) ;
#1329 = ORIENTED_EDGE ( 'NONE', *, *, #2150, .F. ) ;
#1330 = DIRECTION ( 'NONE',  ( 1.000000000000000000, 0.000000000000000000, -1.807003620809176851E-16 ) ) ;
#1331 = EDGE_LOOP ( 'NONE', ( #830, #1743, #103, #906 ) ) ;
#1332 = CARTESIAN_POINT ( 'NONE',  ( 21.43065786132000028, -19.31734823469000517, -1.499999999999999556 ) ) ;
#1333 = ORIENTED_EDGE ( 'NONE', *, *, #3316, .T. ) ;
#1334 = DIRECTION ( 'NONE',  ( -1.000000000000000000, -1.297603110042130601E-16, 0.000000000000000000 ) ) ;
#1335 = AXIS2_PLACEMENT_3D ( 'NONE', #607, #2775, #5 ) ;
#1336 = ORIENTED_EDGE ( 'NONE', *, *, #1929, .T. ) ;
#1337 = CIRCLE ( 'NONE', #2044, 1.000000000000000888 ) ;
#1338 = CARTESIAN_POINT ( 'NONE',  ( -14.56934213867999617, -23.51734823469001157, -1.499999999999999556 ) ) ;
#1339 = DIRECTION ( 'NONE',  ( 0.000000000000000000, 0.000000000000000000, 1.000000000000000000 ) ) ;
#1340 = ORIENTED_EDGE ( 'NONE', *, *, #976, .T. ) ;
#1341 = DIRECTION ( 'NONE',  ( -0.000000000000000000, 0.000000000000000000, -1.000000000000000000 ) ) ;
#1342 = EDGE_LOOP ( 'NONE', ( #1105, #1678, #1370, #560 ) ) ;
#1343 = EDGE_CURVE ( 'NONE', #2848, #1068, #3091, .T. ) ;
#1344 = CARTESIAN_POINT ( 'NONE',  ( 13.43065786132000206, 28.08265176530999341, 2.799999999999999822 ) ) ;
#1345 = ADVANCED_FACE ( 'NONE', ( #315, #3975 ), #1825, .T. ) ;
#1346 = ORIENTED_EDGE ( 'NONE', *, *, #3757, .T. ) ;
#1347 = CARTESIAN_POINT ( 'NONE',  ( -19.58203962407375798, 27.58265176530999341, 3.200000000000000178 ) ) ;
#1348 = ORIENTED_EDGE ( 'NONE', *, *, #844, .F. ) ;
#1349 =( NAMED_UNIT ( * ) SI_UNIT ( $, .STERADIAN. ) SOLID_ANGLE_UNIT ( ) );
#1350 = EDGE_CURVE ( 'NONE', #3502, #2894, #2767, .T. ) ;
#1351 = ORIENTED_EDGE ( 'NONE', *, *, #1841, .F. ) ;
#1352 = CARTESIAN_POINT ( 'NONE',  ( -21.46934213868000896, 17.54265182723986172, -0.8299999999999997380 ) ) ;
#1353 = ORIENTED_EDGE ( 'NONE', *, *, #2797, .F. ) ;
#1354 = FACE_OUTER_BOUND ( 'NONE', #1015, .T. ) ;
#1355 = DIRECTION ( 'NONE',  ( 1.000000000000000000, 0.000000000000000000, 0.000000000000000000 ) ) ;
#1356 = CARTESIAN_POINT ( 'NONE',  ( 11.23065786132000099, -24.71734823469000020, 1.600000000000000311 ) ) ;
#1357 = VERTEX_POINT ( 'NONE', #1549 ) ;
#1358 = CARTESIAN_POINT ( 'NONE',  ( -22.56934213867999617, -25.31734823469000517, -1.729999969035572960 ) ) ;
#1359 = ORIENTED_EDGE ( 'NONE', *, *, #548, .T. ) ;
#1360 = CARTESIAN_POINT ( 'NONE',  ( 13.68065786131999673, -24.31734823469000162, -1.999999999999999556 ) ) ;
#1361 = ADVANCED_FACE ( 'NONE', ( #2785 ), #1231, .F. ) ;
#1362 = EDGE_CURVE ( 'NONE', #822, #2601, #903, .T. ) ;
#1363 = ORIENTED_EDGE ( 'NONE', *, *, #1491, .T. ) ;
#1364 = DIRECTION ( 'NONE',  ( -0.000000000000000000, 0.000000000000000000, -1.000000000000000000 ) ) ;
#1365 = ORIENTED_EDGE ( 'NONE', *, *, #444, .T. ) ;
#1366 = LINE ( 'NONE', #1065, #3776 ) ;
#1367 = EDGE_CURVE ( 'NONE', #1904, #3581, #946, .T. ) ;
#1368 = ORIENTED_EDGE ( 'NONE', *, *, #3683, .T. ) ;
#1369 = CARTESIAN_POINT ( 'NONE',  ( -21.96934213867906394, 16.78265176531008152, 2.799999999999999822 ) ) ;
#1370 = ORIENTED_EDGE ( 'NONE', *, *, #1413, .T. ) ;
#1371 = ADVANCED_FACE ( 'NONE', ( #1290 ), #1885, .F. ) ;
#1372 = CARTESIAN_POINT ( 'NONE',  ( 11.23065786132000099, -24.71734823469000020, 1.600000000000000311 ) ) ;
#1373 = DIRECTION ( 'NONE',  ( 1.000000000000000000, -0.000000000000000000, -0.000000000000000000 ) ) ;
#1374 = CARTESIAN_POINT ( 'NONE',  ( 21.43065786132000028, -24.31734823469000162, -3.499999999999999556 ) ) ;
#1375 = ORIENTED_EDGE ( 'NONE', *, *, #302, .F. ) ;
#1376 = AXIS2_PLACEMENT_3D ( 'NONE', #1302, #3802, #725 ) ;
#1377 = CARTESIAN_POINT ( 'NONE',  ( -21.96934213868063779, -11.21734823468991493, 2.799999999999997158 ) ) ;
#1378 = VERTEX_POINT ( 'NONE', #3412 ) ;
#1379 = AXIS2_PLACEMENT_3D ( 'NONE', #1086, #2398, #2049 ) ;
#1380 = FACE_OUTER_BOUND ( 'NONE', #2550, .T. ) ;
#1381 = VECTOR ( 'NONE', #1839, 1000.000000000000000 ) ;
#1382 = VECTOR ( 'NONE', #1415, 1000.000000000000000 ) ;
#1383 = ORIENTED_EDGE ( 'NONE', *, *, #3911, .F. ) ;
#1384 = DIRECTION ( 'NONE',  ( -1.000000000000000000, -5.703228892670392522E-14, 0.000000000000000000 ) ) ;
#1385 = DIRECTION ( 'NONE',  ( -2.595206220084261201E-16, 1.000000000000000000, 0.000000000000000000 ) ) ;
#1386 = ORIENTED_EDGE ( 'NONE', *, *, #239, .F. ) ;
#1387 = LINE ( 'NONE', #3186, #154 ) ;
#1388 = VECTOR ( 'NONE', #3526, 1000.000000000000000 ) ;
#1389 = VECTOR ( 'NONE', #1593, 1000.000000000000000 ) ;
#1390 = ORIENTED_EDGE ( 'NONE', *, *, #3805, .T. ) ;
#1391 = FACE_OUTER_BOUND ( 'NONE', #2898, .T. ) ;
#1392 = EDGE_CURVE ( 'NONE', #2460, #970, #2524, .T. ) ;
#1393 = EDGE_CURVE ( 'NONE', #2185, #1910, #3689, .T. ) ;
#1394 = ORIENTED_EDGE ( 'NONE', *, *, #3462, .F. ) ;
#1395 = DIRECTION ( 'NONE',  ( -1.000000000000000000, -0.000000000000000000, -1.807003620809179809E-16 ) ) ;
#1396 = DIRECTION ( 'NONE',  ( 1.000000000000000000, -0.000000000000000000, -0.000000000000000000 ) ) ;
#1397 = VECTOR ( 'NONE', #1697, 1000.000000000000000 ) ;
#1398 = CARTESIAN_POINT ( 'NONE',  ( -21.96934213868076213, -13.41734823468991600, 1.599999999999996758 ) ) ;
#1399 = EDGE_CURVE ( 'NONE', #1987, #355, #3049, .T. ) ;
#1400 = ORIENTED_EDGE ( 'NONE', *, *, #517, .T. ) ;
#1401 = CARTESIAN_POINT ( 'NONE',  ( 23.43065786132000028, -20.11734823468999878, -3.500000000000001332 ) ) ;
#1402 = EDGE_LOOP ( 'NONE', ( #2868, #2824, #3916, #2277, #1215, #966, #1426, #3125, #1700, #1027, #443, #942 ) ) ;
#1403 = CARTESIAN_POINT ( 'NONE',  ( 30.33065786132000596, -15.51629989666884413, 0.9299999999999980504 ) ) ;
#1404 = VERTEX_POINT ( 'NONE', #2807 ) ;
#1405 = LINE ( 'NONE', #3885, #2871 ) ;
#1406 = FACE_OUTER_BOUND ( 'NONE', #778, .T. ) ;
#1407 = EDGE_LOOP ( 'NONE', ( #3565, #1473, #1663, #3290 ) ) ;
#1408 = CARTESIAN_POINT ( 'NONE',  ( -12.56934213867999617, -23.51734823469001157, -1.499999999999999556 ) ) ;
#1409 = ORIENTED_EDGE ( 'NONE', *, *, #1657, .T. ) ;
#1410 = CARTESIAN_POINT ( 'NONE',  ( -22.56934213868000683, 24.48265185820328682, 0.3700000000000002176 ) ) ;
#1411 = CARTESIAN_POINT ( 'NONE',  ( 29.25065786131999346, 28.68265176530999483, -3.499999999999999556 ) ) ;
#1412 = ORIENTED_EDGE ( 'NONE', *, *, #676, .T. ) ;
#1413 = EDGE_CURVE ( 'NONE', #3415, #355, #3132, .T. ) ;
#1414 = EDGE_CURVE ( 'NONE', #3711, #1670, #1506, .T. ) ;
#1415 = DIRECTION ( 'NONE',  ( 8.673617379884035472E-16, 0.000000000000000000, -1.000000000000000000 ) ) ;
#1416 = FACE_OUTER_BOUND ( 'NONE', #2586, .T. ) ;
#1417 = CARTESIAN_POINT ( 'NONE',  ( 21.43065786132000028, -23.51734823469000446, -3.499999999999999556 ) ) ;
#1418 = ORIENTED_EDGE ( 'NONE', *, *, #761, .T. ) ;
#1419 = CARTESIAN_POINT ( 'NONE',  ( -12.56934213867999617, -24.31734823469000872, -3.499999999999999556 ) ) ;
#1420 = ORIENTED_EDGE ( 'NONE', *, *, #133, .T. ) ;
#1421 = DIRECTION ( 'NONE',  ( -5.782411586589358822E-15, 0.000000000000000000, 1.000000000000000000 ) ) ;
#1422 = DIRECTION ( 'NONE',  ( 0.000000000000000000, -1.000000000000000000, 0.000000000000000000 ) ) ;
#1423 = ORIENTED_EDGE ( 'NONE', *, *, #971, .F. ) ;
#1424 = PLANE ( 'NONE',  #1379 ) ;
#1425 = FACE_OUTER_BOUND ( 'NONE', #1906, .T. ) ;
#1426 = ORIENTED_EDGE ( 'NONE', *, *, #2479, .F. ) ;
#1427 = CARTESIAN_POINT ( 'NONE',  ( -21.96934213868002317, 1.213114746286621625E-12, 0.000000000000000000 ) ) ;
#1428 = ORIENTED_EDGE ( 'NONE', *, *, #1311, .F. ) ;
#1429 = DIRECTION ( 'NONE',  ( -1.000000000000000000, 0.000000000000000000, 0.000000000000000000 ) ) ;
#1430 = CARTESIAN_POINT ( 'NONE',  ( -21.96934213867906394, 16.78265176531008507, 1.600000000000000089 ) ) ;
#1431 = VERTEX_POINT ( 'NONE', #3714 ) ;
#1432 = LINE ( 'NONE', #257, #2549 ) ;
#1433 = LINE ( 'NONE', #136, #3503 ) ;
#1434 = LINE ( 'NONE', #1162, #363 ) ;
#1435 = EDGE_CURVE ( 'NONE', #749, #3971, #1271, .T. ) ;
#1436 = ORIENTED_EDGE ( 'NONE', *, *, #101, .T. ) ;
#1437 = LINE ( 'NONE', #1165, #3501 ) ;
#1438 = LINE ( 'NONE', #3906, #2174 ) ;
#1439 = EDGE_CURVE ( 'NONE', #970, #2615, #1137, .T. ) ;
#1440 = LINE ( 'NONE', #2067, #2752 ) ;
#1441 = AXIS2_PLACEMENT_3D ( 'NONE', #3819, #3146, #370 ) ;
#1442 = ORIENTED_EDGE ( 'NONE', *, *, #3769, .T. ) ;
#1443 = CARTESIAN_POINT ( 'NONE',  ( -12.56934213867999794, -20.11734823469000588, -0.4999999999999995559 ) ) ;
#1444 = PLANE ( 'NONE',  #938 ) ;
#1445 = VERTEX_POINT ( 'NONE', #2200 ) ;
#1446 = DIRECTION ( 'NONE',  ( -2.595206220084261201E-16, 1.000000000000000000, -0.000000000000000000 ) ) ;
#1447 = VECTOR ( 'NONE', #2307, 1000.000000000000000 ) ;
#1448 = AXIS2_PLACEMENT_3D ( 'NONE', #742, #2629, #3531 ) ;
#1449 = ADVANCED_FACE ( 'NONE', ( #3850 ), #3823, .T. ) ;
#1450 = VECTOR ( 'NONE', #2532, 1000.000000000000000 ) ;
#1451 = ORIENTED_EDGE ( 'NONE', *, *, #1175, .T. ) ;
#1452 = CARTESIAN_POINT ( 'NONE',  ( -15.56934213867999794, -20.11734823469000588, -2.499999999999999556 ) ) ;
#1453 = CARTESIAN_POINT ( 'NONE',  ( -22.56934213867999617, -23.31734823469000872, 3.200000000000000178 ) ) ;
#1454 = VECTOR ( 'NONE', #3738, 1000.000000000000000 ) ;
#1455 = CIRCLE ( 'NONE', #222, 5.000000000000000888 ) ;
#1456 = ORIENTED_EDGE ( 'NONE', *, *, #462, .T. ) ;
#1457 = CARTESIAN_POINT ( 'NONE',  ( 25.43065786132000383, -23.51734823469000446, -1.992820323027524099 ) ) ;
#1458 = DIRECTION ( 'NONE',  ( 1.000000000000000000, 0.000000000000000000, -9.856383386231856362E-17 ) ) ;
#1459 = CARTESIAN_POINT ( 'NONE',  ( -14.56934213867999617, -28.34577535943619964, -2.499999999999999556 ) ) ;
#1460 = EDGE_LOOP ( 'NONE', ( #2521, #3855, #1236, #3880 ) ) ;
#1461 = VECTOR ( 'NONE', #424, 1000.000000000000000 ) ;
#1462 = DIRECTION ( 'NONE',  ( 0.9284766908852596368, -0.3713906763541028333, 0.000000000000000000 ) ) ;
#1463 = DIRECTION ( 'NONE',  ( -1.000000000000000000, 0.000000000000000000, 9.856383386231856362E-17 ) ) ;
#1464 = VECTOR ( 'NONE', #859, 1000.000000000000000 ) ;
#1465 = DIRECTION ( 'NONE',  ( -2.595206220084261201E-16, 1.000000000000000000, 0.000000000000000000 ) ) ;
#1466 = FACE_OUTER_BOUND ( 'NONE', #2332, .T. ) ;
#1467 = ADVANCED_FACE ( 'NONE', ( #2888 ), #3209, .F. ) ;
#1468 = ADVANCED_FACE ( 'NONE', ( #71 ), #3543, .F. ) ;
#1469 = DIRECTION ( 'NONE',  ( -0.000000000000000000, 1.000000000000000000, -0.000000000000000000 ) ) ;
#1470 = ORIENTED_EDGE ( 'NONE', *, *, #297, .F. ) ;
#1471 = DIRECTION ( 'NONE',  ( 0.000000000000000000, -0.000000000000000000, 1.000000000000000000 ) ) ;
#1472 = VECTOR ( 'NONE', #833, 1000.000000000000000 ) ;
#1473 = ORIENTED_EDGE ( 'NONE', *, *, #1025, .T. ) ;
#1474 = LINE ( 'NONE', #1410, #1464 ) ;
#1475 = DIRECTION ( 'NONE',  ( 5.519574696289839780E-14, 1.000000000000000000, 9.856383386231856362E-17 ) ) ;
#1476 = ORIENTED_EDGE ( 'NONE', *, *, #2600, .T. ) ;
#1477 = CARTESIAN_POINT ( 'NONE',  ( 30.33065786132000596, -18.37689865379000054, 55.32821550088815599 ) ) ;
#1478 = DIRECTION ( 'NONE',  ( 1.000000000000000000, 1.284980352575412699E-16, 0.000000000000000000 ) ) ;
#1479 = EDGE_LOOP ( 'NONE', ( #1623, #974, #645 ) ) ;
#1480 = CARTESIAN_POINT ( 'NONE',  ( 28.44335534671500199, 25.69534925070499298, -3.500000000000000000 ) ) ;
#1481 = FACE_OUTER_BOUND ( 'NONE', #3615, .T. ) ;
#1482 = LINE ( 'NONE', #2439, #1192 ) ;
#1483 = DIRECTION ( 'NONE',  ( -0.000000000000000000, -0.000000000000000000, 1.000000000000000000 ) ) ;
#1484 = VERTEX_POINT ( 'NONE', #1347 ) ;
#1485 = CARTESIAN_POINT ( 'NONE',  ( -22.56934213867999617, -25.31734823469000517, -1.729999969035573404 ) ) ;
#1486 = EDGE_CURVE ( 'NONE', #842, #151, #1908, .T. ) ;
#1487 = ADVANCED_FACE ( 'NONE', ( #3227 ), #2297, .F. ) ;
#1488 = ORIENTED_EDGE ( 'NONE', *, *, #2324, .F. ) ;
#1489 = CARTESIAN_POINT ( 'NONE',  ( -14.56934213867999617, -24.51734823469000446, -2.499999999999999556 ) ) ;
#1490 = CARTESIAN_POINT ( 'NONE',  ( -13.98355570105309020, -19.88303365963924563, -1.499999999999997780 ) ) ;
#1491 = EDGE_CURVE ( 'NONE', #3168, #504, #1646, .T. ) ;
#1492 = EDGE_LOOP ( 'NONE', ( #641, #513, #3171, #188 ) ) ;
#1493 = CYLINDRICAL_SURFACE ( 'NONE', #3135, 1.000000000000000888 ) ;
#1494 = CARTESIAN_POINT ( 'NONE',  ( -22.56934213868000683, 24.48265185820328682, 0.3700000000000001066 ) ) ;
#1495 = ADVANCED_FACE ( 'NONE', ( #1684 ), #2541, .F. ) ;
#1496 = ORIENTED_EDGE ( 'NONE', *, *, #3535, .F. ) ;
#1497 = LINE ( 'NONE', #3943, #3319 ) ;
#1498 = DIRECTION ( 'NONE',  ( 2.167501219462898772E-16, -1.000000000000000000, 0.000000000000000000 ) ) ;
#1499 = FACE_BOUND ( 'NONE', #221, .T. ) ;
#1500 = DIRECTION ( 'NONE',  ( 1.000000000000000000, 0.000000000000000000, 0.000000000000000000 ) ) ;
#1501 = CARTESIAN_POINT ( 'NONE',  ( 10.35065786131999310, 28.68265176530999483, 0.1000000000000002554 ) ) ;
#1502 = EDGE_LOOP ( 'NONE', ( #1324, #681, #449, #2466 ) ) ;
#1503 = CARTESIAN_POINT ( 'NONE',  ( -3.619342138679991994, -24.01734823469000446, -1.399999999999999911 ) ) ;
#1504 = VERTEX_POINT ( 'NONE', #1063 ) ;
#1505 = FACE_OUTER_BOUND ( 'NONE', #1331, .T. ) ;
#1506 = LINE ( 'NONE', #617, #2867 ) ;
#1507 = VECTOR ( 'NONE', #3022, 1000.000000000000000 ) ;
#1508 = AXIS2_PLACEMENT_3D ( 'NONE', #3266, #2379, #2965 ) ;
#1509 = AXIS2_PLACEMENT_3D ( 'NONE', #1314, #1299, #47 ) ;
#1510 = VECTOR ( 'NONE', #1178, 999.9999999999998863 ) ;
#1511 = ORIENTED_EDGE ( 'NONE', *, *, #3243, .T. ) ;
#1512 = LINE ( 'NONE', #539, #3833 ) ;
#1513 = EDGE_CURVE ( 'NONE', #2090, #3080, #476, .T. ) ;
#1514 = ADVANCED_FACE ( 'NONE', ( #711 ), #1943, .T. ) ;
#1515 = CARTESIAN_POINT ( 'NONE',  ( -21.46934213867906394, 16.78265176531005309, 2.799999999999999822 ) ) ;
#1516 = AXIS2_PLACEMENT_3D ( 'NONE', #3155, #335, #377 ) ;
#1517 = VECTOR ( 'NONE', #1988, 1000.000000000000000 ) ;
#1518 = ORIENTED_EDGE ( 'NONE', *, *, #3270, .T. ) ;
#1519 = VERTEX_POINT ( 'NONE', #752 ) ;
#1520 = CARTESIAN_POINT ( 'NONE',  ( 23.43065786132000028, -23.51734823469000446, -1.499999999999998002 ) ) ;
#1521 = DIRECTION ( 'NONE',  ( -5.677276830469549343E-14, -1.000000000000000000, -3.942553354492742545E-16 ) ) ;
#1522 = DIRECTION ( 'NONE',  ( 1.000000000000000000, 0.000000000000000000, 0.000000000000000000 ) ) ;
#1523 = CARTESIAN_POINT ( 'NONE',  ( 12.48065786131999744, -24.01734823469000091, -2.000000000000000000 ) ) ;
#1524 = DIRECTION ( 'NONE',  ( 0.000000000000000000, 0.000000000000000000, -1.000000000000000000 ) ) ;
#1525 = EDGE_LOOP ( 'NONE', ( #858, #563, #1320, #577 ) ) ;
#1526 = LINE ( 'NONE', #3428, #2552 ) ;
#1527 = VECTOR ( 'NONE', #1840, 1000.000000000000000 ) ;
#1528 = VERTEX_POINT ( 'NONE', #3771 ) ;
#1529 = DIRECTION ( 'NONE',  ( 1.000000000000000000, 0.000000000000000000, 0.000000000000000000 ) ) ;
#1530 = DIRECTION ( 'NONE',  ( -0.9284766908852596368, -0.3713906763541031664, 0.000000000000000000 ) ) ;
#1531 = CARTESIAN_POINT ( 'NONE',  ( -12.56934213868000683, 25.68265176531000193, -0.8300000928932848021 ) ) ;
#1532 = VERTEX_POINT ( 'NONE', #410 ) ;
#1533 = CARTESIAN_POINT ( 'NONE',  ( -16.56934213867999617, -23.51734823469001157, -1.992820323027528540 ) ) ;
#1534 = EDGE_CURVE ( 'NONE', #718, #3185, #3808, .T. ) ;
#1535 = ADVANCED_FACE ( 'NONE', ( #1664 ), #1007, .T. ) ;
#1536 = EDGE_CURVE ( 'NONE', #1445, #2048, #2240, .T. ) ;
#1537 = EDGE_LOOP ( 'NONE', ( #3822, #3479, #1420, #417 ) ) ;
#1538 = DIRECTION ( 'NONE',  ( 1.000000000000000000, 0.000000000000000000, 0.000000000000000000 ) ) ;
#1539 = DIRECTION ( 'NONE',  ( 0.000000000000000000, 1.000000000000000000, 0.000000000000000000 ) ) ;
#1540 = CARTESIAN_POINT ( 'NONE',  ( -22.56934213868000683, 25.68265176530999838, -2.029999907105508594 ) ) ;
#1541 = DIRECTION ( 'NONE',  ( -0.000000000000000000, 0.000000000000000000, -1.000000000000000000 ) ) ;
#1542 = DIRECTION ( 'NONE',  ( 0.000000000000000000, 0.000000000000000000, -1.000000000000000000 ) ) ;
#1543 = DIRECTION ( 'NONE',  ( -1.284980352575412699E-16, 1.000000000000000000, -0.000000000000000000 ) ) ;
#1544 = EDGE_LOOP ( 'NONE', ( #1665, #1616, #1807, #1072 ) ) ;
#1545 = DIRECTION ( 'NONE',  ( -2.595206220084261201E-16, 1.000000000000000000, -0.000000000000000000 ) ) ;
#1546 = EDGE_CURVE ( 'NONE', #1378, #2378, #3468, .T. ) ;
#1547 = ORIENTED_EDGE ( 'NONE', *, *, #2056, .T. ) ;
#1548 =( LENGTH_UNIT ( ) NAMED_UNIT ( * ) SI_UNIT ( .MILLI., .METRE. ) );
#1549 = CARTESIAN_POINT ( 'NONE',  ( 31.43065786132000383, -23.31734823469000872, -4.500000000000000000 ) ) ;
#1550 = LINE ( 'NONE', #2184, #2612 ) ;
#1551 = ORIENTED_EDGE ( 'NONE', *, *, #1708, .F. ) ;
#1552 = DIRECTION ( 'NONE',  ( 0.000000000000000000, 0.000000000000000000, 1.000000000000000000 ) ) ;
#1553 = FACE_OUTER_BOUND ( 'NONE', #2583, .T. ) ;
#1554 = ORIENTED_EDGE ( 'NONE', *, *, #741, .F. ) ;
#1555 = ORIENTED_EDGE ( 'NONE', *, *, #3341, .T. ) ;
#1556 = CARTESIAN_POINT ( 'NONE',  ( -22.56934213868000327, 26.68265176530999838, -4.500000000000000000 ) ) ;
#1557 = ADVANCED_FACE ( 'NONE', ( #2596 ), #698, .T. ) ;
#1558 = DIRECTION ( 'NONE',  ( -0.000000000000000000, 1.000000000000000000, -0.000000000000000000 ) ) ;
#1559 = DIRECTION ( 'NONE',  ( -1.000000000000000000, 0.000000000000000000, 0.000000000000000000 ) ) ;
#1560 = FACE_OUTER_BOUND ( 'NONE', #1247, .T. ) ;
#1561 = LINE ( 'NONE', #2456, #147 ) ;
#1562 = ORIENTED_EDGE ( 'NONE', *, *, #844, .T. ) ;
#1563 = EDGE_CURVE ( 'NONE', #2152, #1307, #2563, .T. ) ;
#1564 = CARTESIAN_POINT ( 'NONE',  ( 30.33065786132000596, -18.37689865379000054, 0.07000000000000061728 ) ) ;
#1565 = EDGE_CURVE ( 'NONE', #3723, #1910, #187, .T. ) ;
#1566 = ORIENTED_EDGE ( 'NONE', *, *, #1682, .F. ) ;
#1567 = CARTESIAN_POINT ( 'NONE',  ( -14.56934213867999617, -20.11734823469000943, -1.499999999999999556 ) ) ;
#1568 = CARTESIAN_POINT ( 'NONE',  ( -22.56934213868000327, 28.68265176530999483, -4.500000000000000000 ) ) ;
#1569 = EDGE_LOOP ( 'NONE', ( #2926, #82, #3873, #3676, #2257, #3798, #1375, #3372 ) ) ;
#1570 = ORIENTED_EDGE ( 'NONE', *, *, #517, .F. ) ;
#1571 = VECTOR ( 'NONE', #1543, 1000.000000000000000 ) ;
#1572 = CARTESIAN_POINT ( 'NONE',  ( -20.56934213868000327, 28.68265176530999483, 3.200000000000000178 ) ) ;
#1573 = AXIS2_PLACEMENT_3D ( 'NONE', #1073, #3746, #3490 ) ;
#1574 = VECTOR ( 'NONE', #2191, 1000.000000000000000 ) ;
#1575 = CIRCLE ( 'NONE', #2679, 1.000000000000001554 ) ;
#1576 = ORIENTED_EDGE ( 'NONE', *, *, #594, .F. ) ;
#1577 = VERTEX_POINT ( 'NONE', #3245 ) ;
#1578 = VECTOR ( 'NONE', #393, 1000.000000000000000 ) ;
#1579 = DIRECTION ( 'NONE',  ( -2.595206220084261201E-16, 1.000000000000000000, 0.000000000000000000 ) ) ;
#1580 = AXIS2_PLACEMENT_3D ( 'NONE', #2704, #2660, #465 ) ;
#1581 = FACE_OUTER_BOUND ( 'NONE', #3838, .T. ) ;
#1582 = AXIS2_PLACEMENT_3D ( 'NONE', #11, #2477, #943 ) ;
#1583 = DIRECTION ( 'NONE',  ( 1.000000000000000000, -5.619674028029464554E-14, -0.000000000000000000 ) ) ;
#1584 = LINE ( 'NONE', #779, #3321 ) ;
#1585 = CARTESIAN_POINT ( 'NONE',  ( -21.96934213868063779, -11.21734823468991493, 2.799999999999997158 ) ) ;
#1586 = ORIENTED_EDGE ( 'NONE', *, *, #2383, .T. ) ;
#1587 = DIRECTION ( 'NONE',  ( 1.000000000000000000, 0.000000000000000000, 0.000000000000000000 ) ) ;
#1588 = EDGE_CURVE ( 'NONE', #140, #399, #2334, .T. ) ;
#1589 = ADVANCED_FACE ( 'NONE', ( #1406 ), #1444, .F. ) ;
#1590 = EDGE_CURVE ( 'NONE', #595, #2791, #223, .T. ) ;
#1591 = ORIENTED_EDGE ( 'NONE', *, *, #1676, .T. ) ;
#1592 = PLANE ( 'NONE',  #2437 ) ;
#1593 = DIRECTION ( 'NONE',  ( 1.000000000000000000, 0.000000000000000000, 0.000000000000000000 ) ) ;
#1594 = VECTOR ( 'NONE', #2734, 1000.000000000000000 ) ;
#1595 =( NAMED_UNIT ( * ) PLANE_ANGLE_UNIT ( ) SI_UNIT ( $, .RADIAN. ) );
#1596 = VECTOR ( 'NONE', #3298, 1000.000000000000000 ) ;
#1597 = EDGE_LOOP ( 'NONE', ( #72, #2783, #2121, #20 ) ) ;
#1598 = DIRECTION ( 'NONE',  ( 0.000000000000000000, 0.000000000000000000, -1.000000000000000000 ) ) ;
#1599 = ORIENTED_EDGE ( 'NONE', *, *, #1222, .F. ) ;
#1600 = CARTESIAN_POINT ( 'NONE',  ( 31.43065786131999673, 26.68265176530999838, -4.500000000000000000 ) ) ;
#1601 = CARTESIAN_POINT ( 'NONE',  ( -4.819342138679989951, -19.31734823469000517, -1.399999999999999689 ) ) ;
#1602 = CARTESIAN_POINT ( 'NONE',  ( -13.36934213867999865, -19.31734823469000162, -4.500000000000000000 ) ) ;
#1603 = LINE ( 'NONE', #3763, #2547 ) ;
#1604 = CARTESIAN_POINT ( 'NONE',  ( 11.23065786132000099, -24.21734823469000020, 1.600000000000000311 ) ) ;
#1605 = VERTEX_POINT ( 'NONE', #3028 ) ;
#1606 = DIRECTION ( 'NONE',  ( -0.000000000000000000, -0.000000000000000000, -1.000000000000000000 ) ) ;
#1607 = ORIENTED_EDGE ( 'NONE', *, *, #3856, .T. ) ;
#1608 = DIRECTION ( 'NONE',  ( 5.645626090230307733E-14, -1.000000000000000000, -2.891205793294678622E-15 ) ) ;
#1609 = ORIENTED_EDGE ( 'NONE', *, *, #1853, .F. ) ;
#1610 = LINE ( 'NONE', #3414, #345 ) ;
#1611 = EDGE_CURVE ( 'NONE', #2138, #1627, #2946, .T. ) ;
#1612 = EDGE_CURVE ( 'NONE', #982, #2368, #3624, .T. ) ;
#1613 = VERTEX_POINT ( 'NONE', #2640 ) ;
#1614 = CARTESIAN_POINT ( 'NONE',  ( 30.83065786131905739, 16.78265176531008862, 2.799999999999999822 ) ) ;
#1615 = EDGE_CURVE ( 'NONE', #2956, #1670, #2966, .T. ) ;
#1616 = ORIENTED_EDGE ( 'NONE', *, *, #3420, .T. ) ;
#1617 = DIRECTION ( 'NONE',  ( 1.000000000000000000, 2.595206220084261201E-16, -1.807003620809179809E-16 ) ) ;
#1618 = CARTESIAN_POINT ( 'NONE',  ( 31.43065786131999673, 26.68265176530999838, -4.500000000000000000 ) ) ;
#1619 = LINE ( 'NONE', #1374, #620 ) ;
#1620 = EDGE_CURVE ( 'NONE', #2037, #2484, #3886, .T. ) ;
#1621 = ORIENTED_EDGE ( 'NONE', *, *, #1611, .T. ) ;
#1622 = DIRECTION ( 'NONE',  ( 0.000000000000000000, 0.000000000000000000, 1.000000000000000000 ) ) ;
#1623 = ORIENTED_EDGE ( 'NONE', *, *, #2627, .F. ) ;
#1624 = CYLINDRICAL_SURFACE ( 'NONE', #873, 0.8000000000000003775 ) ;
#1625 = ORIENTED_EDGE ( 'NONE', *, *, #3420, .F. ) ;
#1626 = DIRECTION ( 'NONE',  ( -1.519831079851038621E-32, 1.182766006347823109E-16, -1.000000000000000000 ) ) ;
#1627 = VERTEX_POINT ( 'NONE', #3327 ) ;
#1628 = FACE_OUTER_BOUND ( 'NONE', #3051, .T. ) ;
#1629 = EDGE_LOOP ( 'NONE', ( #3803, #784, #956, #1946 ) ) ;
#1630 = DIRECTION ( 'NONE',  ( 0.000000000000000000, 0.000000000000000000, -1.000000000000000000 ) ) ;
#1631 = VECTOR ( 'NONE', #1099, 1000.000000000000000 ) ;
#1632 = ORIENTED_EDGE ( 'NONE', *, *, #740, .F. ) ;
#1633 = ADVANCED_FACE ( 'NONE', ( #1425 ), #1150, .F. ) ;
#1634 = EDGE_CURVE ( 'NONE', #3469, #2684, #3587, .T. ) ;
#1635 = CARTESIAN_POINT ( 'NONE',  ( 22.23065786131999744, 0.000000000000000000, -4.500000000000000000 ) ) ;
#1636 = CARTESIAN_POINT ( 'NONE',  ( -12.56934213868000683, 24.48265185820328682, 0.3700000000000001066 ) ) ;
#1637 = TOROIDAL_SURFACE ( 'NONE', #3569, 4.000000000000000000, 1.000000000000000888 ) ;
#1638 = VECTOR ( 'NONE', #2087, 1000.000000000000000 ) ;
#1639 = VERTEX_POINT ( 'NONE', #3287 ) ;
#1640 = AXIS2_PLACEMENT_3D ( 'NONE', #3488, #716, #1947 ) ;
#1641 = DIRECTION ( 'NONE',  ( 0.000000000000000000, 0.000000000000000000, -1.000000000000000000 ) ) ;
#1642 = VERTEX_POINT ( 'NONE', #552 ) ;
#1643 = DIRECTION ( 'NONE',  ( -2.215586469036330689E-29, -3.942553354492742545E-16, 1.000000000000000000 ) ) ;
#1644 = VECTOR ( 'NONE', #1364, 1000.000000000000000 ) ;
#1645 = ORIENTED_EDGE ( 'NONE', *, *, #1079, .T. ) ;
#1646 = LINE ( 'NONE', #433, #1517 ) ;
#1647 = ORIENTED_EDGE ( 'NONE', *, *, #2088, .F. ) ;
#1648 = DIRECTION ( 'NONE',  ( 0.000000000000000000, 1.000000000000000000, 0.000000000000000000 ) ) ;
#1649 = ORIENTED_EDGE ( 'NONE', *, *, #955, .F. ) ;
#1650 = VECTOR ( 'NONE', #1558, 1000.000000000000000 ) ;
#1651 = CARTESIAN_POINT ( 'NONE',  ( 13.43065786132000206, 28.08265176530999341, 1.600000000000000089 ) ) ;
#1652 = AXIS2_PLACEMENT_3D ( 'NONE', #1459, #2697, #3923 ) ;
#1653 = ORIENTED_EDGE ( 'NONE', *, *, #3638, .T. ) ;
#1654 = PLANE ( 'NONE',  #1448 ) ;
#1655 = FACE_OUTER_BOUND ( 'NONE', #499, .T. ) ;
#1656 = PLANE ( 'NONE',  #2104 ) ;
#1657 = EDGE_CURVE ( 'NONE', #2048, #3625, #861, .T. ) ;
#1658 = ADVANCED_FACE ( 'NONE', ( #1745 ), #2028, .T. ) ;
#1659 = ORIENTED_EDGE ( 'NONE', *, *, #2691, .T. ) ;
#1660 = LINE ( 'NONE', #2915, #667 ) ;
#1661 = ORIENTED_EDGE ( 'NONE', *, *, #1399, .T. ) ;
#1662 = DIRECTION ( 'NONE',  ( -1.000000000000000000, 0.000000000000000000, 0.000000000000000000 ) ) ;
#1663 = ORIENTED_EDGE ( 'NONE', *, *, #1565, .T. ) ;
#1664 = FACE_OUTER_BOUND ( 'NONE', #2661, .T. ) ;
#1665 = ORIENTED_EDGE ( 'NONE', *, *, #302, .T. ) ;
#1666 = DIRECTION ( 'NONE',  ( 0.000000000000000000, 0.000000000000000000, 1.000000000000000000 ) ) ;
#1667 = EDGE_CURVE ( 'NONE', #2198, #2769, #2683, .T. ) ;
#1668 = ORIENTED_EDGE ( 'NONE', *, *, #3348, .F. ) ;
#1669 = DIRECTION ( 'NONE',  ( 1.000000000000000000, -1.838309929174093102E-15, 0.000000000000000000 ) ) ;
#1670 = VERTEX_POINT ( 'NONE', #3607 ) ;
#1671 = CARTESIAN_POINT ( 'NONE',  ( -13.36934213867999510, -23.51734823469001157, -4.500000000000000000 ) ) ;
#1672 = LINE ( 'NONE', #2061, #1447 ) ;
#1673 = LINE ( 'NONE', #2267, #1076 ) ;
#1674 = ORIENTED_EDGE ( 'NONE', *, *, #2627, .T. ) ;
#1675 = EDGE_CURVE ( 'NONE', #3185, #3571, #3305, .T. ) ;
#1676 = EDGE_CURVE ( 'NONE', #1813, #2938, #2006, .T. ) ;
#1677 = LINE ( 'NONE', #2575, #2085 ) ;
#1678 = ORIENTED_EDGE ( 'NONE', *, *, #3506, .T. ) ;
#1679 = CARTESIAN_POINT ( 'NONE',  ( -3.619342138679991994, -24.01734823469000446, -2.000000000000000000 ) ) ;
#1680 = VERTEX_POINT ( 'NONE', #1169 ) ;
#1681 = APPLICATION_PROTOCOL_DEFINITION ( 'draft international standard', 'automotive_design', 1998, #2394 ) ;
#1682 = EDGE_CURVE ( 'NONE', #3971, #2207, #1702, .T. ) ;
#1683 = EDGE_CURVE ( 'NONE', #3194, #2828, #1209, .T. ) ;
#1684 = FACE_OUTER_BOUND ( 'NONE', #3152, .T. ) ;
#1685 = ORIENTED_EDGE ( 'NONE', *, *, #3910, .F. ) ;
#1686 = FACE_OUTER_BOUND ( 'NONE', #2863, .T. ) ;
#1687 = EDGE_LOOP ( 'NONE', ( #522, #2830, #3748, #2792 ) ) ;
#1688 = LINE ( 'NONE', #3812, #1699 ) ;
#1689 = ORIENTED_EDGE ( 'NONE', *, *, #1829, .F. ) ;
#1690 = DIRECTION ( 'NONE',  ( 0.000000000000000000, 1.000000000000000000, -0.000000000000000000 ) ) ;
#1691 = DIRECTION ( 'NONE',  ( -0.000000000000000000, -0.000000000000000000, -1.000000000000000000 ) ) ;
#1692 = DIRECTION ( 'NONE',  ( 0.000000000000000000, -0.000000000000000000, -1.000000000000000000 ) ) ;
#1693 = ORIENTED_EDGE ( 'NONE', *, *, #2657, .F. ) ;
#1694 = VECTOR ( 'NONE', #1983, 1000.000000000000000 ) ;
#1695 = CARTESIAN_POINT ( 'NONE',  ( -3.619342138679993770, -19.61734823469000588, -2.000000000000000000 ) ) ;
#1696 = ORIENTED_EDGE ( 'NONE', *, *, #378, .T. ) ;
#1697 = DIRECTION ( 'NONE',  ( -0.000000000000000000, 1.000000000000000000, -0.000000000000000000 ) ) ;
#1698 = AXIS2_PLACEMENT_3D ( 'NONE', #2717, #2451, #304 ) ;
#1699 = VECTOR ( 'NONE', #2625, 1000.000000000000000 ) ;
#1700 = ORIENTED_EDGE ( 'NONE', *, *, #1197, .F. ) ;
#1701 = CARTESIAN_POINT ( 'NONE',  ( 13.43065786132000206, -24.21734823469000020, 2.799999999999999822 ) ) ;
#1702 = LINE ( 'NONE', #2399, #1054 ) ;
#1703 = ORIENTED_EDGE ( 'NONE', *, *, #1163, .T. ) ;
#1704 = CARTESIAN_POINT ( 'NONE',  ( 21.43065786132000028, -20.11734823469000233, -1.499999999999999556 ) ) ;
#1705 = AXIS2_PLACEMENT_3D ( 'NONE', #983, #2522, #30 ) ;
#1706 = VECTOR ( 'NONE', #192, 1000.000000000000000 ) ;
#1707 = ADVANCED_FACE ( 'NONE', ( #1844 ), #2500, .F. ) ;
#1708 = EDGE_CURVE ( 'NONE', #1307, #3547, #2802, .T. ) ;
#1709 = VERTEX_POINT ( 'NONE', #3087 ) ;
#1710 = FACE_OUTER_BOUND ( 'NONE', #1852, .T. ) ;
#1711 = LINE ( 'NONE', #1310, #1322 ) ;
#1712 = VERTEX_POINT ( 'NONE', #3124 ) ;
#1713 = DIRECTION ( 'NONE',  ( 0.000000000000000000, -1.000000000000000000, 0.000000000000000000 ) ) ;
#1714 = FACE_OUTER_BOUND ( 'NONE', #3347, .T. ) ;
#1715 = VECTOR ( 'NONE', #3024, 1000.000000000000000 ) ;
#1716 = VECTOR ( 'NONE', #1759, 1000.000000000000000 ) ;
#1717 = CYLINDRICAL_SURFACE ( 'NONE', #1652, 1.000000000000000888 ) ;
#1718 = ORIENTED_EDGE ( 'NONE', *, *, #2238, .F. ) ;
#1719 = AXIS2_PLACEMENT_3D ( 'NONE', #1489, #823, #2988 ) ;
#1720 = CARTESIAN_POINT ( 'NONE',  ( 25.43065786132000383, -20.11734823468999878, -0.4999999999999995559 ) ) ;
#1721 = EDGE_LOOP ( 'NONE', ( #1884, #2513, #1053, #3221 ) ) ;
#1722 = FACE_OUTER_BOUND ( 'NONE', #3259, .T. ) ;
#1723 = EDGE_LOOP ( 'NONE', ( #1661, #2326, #3619 ) ) ;
#1724 = DIRECTION ( 'NONE',  ( 0.000000000000000000, -1.000000000000000000, 0.000000000000000000 ) ) ;
#1725 = CARTESIAN_POINT ( 'NONE',  ( -16.56934213868000327, -20.11734823469000588, -0.4999999999999995559 ) ) ;
#1726 = VERTEX_POINT ( 'NONE', #1501 ) ;
#1727 = FACE_OUTER_BOUND ( 'NONE', #2881, .T. ) ;
#1728 =( BOUNDED_CURVE ( )  B_SPLINE_CURVE ( 3, ( #1338, #2571, #3799, #1953 ),
 .UNSPECIFIED., .F., .F. ) 
 B_SPLINE_CURVE_WITH_KNOTS ( ( 4, 4 ),
 ( 1.570796326794896558, 3.141592653589793116 ),
 .UNSPECIFIED. ) 
 CURVE ( )  GEOMETRIC_REPRESENTATION_ITEM ( )  RATIONAL_B_SPLINE_CURVE ( ( 1.000000000000000000, 0.8047378541243649375, 0.8047378541243649375, 1.000000000000000000 ) ) 
 REPRESENTATION_ITEM ( '' )  );
#1729 = VERTEX_POINT ( 'NONE', #2762 ) ;
#1730 = DIRECTION ( 'NONE',  ( 1.000000000000000000, 0.000000000000000000, 0.000000000000000000 ) ) ;
#1731 = CARTESIAN_POINT ( 'NONE',  ( 23.43065786132000028, -28.34577535943619964, -1.499999999999998002 ) ) ;
#1732 = EDGE_CURVE ( 'NONE', #1038, #2581, #2823, .T. ) ;
#1733 = EDGE_LOOP ( 'NONE', ( #451, #1180, #772, #2947, #1237, #1820, #947, #2100 ) ) ;
#1734 = CARTESIAN_POINT ( 'NONE',  ( 30.83065786131918529, 14.58265176531008755, 2.799999999999998934 ) ) ;
#1735 = ADVANCED_FACE ( 'NONE', ( #2195 ), #2440, .T. ) ;
#1736 = FACE_OUTER_BOUND ( 'NONE', #1764, .T. ) ;
#1737 = DIRECTION ( 'NONE',  ( -0.000000000000000000, -0.000000000000000000, 1.000000000000000000 ) ) ;
#1738 = ORIENTED_EDGE ( 'NONE', *, *, #2276, .T. ) ;
#1739 = DIRECTION ( 'NONE',  ( 7.224192438321208153E-17, 1.000000000000000000, -0.000000000000000000 ) ) ;
#1740 = FACE_OUTER_BOUND ( 'NONE', #1537, .T. ) ;
#1741 = EDGE_CURVE ( 'NONE', #3605, #491, #3705, .T. ) ;
#1742 = LINE ( 'NONE', #525, #2713 ) ;
#1743 = ORIENTED_EDGE ( 'NONE', *, *, #2392, .F. ) ;
#1744 = CARTESIAN_POINT ( 'NONE',  ( -22.56934213867999617, -25.31734823469000517, -2.729999969035572516 ) ) ;
#1745 = FACE_OUTER_BOUND ( 'NONE', #2693, .T. ) ;
#1746 = VERTEX_POINT ( 'NONE', #916 ) ;
#1747 = DIRECTION ( 'NONE',  ( 7.224192438321208153E-17, -1.000000000000000000, 0.000000000000000000 ) ) ;
#1748 = ORIENTED_EDGE ( 'NONE', *, *, #2002, .F. ) ;
#1749 = PLANE ( 'NONE',  #3019 ) ;
#1750 = CARTESIAN_POINT ( 'NONE',  ( -12.56934213867999794, -19.31734823469001228, -3.499999999999999556 ) ) ;
#1751 = ORIENTED_EDGE ( 'NONE', *, *, #1590, .T. ) ;
#1752 = DIRECTION ( 'NONE',  ( -1.000000000000000000, -1.297603110042130601E-16, 0.000000000000000000 ) ) ;
#1753 = PLANE ( 'NONE',  #3774 ) ;
#1754 = DIRECTION ( 'NONE',  ( 0.000000000000000000, 2.891206240920326729E-15, 1.000000000000000000 ) ) ;
#1755 = EDGE_CURVE ( 'NONE', #2684, #175, #3730, .T. ) ;
#1756 = EDGE_CURVE ( 'NONE', #1357, #19, #3684, .T. ) ;
#1757 = ORIENTED_EDGE ( 'NONE', *, *, #870, .T. ) ;
#1758 = PLANE ( 'NONE',  #403 ) ;
#1759 = DIRECTION ( 'NONE',  ( -2.595206220084261201E-16, 1.000000000000000000, 0.000000000000000000 ) ) ;
#1760 = DIRECTION ( 'NONE',  ( 1.000000000000000000, 0.000000000000000000, 1.807003620809177097E-16 ) ) ;
#1761 = AXIS2_PLACEMENT_3D ( 'NONE', #3104, #328, #3668 ) ;
#1762 = CARTESIAN_POINT ( 'NONE',  ( -19.57934213868000484, -22.32734823469001029, 0.07000000000000061728 ) ) ;
#1763 = DIRECTION ( 'NONE',  ( 1.000000000000000000, 2.595206220084261201E-16, -1.355252715606879310E-16 ) ) ;
#1764 = EDGE_LOOP ( 'NONE', ( #1383, #331, #3068, #2359 ) ) ;
#1765 = CARTESIAN_POINT ( 'NONE',  ( -21.46934213868000896, 25.68265176530999838, -2.029999907105508594 ) ) ;
#1766 = AXIS2_PLACEMENT_3D ( 'NONE', #3617, #3217, #780 ) ;
#1767 = VECTOR ( 'NONE', #2014, 1000.000000000000000 ) ;
#1768 = VERTEX_POINT ( 'NONE', #941 ) ;
#1769 = CARTESIAN_POINT ( 'NONE',  ( 0.000000000000000000, -24.01734823469000091, 0.000000000000000000 ) ) ;
#1770 = AXIS2_PLACEMENT_3D ( 'NONE', #233, #3307, #1471 ) ;
#1771 = CARTESIAN_POINT ( 'NONE',  ( 30.83065786131905739, 16.78265176531008862, 2.799999999999999822 ) ) ;
#1772 = VECTOR ( 'NONE', #157, 1000.000000000000000 ) ;
#1773 = AXIS2_PLACEMENT_3D ( 'NONE', #727, #431, #1003 ) ;
#1774 = ORIENTED_EDGE ( 'NONE', *, *, #101, .F. ) ;
#1775 = DIRECTION ( 'NONE',  ( 0.000000000000000000, 1.000000000000000000, 0.000000000000000000 ) ) ;
#1776 = DIRECTION ( 'NONE',  ( 1.000000000000000000, -5.619674028029464554E-14, -0.000000000000000000 ) ) ;
#1777 = EDGE_LOOP ( 'NONE', ( #3442, #1586, #3733, #3471, #231, #2180 ) ) ;
#1778 = AXIS2_PLACEMENT_3D ( 'NONE', #1480, #1182, #460 ) ;
#1779 = LINE ( 'NONE', #831, #1507 ) ;
#1780 = EDGE_CURVE ( 'NONE', #2769, #987, #1561, .T. ) ;
#1781 = LINE ( 'NONE', #3023, #1212 ) ;
#1782 = EDGE_CURVE ( 'NONE', #1280, #1993, #3384, .T. ) ;
#1783 = VECTOR ( 'NONE', #1791, 1000.000000000000000 ) ;
#1784 = CARTESIAN_POINT ( 'NONE',  ( 10.35065786131999310, 26.68265176530999838, 0.1000000000000002554 ) ) ;
#1785 = CARTESIAN_POINT ( 'NONE',  ( 13.68065786131999673, -19.61734823469000233, -1.999999999999999556 ) ) ;
#1786 = DIRECTION ( 'NONE',  ( 1.000000000000000000, -0.000000000000000000, -0.000000000000000000 ) ) ;
#1787 = ORIENTED_EDGE ( 'NONE', *, *, #308, .F. ) ;
#1788 = EDGE_CURVE ( 'NONE', #1068, #1984, #2780, .T. ) ;
#1789 = DIRECTION ( 'NONE',  ( -0.000000000000000000, -0.000000000000000000, 1.000000000000000000 ) ) ;
#1790 = ORIENTED_EDGE ( 'NONE', *, *, #1805, .F. ) ;
#1791 = DIRECTION ( 'NONE',  ( -2.595206220084261201E-16, 1.000000000000000000, -0.000000000000000000 ) ) ;
#1792 = DIRECTION ( 'NONE',  ( 0.000000000000000000, -1.000000000000000000, 0.000000000000000000 ) ) ;
#1793 = EDGE_CURVE ( 'NONE', #98, #470, #2112, .T. ) ;
#1794 = ORIENTED_EDGE ( 'NONE', *, *, #2677, .F. ) ;
#1795 = DIRECTION ( 'NONE',  ( 1.000000000000000000, -0.000000000000000000, -0.000000000000000000 ) ) ;
#1796 = CARTESIAN_POINT ( 'NONE',  ( -22.56934213868000327, 28.68265176530999483, -4.500000000000000000 ) ) ;
#1797 = ORIENTED_EDGE ( 'NONE', *, *, #2131, .T. ) ;
#1798 = CARTESIAN_POINT ( 'NONE',  ( 23.43065786132000028, -23.51734823469000446, -3.499999999999999556 ) ) ;
#1799 = DIRECTION ( 'NONE',  ( 0.000000000000000000, -1.000000000000000000, 0.000000000000000000 ) ) ;
#1800 = DIRECTION ( 'NONE',  ( -1.000000000000000000, -1.297603110042130601E-16, 0.000000000000000000 ) ) ;
#1801 = DIRECTION ( 'NONE',  ( 1.000000000000000000, 0.000000000000000000, 0.000000000000000000 ) ) ;
#1802 = CARTESIAN_POINT ( 'NONE',  ( 11.23065786132000099, -24.71734823469000020, 2.799999999999999822 ) ) ;
#1803 = VERTEX_POINT ( 'NONE', #1802 ) ;
#1804 = CARTESIAN_POINT ( 'NONE',  ( 26.10245463104451602, -20.11734823468999878, -4.500000000000000000 ) ) ;
#1805 = EDGE_CURVE ( 'NONE', #822, #3168, #633, .T. ) ;
#1806 = EDGE_CURVE ( 'NONE', #2378, #19, #2151, .T. ) ;
#1807 = ORIENTED_EDGE ( 'NONE', *, *, #1048, .F. ) ;
#1808 = PLANE ( 'NONE',  #169 ) ;
#1809 = LINE ( 'NONE', #2746, #2231 ) ;
#1810 = ORIENTED_EDGE ( 'NONE', *, *, #3126, .T. ) ;
#1811 = LINE ( 'NONE', #2122, #3509 ) ;
#1812 = CARTESIAN_POINT ( 'NONE',  ( 8.861315722640002335, -19.61734823469000233, 0.000000000000000000 ) ) ;
#1813 = VERTEX_POINT ( 'NONE', #1864 ) ;
#1814 = ORIENTED_EDGE ( 'NONE', *, *, #2465, .F. ) ;
#1815 = LINE ( 'NONE', #2793, #1831 ) ;
#1816 = CARTESIAN_POINT ( 'NONE',  ( -14.56934213867999617, -20.11734823469000943, -3.499999999999999556 ) ) ;
#1817 = CARTESIAN_POINT ( 'NONE',  ( 10.35065786131999310, 28.68265176530999483, -3.499999999999999556 ) ) ;
#1818 = CARTESIAN_POINT ( 'NONE',  ( 30.33065786132000596, -18.37689865379000054, -3.500000000000000000 ) ) ;
#1819 = CARTESIAN_POINT ( 'NONE',  ( -12.56934213867999794, -20.11734823469000588, -0.5000000000000001110 ) ) ;
#1820 = ORIENTED_EDGE ( 'NONE', *, *, #1328, .T. ) ;
#1821 = FACE_BOUND ( 'NONE', #3801, .T. ) ;
#1822 = AXIS2_PLACEMENT_3D ( 'NONE', #2169, #2495, #2190 ) ;
#1823 = ORIENTED_EDGE ( 'NONE', *, *, #3438, .T. ) ;
#1824 = DIRECTION ( 'NONE',  ( -1.284980352575412699E-16, 1.000000000000000000, -0.000000000000000000 ) ) ;
#1825 = PLANE ( 'NONE',  #609 ) ;
#1826 = FACE_OUTER_BOUND ( 'NONE', #1687, .T. ) ;
#1827 = VECTOR ( 'NONE', #2234, 1000.000000000000000 ) ;
#1828 = VECTOR ( 'NONE', #1241, 1000.000000000000000 ) ;
#1829 = EDGE_CURVE ( 'NONE', #2828, #1941, #3060, .T. ) ;
#1830 = EDGE_CURVE ( 'NONE', #399, #487, #2132, .T. ) ;
#1831 = VECTOR ( 'NONE', #911, 1000.000000000000000 ) ;
#1832 = CIRCLE ( 'NONE', #32, 1.887302514605004866 ) ;
#1833 = ORIENTED_EDGE ( 'NONE', *, *, #1439, .F. ) ;
#1834 = DIRECTION ( 'NONE',  ( -2.595206220084261201E-16, 1.000000000000000000, 0.000000000000000000 ) ) ;
#1835 = FACE_OUTER_BOUND ( 'NONE', #2843, .T. ) ;
#1836 = VECTOR ( 'NONE', #3329, 1000.000000000000000 ) ;
#1837 = ORIENTED_EDGE ( 'NONE', *, *, #2276, .F. ) ;
#1838 = VERTEX_POINT ( 'NONE', #28 ) ;
#1839 = DIRECTION ( 'NONE',  ( 0.000000000000000000, 0.000000000000000000, 1.000000000000000000 ) ) ;
#1840 = DIRECTION ( 'NONE',  ( -2.891205793294679411E-15, -7.503275258302002874E-31, -1.000000000000000000 ) ) ;
#1841 = EDGE_CURVE ( 'NONE', #3194, #2196, #1316, .T. ) ;
#1842 = LINE ( 'NONE', #3144, #3445 ) ;
#1843 = CARTESIAN_POINT ( 'NONE',  ( -3.612096219160604077E-17, -24.71734823469000020, 0.000000000000000000 ) ) ;
#1844 = FACE_OUTER_BOUND ( 'NONE', #142, .T. ) ;
#1845 = ORIENTED_EDGE ( 'NONE', *, *, #1615, .F. ) ;
#1846 = DIRECTION ( 'NONE',  ( 1.000000000000000000, 0.000000000000000000, 0.000000000000000000 ) ) ;
#1847 = VECTOR ( 'NONE', #1521, 1000.000000000000000 ) ;
#1848 = ORIENTED_EDGE ( 'NONE', *, *, #1197, .T. ) ;
#1849 = VECTOR ( 'NONE', #3078, 1000.000000000000000 ) ;
#1850 = DIRECTION ( 'NONE',  ( -5.677276830469549343E-14, -1.000000000000000000, -3.942553354492742545E-16 ) ) ;
#1851 = DIRECTION ( 'NONE',  ( 0.000000000000000000, 1.000000000000000000, 0.000000000000000000 ) ) ;
#1852 = EDGE_LOOP ( 'NONE', ( #160, #2573, #1210, #3355 ) ) ;
#1853 = EDGE_CURVE ( 'NONE', #3547, #3571, #2559, .T. ) ;
#1854 = LINE ( 'NONE', #3094, #3192 ) ;
#1855 = CARTESIAN_POINT ( 'NONE',  ( 30.33065786132000596, 25.69534925070499298, 0.9300000000000032685 ) ) ;
#1856 = ORIENTED_EDGE ( 'NONE', *, *, #1084, .T. ) ;
#1857 = EDGE_CURVE ( 'NONE', #1303, #1867, #2214, .T. ) ;
#1858 = ADVANCED_FACE ( 'NONE', ( #1903 ), #2537, .F. ) ;
#1859 = ORIENTED_EDGE ( 'NONE', *, *, #821, .F. ) ;
#1860 = CARTESIAN_POINT ( 'NONE',  ( -22.56934213868000327, 28.68265176530999483, -4.500000000000000000 ) ) ;
#1861 = DIRECTION ( 'NONE',  ( 0.000000000000000000, 0.000000000000000000, -1.000000000000000000 ) ) ;
#1862 = LINE ( 'NONE', #2454, #3252 ) ;
#1863 = DIRECTION ( 'NONE',  ( 0.000000000000000000, 0.000000000000000000, -1.000000000000000000 ) ) ;
#1864 = CARTESIAN_POINT ( 'NONE',  ( 30.33065786131918173, 14.58265176531006091, 1.599999999999999867 ) ) ;
#1865 = ORIENTED_EDGE ( 'NONE', *, *, #3438, .F. ) ;
#1866 = CARTESIAN_POINT ( 'NONE',  ( -21.46934213868000896, -22.32734823469001029, -3.500000000000000000 ) ) ;
#1867 = VERTEX_POINT ( 'NONE', #1604 ) ;
#1868 = CARTESIAN_POINT ( 'NONE',  ( 12.48065786131999744, -24.01734823469000091, -2.000000000000000000 ) ) ;
#1869 = CARTESIAN_POINT ( 'NONE',  ( -20.56934213867999617, -23.31734823469000872, -4.500000000000000000 ) ) ;
#1870 = DIRECTION ( 'NONE',  ( 0.000000000000000000, 0.000000000000000000, 1.000000000000000000 ) ) ;
#1871 = VERTEX_POINT ( 'NONE', #387 ) ;
#1872 = CARTESIAN_POINT ( 'NONE',  ( 21.43065786132000028, -23.51734823469000446, -0.4999999999999995559 ) ) ;
#1873 = EDGE_LOOP ( 'NONE', ( #320, #430, #3720, #2449 ) ) ;
#1874 = ORIENTED_EDGE ( 'NONE', *, *, #2932, .T. ) ;
#1875 = LINE ( 'NONE', #2126, #929 ) ;
#1876 = CARTESIAN_POINT ( 'NONE',  ( 10.35065786131999310, 27.58265176530999696, 0.1000000000000002554 ) ) ;
#1877 = EDGE_CURVE ( 'NONE', #399, #700, #3764, .T. ) ;
#1878 = EDGE_CURVE ( 'NONE', #1993, #3495, #1677, .T. ) ;
#1879 = DIRECTION ( 'NONE',  ( 0.000000000000000000, -0.000000000000000000, 1.000000000000000000 ) ) ;
#1880 = DIRECTION ( 'NONE',  ( 0.000000000000000000, 0.000000000000000000, 1.000000000000000000 ) ) ;
#1881 = DIRECTION ( 'NONE',  ( -2.595206220084261201E-16, 1.000000000000000000, 0.000000000000000000 ) ) ;
#1882 = ORIENTED_EDGE ( 'NONE', *, *, #2556, .T. ) ;
#1883 = DIRECTION ( 'NONE',  ( -2.595206220084261201E-16, 1.000000000000000000, -0.000000000000000000 ) ) ;
#1884 = ORIENTED_EDGE ( 'NONE', *, *, #2918, .T. ) ;
#1885 = CYLINDRICAL_SURFACE ( 'NONE', #284, 1.000000000000001554 ) ;
#1886 = PLANE ( 'NONE',  #2809 ) ;
#1887 = ORIENTED_EDGE ( 'NONE', *, *, #3045, .F. ) ;
#1888 = CIRCLE ( 'NONE', #994, 1.000000000000001776 ) ;
#1889 = LINE ( 'NONE', #2467, #542 ) ;
#1890 = VECTOR ( 'NONE', #1879, 1000.000000000000000 ) ;
#1891 = ADVANCED_FACE ( 'NONE', ( #3441, #748, #1938 ), #404, .F. ) ;
#1892 = VECTOR ( 'NONE', #3555, 1000.000000000000000 ) ;
#1893 = VECTOR ( 'NONE', #2974, 1000.000000000000000 ) ;
#1894 = ORIENTED_EDGE ( 'NONE', *, *, #975, .F. ) ;
#1895 = DIRECTION ( 'NONE',  ( 0.000000000000000000, 0.000000000000000000, 1.000000000000000000 ) ) ;
#1896 = VECTOR ( 'NONE', #130, 1000.000000000000000 ) ;
#1897 = CARTESIAN_POINT ( 'NONE',  ( -3.619342138679991994, -24.01734823469000446, -2.000000000000000000 ) ) ;
#1898 = AXIS2_PLACEMENT_3D ( 'NONE', #2726, #1792, #3352 ) ;
#1899 = LINE ( 'NONE', #137, #1972 ) ;
#1900 = FACE_OUTER_BOUND ( 'NONE', #1100, .T. ) ;
#1901 = ADVANCED_FACE ( 'NONE', ( #1001 ), #1637, .F. ) ;
#1902 = EDGE_CURVE ( 'NONE', #2514, #2601, #2899, .T. ) ;
#1903 = FACE_OUTER_BOUND ( 'NONE', #3554, .T. ) ;
#1904 = VERTEX_POINT ( 'NONE', #1055 ) ;
#1905 = DIRECTION ( 'NONE',  ( 0.000000000000000000, 2.891206240920326334E-15, 1.000000000000000000 ) ) ;
#1906 = EDGE_LOOP ( 'NONE', ( #1999, #1554, #553, #3637 ) ) ;
#1907 = EDGE_CURVE ( 'NONE', #3750, #206, #1888, .T. ) ;
#1908 = LINE ( 'NONE', #3153, #1326 ) ;
#1909 = UNCERTAINTY_MEASURE_WITH_UNIT (LENGTH_MEASURE( 1.000000000000000082E-05 ), #2786, 'distance_accuracy_value', 'NONE');
#1910 = VERTEX_POINT ( 'NONE', #672 ) ;
#1911 = VECTOR ( 'NONE', #959, 1000.000000000000000 ) ;
#1912 = CARTESIAN_POINT ( 'NONE',  ( 21.43065786132000028, -24.31734823469000162, -1.499999999999999556 ) ) ;
#1913 = AXIS2_PLACEMENT_3D ( 'NONE', #236, #2035, #1730 ) ;
#1914 = ORIENTED_EDGE ( 'NONE', *, *, #2279, .F. ) ;
#1915 = LINE ( 'NONE', #1252, #2422 ) ;
#1916 = EDGE_CURVE ( 'NONE', #2967, #544, #692, .T. ) ;
#1917 = VERTEX_POINT ( 'NONE', #3222 ) ;
#1918 = CARTESIAN_POINT ( 'NONE',  ( -4.819342138679991727, -24.01734823469000446, -1.999999999999999556 ) ) ;
#1919 = FACE_OUTER_BOUND ( 'NONE', #639, .T. ) ;
#1920 = CARTESIAN_POINT ( 'NONE',  ( -19.58203962407375798, 27.58265176530999341, 0.1000000000000002554 ) ) ;
#1921 = DIRECTION ( 'NONE',  ( 1.807003620809176851E-16, 0.000000000000000000, -1.000000000000000000 ) ) ;
#1922 = CARTESIAN_POINT ( 'NONE',  ( -3.619342138679991994, -24.01734823469000446, -2.000000000000000000 ) ) ;
#1923 = EDGE_LOOP ( 'NONE', ( #3037, #68, #1576, #726 ) ) ;
#1924 = DIRECTION ( 'NONE',  ( 1.000000000000000000, 0.000000000000000000, 1.807003620809177097E-16 ) ) ;
#1925 = VERTEX_POINT ( 'NONE', #2882 ) ;
#1926 = CARTESIAN_POINT ( 'NONE',  ( 29.25065786131999346, 26.68265176530999838, -3.499999999999999556 ) ) ;
#1927 = EDGE_LOOP ( 'NONE', ( #235, #1363, #3115, #3920 ) ) ;
#1928 = CARTESIAN_POINT ( 'NONE',  ( -21.46934213868063779, -11.21734823468994335, 2.799999999999997158 ) ) ;
#1929 = EDGE_CURVE ( 'NONE', #2977, #3079, #211, .T. ) ;
#1930 = EDGE_CURVE ( 'NONE', #1038, #699, #1323, .T. ) ;
#1931 = ORIENTED_EDGE ( 'NONE', *, *, #1074, .T. ) ;
#1932 = PLANE ( 'NONE',  #1960 ) ;
#1933 = ORIENTED_EDGE ( 'NONE', *, *, #3404, .T. ) ;
#1934 = DIRECTION ( 'NONE',  ( -0.000000000000000000, -0.000000000000000000, 1.000000000000000000 ) ) ;
#1935 = DIRECTION ( 'NONE',  ( 7.224192438321208153E-17, -1.000000000000000000, -0.000000000000000000 ) ) ;
#1936 = DIRECTION ( 'NONE',  ( 5.703228892670392522E-14, -1.000000000000000000, -3.942553354492742545E-16 ) ) ;
#1937 = EDGE_LOOP ( 'NONE', ( #2311, #1250, #2892, #2406 ) ) ;
#1938 = FACE_BOUND ( 'NONE', #1971, .T. ) ;
#1939 = VERTEX_POINT ( 'NONE', #1022 ) ;
#1940 = CARTESIAN_POINT ( 'NONE',  ( -21.96934213868063779, -11.21734823468991493, 2.799999999999997158 ) ) ;
#1941 = VERTEX_POINT ( 'NONE', #2252 ) ;
#1942 = SHAPE_DEFINITION_REPRESENTATION ( #1010, #2363 ) ;
#1943 = PLANE ( 'NONE',  #95 ) ;
#1944 = ORIENTED_EDGE ( 'NONE', *, *, #3654, .F. ) ;
#1945 = CARTESIAN_POINT ( 'NONE',  ( 25.43065786132000383, -20.11734823468999878, -0.4999999999999995559 ) ) ;
#1946 = ORIENTED_EDGE ( 'NONE', *, *, #3682, .F. ) ;
#1947 = DIRECTION ( 'NONE',  ( -0.2588190451025258465, 0.000000000000000000, 0.9659258262890669799 ) ) ;
#1948 = EDGE_CURVE ( 'NONE', #3971, #1151, #1660, .T. ) ;
#1949 = EDGE_CURVE ( 'NONE', #1729, #730, #2591, .T. ) ;
#1950 = VECTOR ( 'NONE', #2739, 1000.000000000000000 ) ;
#1951 = ORIENTED_EDGE ( 'NONE', *, *, #325, .T. ) ;
#1952 = CARTESIAN_POINT ( 'NONE',  ( -14.56934213867999617, -20.11734823469000943, -3.499999999999999556 ) ) ;
#1953 = CARTESIAN_POINT ( 'NONE',  ( -13.56934213867999617, -23.91734823469001014, -2.499999999999999556 ) ) ;
#1954 = LINE ( 'NONE', #2572, #1014 ) ;
#1955 = AXIS2_PLACEMENT_3D ( 'NONE', #1897, #2285, #3176 ) ;
#1956 = CIRCLE ( 'NONE', #3636, 1.199999999999999956 ) ;
#1957 = VECTOR ( 'NONE', #1219, 1000.000000000000000 ) ;
#1958 = ORIENTED_EDGE ( 'NONE', *, *, #3827, .F. ) ;
#1959 = VECTOR ( 'NONE', #1288, 1000.000000000000000 ) ;
#1960 = AXIS2_PLACEMENT_3D ( 'NONE', #2952, #1630, #2012 ) ;
#1961 = DIRECTION ( 'NONE',  ( 0.000000000000000000, -1.000000000000000000, 0.000000000000000000 ) ) ;
#1962 = EDGE_LOOP ( 'NONE', ( #2222, #886, #872 ) ) ;
#1963 = DIRECTION ( 'NONE',  ( 2.891205793294679411E-15, -0.000000000000000000, -1.000000000000000000 ) ) ;
#1964 = EDGE_CURVE ( 'NONE', #3272, #140, #2292, .T. ) ;
#1965 = AXIS2_PLACEMENT_3D ( 'NONE', #141, #750, #1058 ) ;
#1966 = AXIS2_PLACEMENT_3D ( 'NONE', #2074, #496, #2690 ) ;
#1967 = ORIENTED_EDGE ( 'NONE', *, *, #2356, .T. ) ;
#1968 = CARTESIAN_POINT ( 'NONE',  ( 23.43065786132000028, -28.34577535943619964, -2.499999999999999556 ) ) ;
#1969 = ORIENTED_EDGE ( 'NONE', *, *, #3050, .T. ) ;
#1970 = CARTESIAN_POINT ( 'NONE',  ( 31.43065786131999673, 28.68265176530999483, -4.500000000000000000 ) ) ;
#1971 = EDGE_LOOP ( 'NONE', ( #321, #2155, #2251, #3649 ) ) ;
#1972 = VECTOR ( 'NONE', #3161, 1000.000000000000000 ) ;
#1973 = CARTESIAN_POINT ( 'NONE',  ( -12.56934213867999617, -24.31734823469000872, -1.499999999999999556 ) ) ;
#1974 = VECTOR ( 'NONE', #574, 1000.000000000000000 ) ;
#1975 = EDGE_CURVE ( 'NONE', #3168, #2402, #3180, .T. ) ;
#1976 = ORIENTED_EDGE ( 'NONE', *, *, #239, .T. ) ;
#1977 = CARTESIAN_POINT ( 'NONE',  ( -12.56934213867999617, -20.11734823469000943, -1.499999999999999556 ) ) ;
#1978 = DIRECTION ( 'NONE',  ( 0.000000000000000000, 0.000000000000000000, -1.000000000000000000 ) ) ;
#1979 = DIRECTION ( 'NONE',  ( -1.000000000000000000, -1.284980352575412699E-16, 0.000000000000000000 ) ) ;
#1980 = EDGE_CURVE ( 'NONE', #1803, #1303, #483, .T. ) ;
#1981 = EDGE_CURVE ( 'NONE', #2684, #2075, #1117, .T. ) ;
#1982 = ORIENTED_EDGE ( 'NONE', *, *, #197, .F. ) ;
#1983 = DIRECTION ( 'NONE',  ( 0.000000000000000000, 1.000000000000000000, 0.000000000000000000 ) ) ;
#1984 = VERTEX_POINT ( 'NONE', #2978 ) ;
#1985 = CARTESIAN_POINT ( 'NONE',  ( -14.56934213867999617, -23.51734823469001157, -3.499999999999999556 ) ) ;
#1986 = EDGE_CURVE ( 'NONE', #2113, #2845, #3300, .T. ) ;
#1987 = VERTEX_POINT ( 'NONE', #1419 ) ;
#1988 = DIRECTION ( 'NONE',  ( 0.000000000000000000, 0.000000000000000000, -1.000000000000000000 ) ) ;
#1989 = ORIENTED_EDGE ( 'NONE', *, *, #1021, .T. ) ;
#1990 = DIRECTION ( 'NONE',  ( 1.000000000000000000, 1.284980352575412699E-16, -0.000000000000000000 ) ) ;
#1991 = EDGE_LOOP ( 'NONE', ( #1359, #1496, #1272, #2910 ) ) ;
#1992 = LINE ( 'NONE', #97, #3964 ) ;
#1993 = VERTEX_POINT ( 'NONE', #1695 ) ;
#1994 = DIRECTION ( 'NONE',  ( 0.000000000000000000, -1.000000000000000000, 1.874701162799413597E-16 ) ) ;
#1995 = FACE_OUTER_BOUND ( 'NONE', #3913, .T. ) ;
#1996 = CARTESIAN_POINT ( 'NONE',  ( 31.43065786132000383, -15.51629989666884413, 0.9299999999999980504 ) ) ;
#1997 = ORIENTED_EDGE ( 'NONE', *, *, #2599, .F. ) ;
#1998 = CARTESIAN_POINT ( 'NONE',  ( 30.33065786132000596, -18.37689865378999343, -3.500000000000000000 ) ) ;
#1999 = ORIENTED_EDGE ( 'NONE', *, *, #893, .F. ) ;
#2000 = ADVANCED_FACE ( 'NONE', ( #2395 ), #3282, .T. ) ;
#2001 = DIRECTION ( 'NONE',  ( -0.000000000000000000, -0.000000000000000000, 1.000000000000000000 ) ) ;
#2002 = EDGE_CURVE ( 'NONE', #1378, #1029, #2998, .T. ) ;
#2003 = PRODUCT ( '\X2\4e0b76d6677f\X0\', '\X2\4e0b76d6677f\X0\', '', ( #1062 ) ) ;
#2004 = ORIENTED_EDGE ( 'NONE', *, *, #695, .F. ) ;
#2005 = DIRECTION ( 'NONE',  ( 1.000000000000000000, 0.000000000000000000, 0.000000000000000000 ) ) ;
#2006 = LINE ( 'NONE', #2721, #2346 ) ;
#2007 = EDGE_LOOP ( 'NONE', ( #1281, #587, #2469, #988 ) ) ;
#2008 = CARTESIAN_POINT ( 'NONE',  ( 31.43065786131999673, 26.68265176530999838, 3.200000000000000178 ) ) ;
#2009 =( BOUNDED_CURVE ( )  B_SPLINE_CURVE ( 3, ( #515, #3892, #1490, #2055 ),
 .UNSPECIFIED., .F., .F. ) 
 B_SPLINE_CURVE_WITH_KNOTS ( ( 4, 4 ),
 ( 0.000000000000000000, 1.570796326794896558 ),
 .UNSPECIFIED. ) 
 CURVE ( )  GEOMETRIC_REPRESENTATION_ITEM ( )  RATIONAL_B_SPLINE_CURVE ( ( 1.000000000000000000, 0.8047378541243649375, 0.8047378541243649375, 1.000000000000000000 ) ) 
 REPRESENTATION_ITEM ( '' )  );
#2010 = ORIENTED_EDGE ( 'NONE', *, *, #1534, .T. ) ;
#2011 = LINE ( 'NONE', #1173, #2890 ) ;
#2012 = DIRECTION ( 'NONE',  ( -1.000000000000000000, 0.000000000000000000, -0.000000000000000000 ) ) ;
#2013 = ORIENTED_EDGE ( 'NONE', *, *, #3856, .F. ) ;
#2014 = DIRECTION ( 'NONE',  ( -2.595206220084261201E-16, 1.000000000000000000, 0.000000000000000000 ) ) ;
#2015 = LINE ( 'NONE', #2912, #212 ) ;
#2016 = DIRECTION ( 'NONE',  ( -0.000000000000000000, -0.000000000000000000, -1.000000000000000000 ) ) ;
#2017 = EDGE_LOOP ( 'NONE', ( #2320, #364, #1245, #2064, #3595, #310, #3487, #409 ) ) ;
#2018 = VECTOR ( 'NONE', #2380, 1000.000000000000000 ) ;
#2019 = DIRECTION ( 'NONE',  ( -0.000000000000000000, -0.000000000000000000, 1.000000000000000000 ) ) ;
#2020 = ORIENTED_EDGE ( 'NONE', *, *, #42, .T. ) ;
#2021 = VECTOR ( 'NONE', #1542, 1000.000000000000000 ) ;
#2022 = DIRECTION ( 'NONE',  ( -1.000000000000000000, 0.000000000000000000, -5.782411586589358822E-15 ) ) ;
#2023 = AXIS2_PLACEMENT_3D ( 'NONE', #2485, #593, #969 ) ;
#2024 = VECTOR ( 'NONE', #1013, 1000.000000000000000 ) ;
#2025 = EDGE_CURVE ( 'NONE', #1151, #1803, #2375, .T. ) ;
#2026 = EDGE_LOOP ( 'NONE', ( #2419, #755, #54, #256, #3948, #3202, #2116, #120, #3870, #89, #3162 ) ) ;
#2027 = PLANE ( 'NONE',  #1130 ) ;
#2028 = PLANE ( 'NONE',  #2478 ) ;
#2029 = EDGE_LOOP ( 'NONE', ( #3226, #1882, #2523, #2013 ) ) ;
#2030 = LINE ( 'NONE', #3349, #3578 ) ;
#2031 = AXIS2_PLACEMENT_3D ( 'NONE', #654, #3148, #3127 ) ;
#2032 = VECTOR ( 'NONE', #1475, 1000.000000000000000 ) ;
#2033 = ADVANCED_FACE ( 'NONE', ( #765 ), #3602, .F. ) ;
#2034 = VERTEX_POINT ( 'NONE', #505 ) ;
#2035 = DIRECTION ( 'NONE',  ( 0.000000000000000000, -0.000000000000000000, 1.000000000000000000 ) ) ;
#2036 = DIRECTION ( 'NONE',  ( -5.645626090230307733E-14, 1.000000000000000000, 0.000000000000000000 ) ) ;
#2037 = VERTEX_POINT ( 'NONE', #3879 ) ;
#2038 = ADVANCED_FACE ( 'NONE', ( #200 ), #1758, .F. ) ;
#2039 = LINE ( 'NONE', #3278, #1060 ) ;
#2040 = CYLINDRICAL_SURFACE ( 'NONE', #2287, 2.999999999999999112 ) ;
#2041 = VECTOR ( 'NONE', #2718, 1000.000000000000000 ) ;
#2042 = LINE ( 'NONE', #456, #2692 ) ;
#2043 = ORIENTED_EDGE ( 'NONE', *, *, #1367, .F. ) ;
#2044 = AXIS2_PLACEMENT_3D ( 'NONE', #172, #3951, #1157 ) ;
#2045 = DIRECTION ( 'NONE',  ( 1.000000000000000000, 0.000000000000000000, 0.000000000000000000 ) ) ;
#2046 = CARTESIAN_POINT ( 'NONE',  ( -20.56934213868000327, 26.68265176530999838, -4.500000000000000000 ) ) ;
#2047 = DIRECTION ( 'NONE',  ( -7.224192438321208153E-17, 1.000000000000000000, 0.000000000000000000 ) ) ;
#2048 = VERTEX_POINT ( 'NONE', #224 ) ;
#2049 = DIRECTION ( 'NONE',  ( 1.000000000000000000, 0.000000000000000000, 0.000000000000000000 ) ) ;
#2050 = DIRECTION ( 'NONE',  ( 1.000000000000000000, -5.619674028029464554E-14, -0.000000000000000000 ) ) ;
#2051 = ORIENTED_EDGE ( 'NONE', *, *, #2626, .F. ) ;
#2052 = CARTESIAN_POINT ( 'NONE',  ( 12.48065786131999744, -24.01734823469000091, -1.399999999999999911 ) ) ;
#2053 = EDGE_LOOP ( 'NONE', ( #1082, #2335, #2189, #3043 ) ) ;
#2054 = CARTESIAN_POINT ( 'NONE',  ( 12.48065786131999744, -24.01734823469000091, -2.000000000000000000 ) ) ;
#2055 = CARTESIAN_POINT ( 'NONE',  ( -14.56934213867999617, -20.11734823469000588, -1.499999999999998002 ) ) ;
#2056 = EDGE_CURVE ( 'NONE', #2845, #2688, #1437, .T. ) ;
#2057 = EDGE_CURVE ( 'NONE', #1029, #1712, #794, .T. ) ;
#2058 = ORIENTED_EDGE ( 'NONE', *, *, #3910, .T. ) ;
#2059 = FACE_OUTER_BOUND ( 'NONE', #796, .T. ) ;
#2060 = EDGE_CURVE ( 'NONE', #3522, #3385, #1779, .T. ) ;
#2061 = CARTESIAN_POINT ( 'NONE',  ( 23.43065786132000028, -20.11734823469000233, -3.499999999999999556 ) ) ;
#2062 = LINE ( 'NONE', #3020, #948 ) ;
#2063 = EDGE_CURVE ( 'NONE', #116, #822, #3537, .T. ) ;
#2064 = ORIENTED_EDGE ( 'NONE', *, *, #3173, .T. ) ;
#2065 = CARTESIAN_POINT ( 'NONE',  ( -12.56934213867999617, -23.51734823469001157, -0.4999999999999995559 ) ) ;
#2066 = CARTESIAN_POINT ( 'NONE',  ( -17.56934213867999617, -25.31734823469000517, -1.729999969035572960 ) ) ;
#2067 = CARTESIAN_POINT ( 'NONE',  ( 13.68065786131999317, -19.61734823469000233, -1.399999999999999689 ) ) ;
#2068 = DIRECTION ( 'NONE',  ( -1.000000000000000000, 0.000000000000000000, 0.000000000000000000 ) ) ;
#2069 = DIRECTION ( 'NONE',  ( 0.000000000000000000, 0.000000000000000000, 1.000000000000000000 ) ) ;
#2070 = VERTEX_POINT ( 'NONE', #1998 ) ;
#2071 = CARTESIAN_POINT ( 'NONE',  ( -3.619342138679991994, -24.01734823469000446, -1.399999999999999911 ) ) ;
#2072 = ORIENTED_EDGE ( 'NONE', *, *, #3982, .T. ) ;
#2073 = DIRECTION ( 'NONE',  ( 0.000000000000000000, 1.000000000000000000, 0.000000000000000000 ) ) ;
#2074 = CARTESIAN_POINT ( 'NONE',  ( -4.819342138679993504, -19.61734823469000588, -1.999999999999999556 ) ) ;
#2075 = VERTEX_POINT ( 'NONE', #1401 ) ;
#2076 = EDGE_CURVE ( 'NONE', #2141, #1061, #2614, .T. ) ;
#2077 = EDGE_CURVE ( 'NONE', #3389, #140, #161, .T. ) ;
#2078 = CARTESIAN_POINT ( 'NONE',  ( 21.43065786132000028, -20.11734823468999878, -0.5000000000000001110 ) ) ;
#2079 = CARTESIAN_POINT ( 'NONE',  ( 21.43065786132000028, -24.31734823469000162, -0.4999999999999995559 ) ) ;
#2080 = ORIENTED_EDGE ( 'NONE', *, *, #2452, .T. ) ;
#2081 = EDGE_CURVE ( 'NONE', #2241, #2328, #3862, .T. ) ;
#2082 = DIRECTION ( 'NONE',  ( 1.000000000000000000, 0.000000000000000000, 0.000000000000000000 ) ) ;
#2083 = CARTESIAN_POINT ( 'NONE',  ( -13.56934213867999439, -23.91734823469001370, -3.085786437626905521 ) ) ;
#2084 = LINE ( 'NONE', #3303, #1472 ) ;
#2085 = VECTOR ( 'NONE', #3494, 1000.000000000000000 ) ;
#2086 = VECTOR ( 'NONE', #3987, 1000.000000000000000 ) ;
#2087 = DIRECTION ( 'NONE',  ( -0.000000000000000000, 1.000000000000000000, 1.182766006347823109E-16 ) ) ;
#2088 = EDGE_CURVE ( 'NONE', #621, #1293, #783, .T. ) ;
#2089 = DIRECTION ( 'NONE',  ( -1.000000000000000000, -0.000000000000000000, -0.000000000000000000 ) ) ;
#2090 = VERTEX_POINT ( 'NONE', #809 ) ;
#2091 = LINE ( 'NONE', #880, #2488 ) ;
#2092 = AXIS2_PLACEMENT_3D ( 'NONE', #1274, #619, #2849 ) ;
#2093 = AXIS2_PLACEMENT_3D ( 'NONE', #3052, #3018, #3978 ) ;
#2094 = ORIENTED_EDGE ( 'NONE', *, *, #2798, .F. ) ;
#2095 = DIRECTION ( 'NONE',  ( -1.000000000000000000, -2.595206220084261201E-16, 0.000000000000000000 ) ) ;
#2096 = CIRCLE ( 'NONE', #1582, 1.199999999999999734 ) ;
#2097 = DIRECTION ( 'NONE',  ( 0.000000000000000000, 0.000000000000000000, -1.000000000000000000 ) ) ;
#2098 = AXIS2_PLACEMENT_3D ( 'NONE', #3033, #2036, #840 ) ;
#2099 = AXIS2_PLACEMENT_3D ( 'NONE', #767, #1304, #3846 ) ;
#2100 = ORIENTED_EDGE ( 'NONE', *, *, #2953, .T. ) ;
#2101 = DIRECTION ( 'NONE',  ( 1.000000000000000000, 2.595206220084261201E-16, 0.000000000000000000 ) ) ;
#2102 = FACE_BOUND ( 'NONE', #168, .T. ) ;
#2103 = ORIENTED_EDGE ( 'NONE', *, *, #446, .F. ) ;
#2104 = AXIS2_PLACEMENT_3D ( 'NONE', #3817, #1052, #3313 ) ;
#2105 = LINE ( 'NONE', #3377, #3450 ) ;
#2106 = LINE ( 'NONE', #648, #1650 ) ;
#2107 = EDGE_CURVE ( 'NONE', #1712, #663, #2961, .T. ) ;
#2108 = EDGE_CURVE ( 'NONE', #3547, #718, #1497, .T. ) ;
#2109 = AXIS2_PLACEMENT_3D ( 'NONE', #2054, #2386, #2664 ) ;
#2110 = LINE ( 'NONE', #2735, #2208 ) ;
#2111 = LINE ( 'NONE', #3345, #3061 ) ;
#2112 = LINE ( 'NONE', #2176, #3828 ) ;
#2113 = VERTEX_POINT ( 'NONE', #605 ) ;
#2114 = CARTESIAN_POINT ( 'NONE',  ( 28.44065786132000895, -24.21734823469000375, 0.07000000000000018707 ) ) ;
#2115 = ADVANCED_FACE ( 'NONE', ( #3100, #1181 ), #2170, .T. ) ;
#2116 = ORIENTED_EDGE ( 'NONE', *, *, #3937, .T. ) ;
#2117 = DIRECTION ( 'NONE',  ( 0.000000000000000000, 5.160737867146111753E-08, -0.9999999999999986677 ) ) ;
#2118 = FACE_OUTER_BOUND ( 'NONE', #2618, .T. ) ;
#2119 = VERTEX_POINT ( 'NONE', #3678 ) ;
#2120 = EDGE_CURVE ( 'NONE', #3376, #1118, #1815, .T. ) ;
#2121 = ORIENTED_EDGE ( 'NONE', *, *, #2077, .T. ) ;
#2122 = CARTESIAN_POINT ( 'NONE',  ( 25.43065786132000383, -19.31734823469000162, -0.4999999999999995559 ) ) ;
#2123 = PLANE ( 'NONE',  #2503 ) ;
#2124 = ORIENTED_EDGE ( 'NONE', *, *, #3348, .T. ) ;
#2125 = ORIENTED_EDGE ( 'NONE', *, *, #2599, .T. ) ;
#2126 = CARTESIAN_POINT ( 'NONE',  ( -13.36934213867999510, -24.31734823469000162, -4.500000000000000000 ) ) ;
#2127 = DIRECTION ( 'NONE',  ( -2.595206220084261201E-16, 1.000000000000000000, 0.000000000000000000 ) ) ;
#2128 = DIRECTION ( 'NONE',  ( -0.000000000000000000, -1.000000000000000000, -0.000000000000000000 ) ) ;
#2129 = CARTESIAN_POINT ( 'NONE',  ( 8.861315722639998782, 1.149847084076289112E-15, -1.499999999999999556 ) ) ;
#2130 = EDGE_CURVE ( 'NONE', #151, #3389, #934, .T. ) ;
#2131 = EDGE_CURVE ( 'NONE', #3625, #1987, #3360, .T. ) ;
#2132 = LINE ( 'NONE', #1819, #3381 ) ;
#2133 = EDGE_LOOP ( 'NONE', ( #3610, #1202, #1591, #3489 ) ) ;
#2134 = LINE ( 'NONE', #3991, #1959 ) ;
#2135 = ORIENTED_EDGE ( 'NONE', *, *, #3694, .F. ) ;
#2136 = CARTESIAN_POINT ( 'NONE',  ( -21.96934213868063779, -11.21734823468991493, 2.799999999999997158 ) ) ;
#2137 = SURFACE_SIDE_STYLE ('',( #316 ) ) ;
#2138 = VERTEX_POINT ( 'NONE', #1238 ) ;
#2139 = DIRECTION ( 'NONE',  ( -1.013590858020049571E-32, 7.811254844997559940E-17, -1.000000000000000000 ) ) ;
#2140 = DIRECTION ( 'NONE',  ( -0.000000000000000000, -1.000000000000000000, -0.000000000000000000 ) ) ;
#2141 = VERTEX_POINT ( 'NONE', #958 ) ;
#2142 = CARTESIAN_POINT ( 'NONE',  ( 13.68065786131999317, -19.61734823469000233, -1.399999999999999689 ) ) ;
#2143 = CARTESIAN_POINT ( 'NONE',  ( 30.83065786131905739, 16.78265176531009217, 1.600000000000000089 ) ) ;
#2144 = LINE ( 'NONE', #3121, #1911 ) ;
#2145 = DIRECTION ( 'NONE',  ( 0.000000000000000000, 0.000000000000000000, 1.000000000000000000 ) ) ;
#2146 = CARTESIAN_POINT ( 'NONE',  ( -14.56934213867999617, -19.11734823469000588, -2.499999999999999556 ) ) ;
#2147 = DIRECTION ( 'NONE',  ( -1.000000000000000000, -0.000000000000000000, -0.000000000000000000 ) ) ;
#2148 = ORIENTED_EDGE ( 'NONE', *, *, #3590, .F. ) ;
#2149 = DIRECTION ( 'NONE',  ( 0.000000000000000000, -1.000000000000000000, 0.000000000000000000 ) ) ;
#2150 = EDGE_CURVE ( 'NONE', #1941, #2828, #1318, .T. ) ;
#2151 = CIRCLE ( 'NONE', #1129, 2.000000000000001776 ) ;
#2152 = VERTEX_POINT ( 'NONE', #2471 ) ;
#2153 =( NAMED_UNIT ( * ) PLANE_ANGLE_UNIT ( ) SI_UNIT ( $, .RADIAN. ) );
#2154 = CARTESIAN_POINT ( 'NONE',  ( -12.56934213867999617, -23.51734823469001157, -3.499999999999999556 ) ) ;
#2155 = ORIENTED_EDGE ( 'NONE', *, *, #65, .F. ) ;
#2156 = FACE_OUTER_BOUND ( 'NONE', #2681, .T. ) ;
#2157 = AXIS2_PLACEMENT_3D ( 'NONE', #455, #1691, #3875 ) ;
#2158 = AXIS2_PLACEMENT_3D ( 'NONE', #49, #2213, #3102 ) ;
#2159 = EDGE_CURVE ( 'NONE', #3741, #2938, #582, .T. ) ;
#2160 = TOROIDAL_SURFACE ( 'NONE', #2157, 4.000000000000000000, 1.000000000000000888 ) ;
#2161 = VECTOR ( 'NONE', #381, 1000.000000000000114 ) ;
#2162 = ORIENTED_EDGE ( 'NONE', *, *, #3769, .F. ) ;
#2163 = FACE_OUTER_BOUND ( 'NONE', #383, .T. ) ;
#2164 = DIRECTION ( 'NONE',  ( 0.000000000000000000, 0.000000000000000000, -1.000000000000000000 ) ) ;
#2165 = COLOUR_RGB ( '',0.7921568627450980005, 0.8196078431372548767, 0.9333333333333333481 ) ;
#2166 = AXIS2_PLACEMENT_3D ( 'NONE', #391, #90, #1330 ) ;
#2167 = EDGE_CURVE ( 'NONE', #2411, #3741, #2105, .T. ) ;
#2168 = VERTEX_POINT ( 'NONE', #564 ) ;
#2169 = CARTESIAN_POINT ( 'NONE',  ( -22.56934213867999617, -21.31734823469000162, -1.729999969035572960 ) ) ;
#2170 = PLANE ( 'NONE',  #728 ) ;
#2171 = VECTOR ( 'NONE', #1122, 1000.000000000000000 ) ;
#2172 = DIRECTION ( 'NONE',  ( -1.000000000000000000, -1.297603110042130601E-16, 0.000000000000000000 ) ) ;
#2173 = LINE ( 'NONE', #3424, #2790 ) ;
#2174 = VECTOR ( 'NONE', #832, 1000.000000000000000 ) ;
#2175 = DIRECTION ( 'NONE',  ( 1.000000000000000000, 2.595206220084261201E-16, -3.614007241618349264E-16 ) ) ;
#2176 = CARTESIAN_POINT ( 'NONE',  ( 11.23065786132000099, 27.58265176530999341, 1.600000000000000311 ) ) ;
#2177 = ORIENTED_EDGE ( 'NONE', *, *, #2304, .F. ) ;
#2178 = CARTESIAN_POINT ( 'NONE',  ( 22.23065786131999744, -19.31734823469000162, -3.699999999999999734 ) ) ;
#2179 = VECTOR ( 'NONE', #2140, 1000.000000000000000 ) ;
#2180 = ORIENTED_EDGE ( 'NONE', *, *, #102, .F. ) ;
#2181 = LINE ( 'NONE', #658, #1974 ) ;
#2182 = CARTESIAN_POINT ( 'NONE',  ( 11.23065786132000099, -24.71734823469000020, 1.600000000000000311 ) ) ;
#2183 = ORIENTED_EDGE ( 'NONE', *, *, #1657, .F. ) ;
#2184 = CARTESIAN_POINT ( 'NONE',  ( 13.68065786131999673, -24.01734823469000091, -1.999999999999999556 ) ) ;
#2185 = VERTEX_POINT ( 'NONE', #2774 ) ;
#2186 = PLANE ( 'NONE',  #1000 ) ;
#2187 = ADVANCED_FACE ( 'NONE', ( #3057 ), #3340, .F. ) ;
#2188 = EDGE_CURVE ( 'NONE', #487, #1639, #2757, .T. ) ;
#2189 = ORIENTED_EDGE ( 'NONE', *, *, #2630, .F. ) ;
#2190 = DIRECTION ( 'NONE',  ( 0.000000000000000000, -1.000000000000000000, 0.000000000000000000 ) ) ;
#2191 = DIRECTION ( 'NONE',  ( -0.000000000000000000, -0.000000000000000000, -1.000000000000000000 ) ) ;
#2192 = DIRECTION ( 'NONE',  ( -5.619674028029464554E-14, -1.000000000000000000, 0.000000000000000000 ) ) ;
#2193 = DIRECTION ( 'NONE',  ( 0.000000000000000000, 0.000000000000000000, -1.000000000000000000 ) ) ;
#2194 = CARTESIAN_POINT ( 'NONE',  ( -21.46934213868000541, 25.69534925070374953, 3.200000000000000178 ) ) ;
#2195 = FACE_OUTER_BOUND ( 'NONE', #1098, .T. ) ;
#2196 = VERTEX_POINT ( 'NONE', #1259 ) ;
#2197 = CYLINDRICAL_SURFACE ( 'NONE', #1066, 1.889999999999995905 ) ;
#2198 = VERTEX_POINT ( 'NONE', #260 ) ;
#2199 = DIRECTION ( 'NONE',  ( 0.000000000000000000, -1.000000000000000000, -9.856383386231840338E-17 ) ) ;
#2200 = CARTESIAN_POINT ( 'NONE',  ( 22.23065786131999744, -24.31734823469000162, -4.500000000000000000 ) ) ;
#2201 = PRODUCT_DEFINITION_CONTEXT ( 'detailed design', #2394, 'design' ) ;
#2202 = DIRECTION ( 'NONE',  ( 1.000000000000000000, 2.167501219462898772E-16, 0.000000000000000000 ) ) ;
#2203 = EDGE_LOOP ( 'NONE', ( #2962, #1599, #3934, #2317 ) ) ;
#2204 = DIRECTION ( 'NONE',  ( 1.000000000000000000, 1.297603110042130601E-16, 0.000000000000000000 ) ) ;
#2205 = EDGE_CURVE ( 'NONE', #723, #2048, #1875, .T. ) ;
#2206 = EDGE_CURVE ( 'NONE', #3890, #3863, #2435, .T. ) ;
#2207 = VERTEX_POINT ( 'NONE', #3985 ) ;
#2208 = VECTOR ( 'NONE', #3968, 1000.000000000000000 ) ;
#2209 = PLANE ( 'NONE',  #848 ) ;
#2210 = DIRECTION ( 'NONE',  ( 1.000000000000000000, -0.000000000000000000, 3.614007241618349264E-16 ) ) ;
#2211 = LINE ( 'NONE', #2555, #3521 ) ;
#2212 = EDGE_CURVE ( 'NONE', #438, #3376, #1254, .T. ) ;
#2213 = DIRECTION ( 'NONE',  ( -1.000000000000000000, -1.297603110042130601E-16, 0.000000000000000000 ) ) ;
#2214 = LINE ( 'NONE', #2842, #23 ) ;
#2215 = ORIENTED_EDGE ( 'NONE', *, *, #150, .T. ) ;
#2216 = PLANE ( 'NONE',  #2031 ) ;
#2217 = EDGE_CURVE ( 'NONE', #2688, #175, #3402, .T. ) ;
#2218 = ORIENTED_EDGE ( 'NONE', *, *, #1328, .F. ) ;
#2219 = PLANE ( 'NONE',  #1263 ) ;
#2220 = ORIENTED_EDGE ( 'NONE', *, *, #1877, .T. ) ;
#2221 = PLANE ( 'NONE',  #2548 ) ;
#2222 = ORIENTED_EDGE ( 'NONE', *, *, #1675, .F. ) ;
#2223 = CARTESIAN_POINT ( 'NONE',  ( -12.56934213867999794, -19.31734823469001228, -3.499999999999999556 ) ) ;
#2224 = AXIS2_PLACEMENT_3D ( 'NONE', #2518, #1240, #2473 ) ;
#2225 = VECTOR ( 'NONE', #1396, 1000.000000000000000 ) ;
#2226 = AXIS2_PLACEMENT_3D ( 'NONE', #1369, #738, #2602 ) ;
#2227 = ORIENTED_EDGE ( 'NONE', *, *, #3790, .T. ) ;
#2228 = CARTESIAN_POINT ( 'NONE',  ( 31.43065786132000383, -23.31734823469000872, -4.500000000000000000 ) ) ;
#2229 = AXIS2_PLACEMENT_3D ( 'NONE', #1970, #1990, #3500 ) ;
#2230 = DIRECTION ( 'NONE',  ( 1.000000000000000000, 2.167501219462899019E-16, -0.000000000000000000 ) ) ;
#2231 = VECTOR ( 'NONE', #1214, 1000.000000000000000 ) ;
#2232 = CARTESIAN_POINT ( 'NONE',  ( 30.83065786131918529, 14.58265176531008755, 2.799999999999998934 ) ) ;
#2233 = CYLINDRICAL_SURFACE ( 'NONE', #535, 1.000000000000000888 ) ;
#2234 = DIRECTION ( 'NONE',  ( -0.000000000000000000, -0.000000000000000000, 1.000000000000000000 ) ) ;
#2235 = EDGE_LOOP ( 'NONE', ( #511, #171, #411, #2298 ) ) ;
#2236 = EDGE_CURVE ( 'NONE', #663, #2615, #629, .T. ) ;
#2237 = DIRECTION ( 'NONE',  ( -0.000000000000000000, -1.000000000000000000, -0.000000000000000000 ) ) ;
#2238 = EDGE_CURVE ( 'NONE', #2828, #2538, #118, .T. ) ;
#2239 = VERTEX_POINT ( 'NONE', #1034 ) ;
#2240 = LINE ( 'NONE', #2905, #3392 ) ;
#2241 = VERTEX_POINT ( 'NONE', #3119 ) ;
#2242 = AXIS2_PLACEMENT_3D ( 'NONE', #936, #2192, #2436 ) ;
#2243 = FACE_OUTER_BOUND ( 'NONE', #336, .T. ) ;
#2244 = PRODUCT_DEFINITION ( 'æœ', '', #1152, #2201 ) ;
#2245 = ORIENTED_EDGE ( 'NONE', *, *, #3857, .T. ) ;
#2246 = LINE ( 'NONE', #3472, #3451 ) ;
#2247 = EDGE_LOOP ( 'NONE', ( #603, #3865, #2385, #1696 ) ) ;
#2248 = CARTESIAN_POINT ( 'NONE',  ( -21.96934213867918828, 14.58265176531008045, 2.799999999999998934 ) ) ;
#2249 = FACE_OUTER_BOUND ( 'NONE', #2007, .T. ) ;
#2250 = PLANE ( 'NONE',  #555 ) ;
#2251 = ORIENTED_EDGE ( 'NONE', *, *, #2994, .F. ) ;
#2252 = CARTESIAN_POINT ( 'NONE',  ( 23.43065786132000028, -23.51734823469000446, -3.499999999999999556 ) ) ;
#2253 = VERTEX_POINT ( 'NONE', #2588 ) ;
#2254 = CARTESIAN_POINT ( 'NONE',  ( 22.23065786131999744, -20.11734823468999878, -4.500000000000000000 ) ) ;
#2255 = ADVANCED_FACE ( 'NONE', ( #1018 ), #2266, .T. ) ;
#2256 = ADVANCED_FACE ( 'NONE', ( #2249 ), #3782, .T. ) ;
#2257 = ORIENTED_EDGE ( 'NONE', *, *, #1154, .F. ) ;
#2258 = CARTESIAN_POINT ( 'NONE',  ( -22.56934213867999617, -25.31734823469000517, -1.729999969035573404 ) ) ;
#2259 = ORIENTED_EDGE ( 'NONE', *, *, #1311, .T. ) ;
#2260 = CARTESIAN_POINT ( 'NONE',  ( -22.56934213867999617, -22.31734823469000517, -7.715549066223197805 ) ) ;
#2261 = ORIENTED_EDGE ( 'NONE', *, *, #1350, .F. ) ;
#2262 = CARTESIAN_POINT ( 'NONE',  ( 30.33065786132000596, -22.32734823469000318, -3.500000000000000000 ) ) ;
#2263 = ORIENTED_EDGE ( 'NONE', *, *, #2777, .F. ) ;
#2264 = ADVANCED_FACE ( 'NONE', ( #1919 ), #2818, .T. ) ;
#2265 = CARTESIAN_POINT ( 'NONE',  ( 29.43065786131999317, 26.68265176530999838, 3.200000000000000622 ) ) ;
#2266 = CYLINDRICAL_SURFACE ( 'NONE', #2872, 0.8000000000000003775 ) ;
#2267 = CARTESIAN_POINT ( 'NONE',  ( -15.56934213867999617, -28.34577535943619964, -2.499999999999999556 ) ) ;
#2268 = ORIENTED_EDGE ( 'NONE', *, *, #3788, .F. ) ;
#2269 = CARTESIAN_POINT ( 'NONE',  ( 21.43065786132000028, -23.51734823469000446, -0.4999999999999995559 ) ) ;
#2270 = ORIENTED_EDGE ( 'NONE', *, *, #56, .T. ) ;
#2271 = CARTESIAN_POINT ( 'NONE',  ( 13.68065786131999673, -24.01734823469000091, -1.999999999999999556 ) ) ;
#2272 = EDGE_LOOP ( 'NONE', ( #2289, #2981, #2218, #3336 ) ) ;
#2273 = CARTESIAN_POINT ( 'NONE',  ( 21.43065786132000028, -4.516299896668844127, 0.9299999999999993827 ) ) ;
#2274 = ORIENTED_EDGE ( 'NONE', *, *, #1948, .T. ) ;
#2275 = CARTESIAN_POINT ( 'NONE',  ( 10.35065786131999310, 28.68265176530999483, -3.499999999999999556 ) ) ;
#2276 = EDGE_CURVE ( 'NONE', #1504, #98, #3160, .T. ) ;
#2277 = ORIENTED_EDGE ( 'NONE', *, *, #2305, .T. ) ;
#2278 = CARTESIAN_POINT ( 'NONE',  ( -12.56934213868000327, 17.54265182723986172, -0.8299999999999997380 ) ) ;
#2279 = EDGE_CURVE ( 'NONE', #2615, #1170, #3142, .T. ) ;
#2280 = EDGE_CURVE ( 'NONE', #1020, #3233, #2936, .T. ) ;
#2281 = VECTOR ( 'NONE', #2653, 1000.000000000000000 ) ;
#2282 = AXIS2_PLACEMENT_3D ( 'NONE', #1744, #834, #2068 ) ;
#2283 = ORIENTED_EDGE ( 'NONE', *, *, #177, .F. ) ;
#2284 = LINE ( 'NONE', #2587, #474 ) ;
#2285 = DIRECTION ( 'NONE',  ( -3.614007241618349264E-16, -9.379094072877502498E-32, -1.000000000000000000 ) ) ;
#2286 = LINE ( 'NONE', #1920, #2371 ) ;
#2287 = AXIS2_PLACEMENT_3D ( 'NONE', #2631, #3279, #3859 ) ;
#2288 = AXIS2_PLACEMENT_3D ( 'NONE', #3701, #1921, #326 ) ;
#2289 = ORIENTED_EDGE ( 'NONE', *, *, #1154, .T. ) ;
#2290 = VECTOR ( 'NONE', #2401, 1000.000000000000000 ) ;
#2291 = CIRCLE ( 'NONE', #2873, 1.199999999999999734 ) ;
#2292 = LINE ( 'NONE', #3747, #1694 ) ;
#2293 = ORIENTED_EDGE ( 'NONE', *, *, #2304, .T. ) ;
#2294 = DIRECTION ( 'NONE',  ( 0.000000000000000000, 0.000000000000000000, 1.000000000000000000 ) ) ;
#2295 = VECTOR ( 'NONE', #1963, 1000.000000000000000 ) ;
#2296 = ORIENTED_EDGE ( 'NONE', *, *, #2325, .T. ) ;
#2297 = PLANE ( 'NONE',  #802 ) ;
#2298 = ORIENTED_EDGE ( 'NONE', *, *, #2531, .F. ) ;
#2299 = DIRECTION ( 'NONE',  ( 1.000000000000000000, 2.595206220084261201E-16, -0.000000000000000000 ) ) ;
#2300 = EDGE_LOOP ( 'NONE', ( #1418, #3268, #3109, #508 ) ) ;
#2301 = CYLINDRICAL_SURFACE ( 'NONE', #93, 1.199999999999999734 ) ;
#2302 =( GEOMETRIC_REPRESENTATION_CONTEXT ( 3 ) GLOBAL_UNCERTAINTY_ASSIGNED_CONTEXT ( ( #2847 ) ) GLOBAL_UNIT_ASSIGNED_CONTEXT ( ( #1548, #2153, #3430 ) ) REPRESENTATION_CONTEXT ( 'NONE', 'WORKASPACE' ) );
#2303 = ORIENTED_EDGE ( 'NONE', *, *, #3096, .F. ) ;
#2304 = EDGE_CURVE ( 'NONE', #2490, #516, #400, .T. ) ;
#2305 = EDGE_CURVE ( 'NONE', #1445, #1307, #2856, .T. ) ;
#2306 = CARTESIAN_POINT ( 'NONE',  ( 12.48065786131999744, -19.31734823469000162, -1.399999999999999911 ) ) ;
#2307 = DIRECTION ( 'NONE',  ( -1.000000000000000000, 0.000000000000000000, 0.000000000000000000 ) ) ;
#2308 = CARTESIAN_POINT ( 'NONE',  ( 28.44065786132000895, -24.21734823469000375, -3.500000000000000000 ) ) ;
#2309 = EDGE_LOOP ( 'NONE', ( #3784, #3499, #373, #2861 ) ) ;
#2310 = CARTESIAN_POINT ( 'NONE',  ( -22.56934213868000327, 28.68265176530999483, 3.200000000000000178 ) ) ;
#2311 = ORIENTED_EDGE ( 'NONE', *, *, #2836, .F. ) ;
#2312 = CARTESIAN_POINT ( 'NONE',  ( -12.56934213867999617, -23.51734823469001157, -4.500000000000000000 ) ) ;
#2313 = EDGE_LOOP ( 'NONE', ( #2712, #253, #2177, #3140 ) ) ;
#2314 = LINE ( 'NONE', #229, #2674 ) ;
#2315 = DIRECTION ( 'NONE',  ( 1.000000000000000000, 5.645626090230307733E-14, 0.000000000000000000 ) ) ;
#2316 = ORIENTED_EDGE ( 'NONE', *, *, #3739, .T. ) ;
#2317 = ORIENTED_EDGE ( 'NONE', *, *, #3788, .T. ) ;
#2318 = PLANE ( 'NONE',  #3979 ) ;
#2319 = CARTESIAN_POINT ( 'NONE',  ( -21.96934213868063779, -11.21734823468991493, 2.799999999999997158 ) ) ;
#2320 = ORIENTED_EDGE ( 'NONE', *, *, #2925, .F. ) ;
#2321 = DIRECTION ( 'NONE',  ( -0.000000000000000000, 1.000000000000000000, -0.000000000000000000 ) ) ;
#2322 = CARTESIAN_POINT ( 'NONE',  ( -21.46934213868000896, -13.41734823468994442, 2.799999999999996714 ) ) ;
#2323 = FACE_OUTER_BOUND ( 'NONE', #3427, .T. ) ;
#2324 = EDGE_CURVE ( 'NONE', #2848, #1917, #1728, .T. ) ;
#2325 = EDGE_CURVE ( 'NONE', #1528, #438, #665, .T. ) ;
#2326 = ORIENTED_EDGE ( 'NONE', *, *, #3003, .T. ) ;
#2327 = DIRECTION ( 'NONE',  ( -1.000000000000000000, -0.000000000000000000, -0.000000000000000000 ) ) ;
#2328 = VERTEX_POINT ( 'NONE', #2877 ) ;
#2329 = ADVANCED_FACE ( 'NONE', ( #1655 ), #3743, .T. ) ;
#2330 = DIRECTION ( 'NONE',  ( -0.000000000000000000, -0.000000000000000000, -1.000000000000000000 ) ) ;
#2331 = EDGE_CURVE ( 'NONE', #3902, #1768, #1133, .T. ) ;
#2332 = EDGE_LOOP ( 'NONE', ( #3099, #52, #3285, #1976, #2, #775 ) ) ;
#2333 = DIRECTION ( 'NONE',  ( 0.000000000000000000, -0.000000000000000000, 1.000000000000000000 ) ) ;
#2334 = LINE ( 'NONE', #1725, #3324 ) ;
#2335 = ORIENTED_EDGE ( 'NONE', *, *, #2279, .T. ) ;
#2336 = DIRECTION ( 'NONE',  ( -1.000000000000000000, 0.000000000000000000, 0.000000000000000000 ) ) ;
#2337 = EDGE_CURVE ( 'NONE', #19, #2605, #367, .T. ) ;
#2338 = VERTEX_POINT ( 'NONE', #340 ) ;
#2339 = DIRECTION ( 'NONE',  ( 1.000000000000000000, 1.284980352575412699E-16, 0.000000000000000000 ) ) ;
#2340 = DIRECTION ( 'NONE',  ( -0.000000000000000000, -0.000000000000000000, -1.000000000000000000 ) ) ;
#2341 = VERTEX_POINT ( 'NONE', #1601 ) ;
#2342 = CARTESIAN_POINT ( 'NONE',  ( 23.43065786132000028, -20.11734823468999878, -2.499999999999999556 ) ) ;
#2343 = LINE ( 'NONE', #196, #2885 ) ;
#2344 = VECTOR ( 'NONE', #816, 1000.000000000000000 ) ;
#2345 = VERTEX_POINT ( 'NONE', #2533 ) ;
#2346 = VECTOR ( 'NONE', #3929, 1000.000000000000000 ) ;
#2347 = DIRECTION ( 'NONE',  ( 0.000000000000000000, 0.000000000000000000, 1.000000000000000000 ) ) ;
#2348 = ORIENTED_EDGE ( 'NONE', *, *, #2569, .F. ) ;
#2349 = VECTOR ( 'NONE', #2796, 1000.000000000000000 ) ;
#2350 = CYLINDRICAL_SURFACE ( 'NONE', #3655, 5.000000000000000888 ) ;
#2351 = VECTOR ( 'NONE', #21, 1000.000000000000000 ) ;
#2352 = CIRCLE ( 'NONE', #1135, 1.200000000000000178 ) ;
#2353 = CARTESIAN_POINT ( 'NONE',  ( -16.56934213868000683, -20.11734823469000588, -0.4999999999999995559 ) ) ;
#2354 = ORIENTED_EDGE ( 'NONE', *, *, #2057, .T. ) ;
#2355 = CYLINDRICAL_SURFACE ( 'NONE', #24, 0.7999999999999999334 ) ;
#2356 = EDGE_CURVE ( 'NONE', #3577, #1256, #3760, .T. ) ;
#2357 = EDGE_CURVE ( 'NONE', #1867, #2207, #3458, .T. ) ;
#2358 = CARTESIAN_POINT ( 'NONE',  ( 21.43065786132000028, -23.51734823469000446, -4.500000000000000000 ) ) ;
#2359 = ORIENTED_EDGE ( 'NONE', *, *, #1829, .T. ) ;
#2360 = DIRECTION ( 'NONE',  ( 0.000000000000000000, 1.000000000000000000, -0.000000000000000000 ) ) ;
#2361 = MECHANICAL_DESIGN_GEOMETRIC_PRESENTATION_REPRESENTATION (  '', ( #734 ), #2939 ) ;
#2362 = VECTOR ( 'NONE', #3447, 1000.000000000000114 ) ;
#2363 = ADVANCED_BREP_SHAPE_REPRESENTATION ( '\X2\4e0b76d6677f\X0\', ( #2594, #688 ), #2302 ) ;
#2364 = ORIENTED_EDGE ( 'NONE', *, *, #3108, .T. ) ;
#2365 = CARTESIAN_POINT ( 'NONE',  ( -21.46934213868000896, 17.54265185820429451, -3.229999999999998206 ) ) ;
#2366 = FACE_OUTER_BOUND ( 'NONE', #138, .T. ) ;
#2367 = CIRCLE ( 'NONE', #3976, 1.000000000000001776 ) ;
#2368 = VERTEX_POINT ( 'NONE', #2390 ) ;
#2369 = DIRECTION ( 'NONE',  ( 1.000000000000000000, 0.000000000000000000, 0.000000000000000000 ) ) ;
#2370 = DIRECTION ( 'NONE',  ( 1.000000000000000000, 0.000000000000000000, 0.000000000000000000 ) ) ;
#2371 = VECTOR ( 'NONE', #705, 1000.000000000000000 ) ;
#2372 = FACE_OUTER_BOUND ( 'NONE', #3328, .T. ) ;
#2373 = ORIENTED_EDGE ( 'NONE', *, *, #1534, .F. ) ;
#2374 = CIRCLE ( 'NONE', #1719, 1.000000000000001776 ) ;
#2375 = LINE ( 'NONE', #3844, #1631 ) ;
#2376 = CYLINDRICAL_SURFACE ( 'NONE', #3145, 0.7999999999999999334 ) ;
#2377 = FACE_OUTER_BOUND ( 'NONE', #1502, .T. ) ;
#2378 = VERTEX_POINT ( 'NONE', #3898 ) ;
#2379 = DIRECTION ( 'NONE',  ( 0.000000000000000000, 0.000000000000000000, 1.000000000000000000 ) ) ;
#2380 = DIRECTION ( 'NONE',  ( 7.224192438321208153E-17, -1.000000000000000000, -0.000000000000000000 ) ) ;
#2381 = ORIENTED_EDGE ( 'NONE', *, *, #3740, .F. ) ;
#2382 = FACE_OUTER_BOUND ( 'NONE', #2904, .T. ) ;
#2383 = EDGE_CURVE ( 'NONE', #3890, #3248, #1433, .T. ) ;
#2384 = EDGE_CURVE ( 'NONE', #2075, #3469, #1672, .T. ) ;
#2385 = ORIENTED_EDGE ( 'NONE', *, *, #3614, .T. ) ;
#2386 = DIRECTION ( 'NONE',  ( -3.614007241618349264E-16, 0.000000000000000000, 1.000000000000000000 ) ) ;
#2387 = LINE ( 'NONE', #238, #2032 ) ;
#2388 = ORIENTED_EDGE ( 'NONE', *, *, #2465, .T. ) ;
#2389 = CARTESIAN_POINT ( 'NONE',  ( -17.24113890840450836, -23.51734823469001157, -4.500000000000000000 ) ) ;
#2390 = CARTESIAN_POINT ( 'NONE',  ( 31.43065786132000383, -4.516299896668843239, 3.200000000000000178 ) ) ;
#2391 = PLANE ( 'NONE',  #3016 ) ;
#2392 = EDGE_CURVE ( 'NONE', #2411, #1813, #3532, .T. ) ;
#2393 = VERTEX_POINT ( 'NONE', #3297 ) ;
#2394 = APPLICATION_CONTEXT ( 'automotive_design' ) ;
#2395 = FACE_OUTER_BOUND ( 'NONE', #3429, .T. ) ;
#2396 = CARTESIAN_POINT ( 'NONE',  ( 23.43065786132000028, -24.51734823469000446, -2.499999999999999556 ) ) ;
#2397 = LINE ( 'NONE', #852, #490 ) ;
#2398 = DIRECTION ( 'NONE',  ( -0.000000000000000000, 0.000000000000000000, 1.000000000000000000 ) ) ;
#2399 = CARTESIAN_POINT ( 'NONE',  ( 13.43065786132000206, -24.71734823469000020, 1.600000000000000089 ) ) ;
#2400 = ORIENTED_EDGE ( 'NONE', *, *, #3740, .T. ) ;
#2401 = DIRECTION ( 'NONE',  ( 2.595206220084261201E-16, -1.000000000000000000, -0.000000000000000000 ) ) ;
#2402 = VERTEX_POINT ( 'NONE', #2322 ) ;
#2403 = CARTESIAN_POINT ( 'NONE',  ( -16.56934213868000327, -20.11734823469000588, -4.500000000000000000 ) ) ;
#2404 = CARTESIAN_POINT ( 'NONE',  ( -4.819342138679993504, -19.31734823469000517, -1.999999999999999556 ) ) ;
#2405 = EDGE_CURVE ( 'NONE', #477, #3884, #2486, .T. ) ;
#2406 = ORIENTED_EDGE ( 'NONE', *, *, #1949, .F. ) ;
#2407 = FACE_OUTER_BOUND ( 'NONE', #2949, .T. ) ;
#2408 = ADVANCED_FACE ( 'NONE', ( #1714 ), #2607, .F. ) ;
#2409 = ADVANCED_FACE ( 'NONE', ( #3552 ), #1753, .F. ) ;
#2410 = DIRECTION ( 'NONE',  ( -5.619674028029464554E-14, -1.000000000000000000, 0.000000000000000000 ) ) ;
#2411 = VERTEX_POINT ( 'NONE', #3573 ) ;
#2412 = DIRECTION ( 'NONE',  ( -0.000000000000000000, -1.000000000000000000, 0.000000000000000000 ) ) ;
#2413 = CARTESIAN_POINT ( 'NONE',  ( 21.43065786132000028, -24.31734823469000162, -3.499999999999999556 ) ) ;
#2414 = LINE ( 'NONE', #3645, #973 ) ;
#2415 = VECTOR ( 'NONE', #3163, 1000.000000000000000 ) ;
#2416 = AXIS2_PLACEMENT_3D ( 'NONE', #1103, #1384, #488 ) ;
#2417 = DIRECTION ( 'NONE',  ( 0.000000000000000000, 0.000000000000000000, -1.000000000000000000 ) ) ;
#2418 = DIRECTION ( 'NONE',  ( 0.000000000000000000, -1.000000000000000000, 0.000000000000000000 ) ) ;
#2419 = ORIENTED_EDGE ( 'NONE', *, *, #3756, .F. ) ;
#2420 = CARTESIAN_POINT ( 'NONE',  ( 0.000000000000000000, 0.000000000000000000, -4.500000000000000000 ) ) ;
#2421 = VECTOR ( 'NONE', #99, 1000.000000000000000 ) ;
#2422 = VECTOR ( 'NONE', #972, 1000.000000000000000 ) ;
#2423 = EDGE_LOOP ( 'NONE', ( #931, #3661, #3516, #706 ) ) ;
#2424 = DIRECTION ( 'NONE',  ( -1.000000000000000000, 5.619674028029464554E-14, 0.000000000000000000 ) ) ;
#2425 = AXIS2_PLACEMENT_3D ( 'NONE', #1427, #2706, #3626 ) ;
#2426 = DIRECTION ( 'NONE',  ( 1.000000000000000000, -5.619674028029464554E-14, -0.000000000000000000 ) ) ;
#2427 = VECTOR ( 'NONE', #1248, 1000.000000000000000 ) ;
#2428 = VERTEX_POINT ( 'NONE', #3598 ) ;
#2429 = PLANE ( 'NONE',  #2093 ) ;
#2430 = CARTESIAN_POINT ( 'NONE',  ( 12.48065786131999744, -19.61734823469000233, -2.000000000000000000 ) ) ;
#2431 = ADVANCED_FACE ( 'NONE', ( #1995 ), #216, .T. ) ;
#2432 = ADVANCED_FACE ( 'NONE', ( #1416 ), #440, .T. ) ;
#2433 = ORIENTED_EDGE ( 'NONE', *, *, #2159, .F. ) ;
#2434 = VECTOR ( 'NONE', #2172, 1000.000000000000000 ) ;
#2435 = LINE ( 'NONE', #3662, #279 ) ;
#2436 = DIRECTION ( 'NONE',  ( 1.000000000000000000, -5.619674028029464554E-14, 0.000000000000000000 ) ) ;
#2437 = AXIS2_PLACEMENT_3D ( 'NONE', #2461, #2784, #616 ) ;
#2438 = DIRECTION ( 'NONE',  ( 1.000000000000000000, 2.595206220084261201E-16, -1.807003620809179809E-16 ) ) ;
#2439 = CARTESIAN_POINT ( 'NONE',  ( -22.56934213867999617, -25.31734823469000517, 3.200000000000000178 ) ) ;
#2440 = PLANE ( 'NONE',  #2929 ) ;
#2441 = ORIENTED_EDGE ( 'NONE', *, *, #904, .F. ) ;
#2442 = CARTESIAN_POINT ( 'NONE',  ( -14.56934213867999617, -23.51734823469001157, -1.499999999999999556 ) ) ;
#2443 = ORIENTED_EDGE ( 'NONE', *, *, #3638, .F. ) ;
#2444 = CARTESIAN_POINT ( 'NONE',  ( 31.43065786131999673, 28.68265176530999483, 3.200000000000000178 ) ) ;
#2445 = DIRECTION ( 'NONE',  ( 0.000000000000000000, -1.000000000000000000, 0.000000000000000000 ) ) ;
#2446 = ORIENTED_EDGE ( 'NONE', *, *, #2076, .F. ) ;
#2447 = CARTESIAN_POINT ( 'NONE',  ( -12.56934213867999617, -24.31734823469000872, -3.499999999999999556 ) ) ;
#2448 = CARTESIAN_POINT ( 'NONE',  ( 0.000000000000000000, 0.000000000000000000, -3.499999999999999556 ) ) ;
#2449 = ORIENTED_EDGE ( 'NONE', *, *, #478, .F. ) ;
#2450 = LINE ( 'NONE', #3457, #220 ) ;
#2451 = DIRECTION ( 'NONE',  ( 0.000000000000000000, 1.000000000000000000, -0.000000000000000000 ) ) ;
#2452 = EDGE_CURVE ( 'NONE', #1993, #3400, #2015, .T. ) ;
#2453 = FACE_OUTER_BOUND ( 'NONE', #3818, .T. ) ;
#2454 = CARTESIAN_POINT ( 'NONE',  ( -21.96934213868063779, -11.21734823468991493, 1.599999999999996980 ) ) ;
#2455 = CARTESIAN_POINT ( 'NONE',  ( -13.56934213867999617, -19.11734823469000588, -2.499999999999999556 ) ) ;
#2456 = CARTESIAN_POINT ( 'NONE',  ( 11.23065786132000099, 27.58265176530999341, 2.799999999999999822 ) ) ;
#2457 = ORIENTED_EDGE ( 'NONE', *, *, #3054, .T. ) ;
#2458 = ADVANCED_FACE ( 'NONE', ( #178 ), #2160, .F. ) ;
#2459 = FACE_BOUND ( 'NONE', #1569, .T. ) ;
#2460 = VERTEX_POINT ( 'NONE', #2648 ) ;
#2461 = CARTESIAN_POINT ( 'NONE',  ( -12.56934213868000683, 25.68265176530999838, -2.029999907105508594 ) ) ;
#2462 = DIRECTION ( 'NONE',  ( 0.000000000000000000, 0.000000000000000000, 1.000000000000000000 ) ) ;
#2463 = ORIENTED_EDGE ( 'NONE', *, *, #656, .F. ) ;
#2464 = DIRECTION ( 'NONE',  ( -1.000000000000000000, -1.297603110042130601E-16, 0.000000000000000000 ) ) ;
#2465 = EDGE_CURVE ( 'NONE', #1042, #1639, #3235, .T. ) ;
#2466 = ORIENTED_EDGE ( 'NONE', *, *, #3982, .F. ) ;
#2467 = CARTESIAN_POINT ( 'NONE',  ( 21.43065786132000028, -19.31734823469000162, -0.5000000000000001110 ) ) ;
#2468 = CARTESIAN_POINT ( 'NONE',  ( -13.56934213867999617, -19.71734823469001086, -2.499999999999999556 ) ) ;
#2469 = ORIENTED_EDGE ( 'NONE', *, *, #643, .T. ) ;
#2470 = ORIENTED_EDGE ( 'NONE', *, *, #2585, .F. ) ;
#2471 = CARTESIAN_POINT ( 'NONE',  ( 26.10245463104451602, -23.51734823469000446, -4.500000000000000000 ) ) ;
#2472 = CARTESIAN_POINT ( 'NONE',  ( -4.819342138679991727, -24.01734823469000446, -1.999999999999999556 ) ) ;
#2473 = DIRECTION ( 'NONE',  ( 1.000000000000000000, 0.000000000000000000, 0.000000000000000000 ) ) ;
#2474 = DIRECTION ( 'NONE',  ( 1.000000000000000000, -0.000000000000000000, 3.614007241618349264E-16 ) ) ;
#2475 = DIRECTION ( 'NONE',  ( 1.000000000000000000, 0.000000000000000000, 0.000000000000000000 ) ) ;
#2476 = ORIENTED_EDGE ( 'NONE', *, *, #2994, .T. ) ;
#2477 = DIRECTION ( 'NONE',  ( 1.000000000000000000, 1.297603110042130601E-16, 0.000000000000000000 ) ) ;
#2478 = AXIS2_PLACEMENT_3D ( 'NONE', #205, #771, #3267 ) ;
#2479 = EDGE_CURVE ( 'NONE', #3079, #2787, #2934, .T. ) ;
#2480 = ADVANCED_FACE ( 'NONE', ( #2668 ), #2040, .T. ) ;
#2481 = ORIENTED_EDGE ( 'NONE', *, *, #3316, .F. ) ;
#2482 = FACE_OUTER_BOUND ( 'NONE', #1991, .T. ) ;
#2483 = CARTESIAN_POINT ( 'NONE',  ( -12.56934213867999617, -23.51734823469001157, -0.4999999999999995559 ) ) ;
#2484 = VERTEX_POINT ( 'NONE', #501 ) ;
#2485 = CARTESIAN_POINT ( 'NONE',  ( -12.56934213867999794, -20.11734823469000588, -0.5000000000000001110 ) ) ;
#2486 = CIRCLE ( 'NONE', #798, 1.200000000000000178 ) ;
#2487 = VECTOR ( 'NONE', #247, 1000.000000000000000 ) ;
#2488 = VECTOR ( 'NONE', #3869, 1000.000000000000000 ) ;
#2489 = VECTOR ( 'NONE', #3897, 1000.000000000000000 ) ;
#2490 = VERTEX_POINT ( 'NONE', #1094 ) ;
#2491 = DIRECTION ( 'NONE',  ( 1.000000000000000000, 0.000000000000000000, 0.000000000000000000 ) ) ;
#2492 = AXIS2_PLACEMENT_3D ( 'NONE', #2577, #124, #3804 ) ;
#2493 = AXIS2_PLACEMENT_3D ( 'NONE', #248, #1786, #2069 ) ;
#2494 = ORIENTED_EDGE ( 'NONE', *, *, #2806, .F. ) ;
#2495 = DIRECTION ( 'NONE',  ( -1.000000000000000000, -1.284980352575412699E-16, 0.000000000000000000 ) ) ;
#2496 = CARTESIAN_POINT ( 'NONE',  ( 21.43065786132000028, -20.11734823469000233, -1.499999999999999556 ) ) ;
#2497 = CARTESIAN_POINT ( 'NONE',  ( 22.23065786131999744, -23.51734823469000446, -3.699999999999999734 ) ) ;
#2498 = FACE_OUTER_BOUND ( 'NONE', #3737, .T. ) ;
#2499 = FACE_OUTER_BOUND ( 'NONE', #2985, .T. ) ;
#2500 = PLANE ( 'NONE',  #3700 ) ;
#2501 = ORIENTED_EDGE ( 'NONE', *, *, #149, .T. ) ;
#2502 = DIRECTION ( 'NONE',  ( -1.000000000000000000, -2.009332211556146958E-16, 0.000000000000000000 ) ) ;
#2503 = AXIS2_PLACEMENT_3D ( 'NONE', #2448, #2751, #2731 ) ;
#2504 = ORIENTED_EDGE ( 'NONE', *, *, #644, .T. ) ;
#2505 = CARTESIAN_POINT ( 'NONE',  ( -22.56934213868000327, 16.34265182723986243, -0.8299999690355729376 ) ) ;
#2506 = CARTESIAN_POINT ( 'NONE',  ( -12.56934213867999617, -24.31734823469000872, -1.499999999999999556 ) ) ;
#2507 = CARTESIAN_POINT ( 'NONE',  ( -21.46934213868000541, 25.69534925070374953, -3.500000000000000000 ) ) ;
#2508 = ADVANCED_FACE ( 'NONE', ( #1736 ), #2975, .F. ) ;
#2509 = ADVANCED_FACE ( 'NONE', ( #2156 ), #660, .T. ) ;
#2510 = ORIENTED_EDGE ( 'NONE', *, *, #3654, .T. ) ;
#2511 = DIRECTION ( 'NONE',  ( 0.000000000000000000, 0.000000000000000000, 1.000000000000000000 ) ) ;
#2512 = ADVANCED_FACE ( 'NONE', ( #1826 ), #1886, .F. ) ;
#2513 = ORIENTED_EDGE ( 'NONE', *, *, #3957, .T. ) ;
#2514 = VERTEX_POINT ( 'NONE', #359 ) ;
#2515 = DIRECTION ( 'NONE',  ( 1.000000000000000000, -5.677276830469549343E-14, 0.000000000000000000 ) ) ;
#2516 = CARTESIAN_POINT ( 'NONE',  ( -21.46934213867918828, 14.58265176531005380, 2.799999999999998934 ) ) ;
#2517 = EDGE_CURVE ( 'NONE', #3263, #2034, #1059, .T. ) ;
#2518 = CARTESIAN_POINT ( 'NONE',  ( 0.000000000000000000, 0.000000000000000000, 3.200000000000000178 ) ) ;
#2519 = PLANE ( 'NONE',  #3641 ) ;
#2520 = CARTESIAN_POINT ( 'NONE',  ( 23.43065786132000028, -19.11734823468999878, -2.499999999999999556 ) ) ;
#2521 = ORIENTED_EDGE ( 'NONE', *, *, #1929, .F. ) ;
#2522 = DIRECTION ( 'NONE',  ( 0.000000000000000000, -0.000000000000000000, -1.000000000000000000 ) ) ;
#2523 = ORIENTED_EDGE ( 'NONE', *, *, #3631, .F. ) ;
#2524 = LINE ( 'NONE', #3751, #3644 ) ;
#2525 = ORIENTED_EDGE ( 'NONE', *, *, #1392, .F. ) ;
#2526 = CARTESIAN_POINT ( 'NONE',  ( 29.25065786131999346, 27.40127229455744740, -3.499999999999999556 ) ) ;
#2527 = ORIENTED_EDGE ( 'NONE', *, *, #378, .F. ) ;
#2528 = CARTESIAN_POINT ( 'NONE',  ( 31.43065786132000383, -4.516299896668843239, 0.9299999999999993827 ) ) ;
#2529 = VERTEX_POINT ( 'NONE', #3449 ) ;
#2530 = EDGE_CURVE ( 'NONE', #1404, #2781, #1610, .T. ) ;
#2531 = EDGE_CURVE ( 'NONE', #386, #2514, #294, .T. ) ;
#2532 = DIRECTION ( 'NONE',  ( 1.000000000000000000, 1.284980352575412699E-16, -0.000000000000000000 ) ) ;
#2533 = CARTESIAN_POINT ( 'NONE',  ( -22.56934213868000327, 17.54265185820429096, 0.3699999999999996625 ) ) ;
#2534 = CARTESIAN_POINT ( 'NONE',  ( 11.23065786132000099, 28.08265176530999341, 2.799999999999999822 ) ) ;
#2535 = CARTESIAN_POINT ( 'NONE',  ( 30.33065786132000596, -4.516299896668845015, -3.500000000000000000 ) ) ;
#2536 = AXIS2_PLACEMENT_3D ( 'NONE', #3677, #1538, #977 ) ;
#2537 = PLANE ( 'NONE',  #1441 ) ;
#2538 = VERTEX_POINT ( 'NONE', #1912 ) ;
#2539 = LINE ( 'NONE', #3766, #36 ) ;
#2540 = ORIENTED_EDGE ( 'NONE', *, *, #177, .T. ) ;
#2541 = CYLINDRICAL_SURFACE ( 'NONE', #3967, 1.000000000000001554 ) ;
#2542 = ORIENTED_EDGE ( 'NONE', *, *, #1486, .T. ) ;
#2543 = CARTESIAN_POINT ( 'NONE',  ( 21.43065786132000028, -15.51629989666884590, 0.9299999999999980504 ) ) ;
#2544 = VERTEX_POINT ( 'NONE', #2507 ) ;
#2545 = VECTOR ( 'NONE', #1144, 1000.000000000000000 ) ;
#2546 = DIRECTION ( 'NONE',  ( 0.000000000000000000, 0.000000000000000000, 1.000000000000000000 ) ) ;
#2547 = VECTOR ( 'NONE', #914, 1000.000000000000000 ) ;
#2548 = AXIS2_PLACEMENT_3D ( 'NONE', #1232, #1292, #3717 ) ;
#2549 = VECTOR ( 'NONE', #3616, 1000.000000000000000 ) ;
#2550 = EDGE_LOOP ( 'NONE', ( #3448, #1116, #1790, #3464 ) ) ;
#2551 = DIRECTION ( 'NONE',  ( -0.000000000000000000, -0.000000000000000000, 1.000000000000000000 ) ) ;
#2552 = VECTOR ( 'NONE', #1883, 1000.000000000000000 ) ;
#2553 = DIRECTION ( 'NONE',  ( 5.677276830469549343E-14, 1.000000000000000000, 0.000000000000000000 ) ) ;
#2554 = VECTOR ( 'NONE', #680, 1000.000000000000000 ) ;
#2555 = CARTESIAN_POINT ( 'NONE',  ( -12.56934213867999617, -23.51734823469001157, -0.4999999999999995559 ) ) ;
#2556 = EDGE_CURVE ( 'NONE', #2393, #2671, #2768, .T. ) ;
#2557 = ADVANCED_FACE ( 'NONE', ( #640 ), #2221, .F. ) ;
#2558 = ORIENTED_EDGE ( 'NONE', *, *, #3367, .T. ) ;
#2559 = LINE ( 'NONE', #2269, #3635 ) ;
#2560 = ORIENTED_EDGE ( 'NONE', *, *, #2188, .F. ) ;
#2561 = CARTESIAN_POINT ( 'NONE',  ( 21.43065786132000028, -20.11734823468999878, -3.699999999999999734 ) ) ;
#2562 = VERTEX_POINT ( 'NONE', #949 ) ;
#2563 = LINE ( 'NONE', #2358, #416 ) ;
#2564 = ORIENTED_EDGE ( 'NONE', *, *, #1147, .F. ) ;
#2565 = CIRCLE ( 'NONE', #812, 1.000000000000001776 ) ;
#2566 = DIRECTION ( 'NONE',  ( 1.284980352575412699E-16, -1.000000000000000000, 0.000000000000000000 ) ) ;
#2567 = VECTOR ( 'NONE', #1095, 1000.000000000000000 ) ;
#2568 = ORIENTED_EDGE ( 'NONE', *, *, #1986, .F. ) ;
#2569 = EDGE_CURVE ( 'NONE', #901, #1613, #3066, .T. ) ;
#2570 = EDGE_LOOP ( 'NONE', ( #3294, #1195, #3787 ) ) ;
#2571 = CARTESIAN_POINT ( 'NONE',  ( -13.98355570105309020, -23.75166280974077537, -1.499999999999997780 ) ) ;
#2572 = CARTESIAN_POINT ( 'NONE',  ( -21.46934213868000896, -22.32734823469001029, -3.229999999999990656 ) ) ;
#2573 = ORIENTED_EDGE ( 'NONE', *, *, #1079, .F. ) ;
#2574 = EDGE_CURVE ( 'NONE', #3524, #3924, #1550, .T. ) ;
#2575 = CARTESIAN_POINT ( 'NONE',  ( -4.819342138679993504, -19.61734823469000588, -1.999999999999999556 ) ) ;
#2576 = ORIENTED_EDGE ( 'NONE', *, *, #2337, .F. ) ;
#2577 = CARTESIAN_POINT ( 'NONE',  ( -20.56934213867999617, -23.31734823469000872, -4.500000000000000000 ) ) ;
#2578 = ORIENTED_EDGE ( 'NONE', *, *, #1031, .T. ) ;
#2579 = ADVANCED_FACE ( 'NONE', ( #3995 ), #3371, .T. ) ;
#2580 = DIRECTION ( 'NONE',  ( -0.000000000000000000, -0.000000000000000000, -1.000000000000000000 ) ) ;
#2581 = VERTEX_POINT ( 'NONE', #2526 ) ;
#2582 = DIRECTION ( 'NONE',  ( 5.538966172590826722E-30, 9.856383386231856362E-17, -1.000000000000000000 ) ) ;
#2583 = EDGE_LOOP ( 'NONE', ( #3434, #693, #1172, #3306 ) ) ;
#2584 = CARTESIAN_POINT ( 'NONE',  ( 28.44335534671500199, 25.69534925070499298, 0.1000000000000002554 ) ) ;
#2585 = EDGE_CURVE ( 'NONE', #3208, #3585, #3736, .T. ) ;
#2586 = EDGE_LOOP ( 'NONE', ( #1090, #1213, #2348, #3752 ) ) ;
#2587 = CARTESIAN_POINT ( 'NONE',  ( -22.56934213867999617, -20.31734823469000162, -7.715549066223197805 ) ) ;
#2588 = CARTESIAN_POINT ( 'NONE',  ( 23.43065786132000028, -20.11734823469000233, -1.499999999999999556 ) ) ;
#2589 = DIRECTION ( 'NONE',  ( -0.000000000000000000, 1.000000000000000000, -0.000000000000000000 ) ) ;
#2590 = EDGE_LOOP ( 'NONE', ( #3538, #1757, #702, #2094 ) ) ;
#2591 = LINE ( 'NONE', #3517, #2995 ) ;
#2592 = ORIENTED_EDGE ( 'NONE', *, *, #975, .T. ) ;
#2593 = LINE ( 'NONE', #2271, #3011 ) ;
#2594 = MANIFOLD_SOLID_BREP ( '\X2\52079664\X0\-\X2\62c94f38\X0\22', #3114 ) ;
#2595 = EDGE_LOOP ( 'NONE', ( #1810, #3848, #1748, #3601 ) ) ;
#2596 = FACE_OUTER_BOUND ( 'NONE', #3541, .T. ) ;
#2597 = ORIENTED_EDGE ( 'NONE', *, *, #3534, .F. ) ;
#2598 = DIRECTION ( 'NONE',  ( -1.000000000000000000, -0.000000000000000000, -1.807003620809179809E-16 ) ) ;
#2599 = EDGE_CURVE ( 'NONE', #1613, #2428, #3133, .T. ) ;
#2600 = EDGE_CURVE ( 'NONE', #636, #2113, #1028, .T. ) ;
#2601 = VERTEX_POINT ( 'NONE', #1928 ) ;
#2602 = DIRECTION ( 'NONE',  ( 0.000000000000000000, -1.000000000000000000, -3.942553354492742545E-16 ) ) ;
#2603 = AXIS2_PLACEMENT_3D ( 'NONE', #652, #3346, #287 ) ;
#2604 = AXIS2_PLACEMENT_3D ( 'NONE', #2146, #585, #3062 ) ;
#2605 = VERTEX_POINT ( 'NONE', #2008 ) ;
#2606 = CARTESIAN_POINT ( 'NONE',  ( 23.43065786132000028, -20.11734823469000233, -1.499999999999999556 ) ) ;
#2607 = PLANE ( 'NONE',  #3831 ) ;
#2608 = CARTESIAN_POINT ( 'NONE',  ( 5.803356633557833987E-16, -4.516299896668846792, 3.200000000000000178 ) ) ;
#2609 = VECTOR ( 'NONE', #3199, 1000.000000000000000 ) ;
#2610 = AXIS2_PLACEMENT_3D ( 'NONE', #597, #927, #3397 ) ;
#2611 = EDGE_LOOP ( 'NONE', ( #751, #436, #3118, #1933 ) ) ;
#2612 = VECTOR ( 'NONE', #73, 1000.000000000000000 ) ;
#2613 = CIRCLE ( 'NONE', #3579, 1.000000000000000888 ) ;
#2614 = LINE ( 'NONE', #2065, #534 ) ;
#2615 = VERTEX_POINT ( 'NONE', #3212 ) ;
#2616 = CARTESIAN_POINT ( 'NONE',  ( -21.96934213867918828, 14.58265176531008045, 2.799999999999998934 ) ) ;
#2617 = CIRCLE ( 'NONE', #1965, 1.889999999999995905 ) ;
#2618 = EDGE_LOOP ( 'NONE', ( #2004, #2510, #1428, #879 ) ) ;
#2619 = FACE_OUTER_BOUND ( 'NONE', #1233, .T. ) ;
#2620 = DIRECTION ( 'NONE',  ( -2.225818208024924690E-29, 3.942553354492742545E-16, -1.000000000000000000 ) ) ;
#2621 = EDGE_LOOP ( 'NONE', ( #3112, #3878, #463 ) ) ;
#2622 = LINE ( 'NONE', #1332, #94 ) ;
#2623 = ORIENTED_EDGE ( 'NONE', *, *, #2206, .F. ) ;
#2624 = AXIS2_PLACEMENT_3D ( 'NONE', #1141, #3553, #781 ) ;
#2625 = DIRECTION ( 'NONE',  ( 0.000000000000000000, 1.000000000000000000, 9.685441469473037358E-16 ) ) ;
#2626 = EDGE_CURVE ( 'NONE', #2239, #1813, #2891, .T. ) ;
#2627 = EDGE_CURVE ( 'NONE', #1068, #2141, #112, .T. ) ;
#2628 = EDGE_LOOP ( 'NONE', ( #2716, #2058, #3141, #602, #2354, #739, #3432, #3474, #817, #2125, #1229, #3953, #2527, #1111, #3673, #1647, #3299, #1353, #182, #2633 ) ) ;
#2629 = DIRECTION ( 'NONE',  ( -1.297603110042128875E-16, 0.9999999999999986677, 5.160737867146111753E-08 ) ) ;
#2630 = EDGE_CURVE ( 'NONE', #1712, #1170, #467, .T. ) ;
#2631 = CARTESIAN_POINT ( 'NONE',  ( -22.56934213867999617, -25.31734823469000517, -7.715549066223197805 ) ) ;
#2632 = CARTESIAN_POINT ( 'NONE',  ( 13.68065786131999495, -24.01734823469000091, -1.399999999999999689 ) ) ;
#2633 = ORIENTED_EDGE ( 'NONE', *, *, #3270, .F. ) ;
#2634 = CARTESIAN_POINT ( 'NONE',  ( -16.56934213868000327, -20.11734823469000588, -0.4999999999999995559 ) ) ;
#2635 = ORIENTED_EDGE ( 'NONE', *, *, #34, .T. ) ;
#2636 = CYLINDRICAL_SURFACE ( 'NONE', #1778, 1.887302514605004866 ) ;
#2637 = ADVANCED_FACE ( 'NONE', ( #1686 ), #435, .F. ) ;
#2638 = EDGE_LOOP ( 'NONE', ( #1609, #580, #2010, #3147 ) ) ;
#2639 = PLANE ( 'NONE',  #3829 ) ;
#2640 = CARTESIAN_POINT ( 'NONE',  ( 31.43065786132000383, -23.31734823469000872, 3.200000000000000178 ) ) ;
#2641 = ORIENTED_EDGE ( 'NONE', *, *, #3956, .F. ) ;
#2642 = DIRECTION ( 'NONE',  ( 1.000000000000000000, 0.000000000000000000, 0.000000000000000000 ) ) ;
#2643 = ORIENTED_EDGE ( 'NONE', *, *, #3001, .F. ) ;
#2644 = DIRECTION ( 'NONE',  ( -1.000000000000000000, -1.297603110042130601E-16, 0.000000000000000000 ) ) ;
#2645 = FACE_OUTER_BOUND ( 'NONE', #123, .T. ) ;
#2646 = ORIENTED_EDGE ( 'NONE', *, *, #3243, .F. ) ;
#2647 = FACE_OUTER_BOUND ( 'NONE', #3656, .T. ) ;
#2648 = CARTESIAN_POINT ( 'NONE',  ( -20.56934213867999617, -25.31734823469000517, 3.200000000000000178 ) ) ;
#2649 = CARTESIAN_POINT ( 'NONE',  ( -4.819342138679989951, -19.31734823469000517, -1.399999999999999689 ) ) ;
#2650 = ADVANCED_FACE ( 'NONE', ( #733 ), #754, .T. ) ;
#2651 = ADVANCED_FACE ( 'NONE', ( #1628 ), #3484, .F. ) ;
#2652 = ORIENTED_EDGE ( 'NONE', *, *, #3416, .T. ) ;
#2653 = DIRECTION ( 'NONE',  ( -0.000000000000000000, -0.000000000000000000, 1.000000000000000000 ) ) ;
#2654 = ORIENTED_EDGE ( 'NONE', *, *, #1782, .T. ) ;
#2655 = CARTESIAN_POINT ( 'NONE',  ( -15.56934213867999617, -28.34577535943619964, -2.499999999999999556 ) ) ;
#2656 = FACE_OUTER_BOUND ( 'NONE', #1777, .T. ) ;
#2657 = EDGE_CURVE ( 'NONE', #2034, #3715, #3229, .T. ) ;
#2658 = ORIENTED_EDGE ( 'NONE', *, *, #1491, .F. ) ;
#2659 = FACE_OUTER_BOUND ( 'NONE', #1460, .T. ) ;
#2660 = DIRECTION ( 'NONE',  ( 1.000000000000000000, 0.000000000000000000, 0.000000000000000000 ) ) ;
#2661 = EDGE_LOOP ( 'NONE', ( #1085, #3031, #265, #3868 ) ) ;
#2662 = PLANE ( 'NONE',  #415 ) ;
#2663 = ORIENTED_EDGE ( 'NONE', *, *, #3244, .F. ) ;
#2664 = DIRECTION ( 'NONE',  ( 1.000000000000000000, 0.000000000000000000, 3.614007241618349264E-16 ) ) ;
#2665 = CARTESIAN_POINT ( 'NONE',  ( -12.56934213867999794, -20.11734823469000588, -0.5000000000000001110 ) ) ;
#2666 = ORIENTED_EDGE ( 'NONE', *, *, #2859, .T. ) ;
#2667 = LINE ( 'NONE', #2078, #2489 ) ;
#2668 = FACE_OUTER_BOUND ( 'NONE', #1873, .T. ) ;
#2669 = CARTESIAN_POINT ( 'NONE',  ( -12.56934213867999617, -24.31734823469000872, -3.699999999999999734 ) ) ;
#2670 = VECTOR ( 'NONE', #309, 1000.000000000000000 ) ;
#2671 = VERTEX_POINT ( 'NONE', #2907 ) ;
#2672 = AXIS2_PLACEMENT_3D ( 'NONE', #1282, #1579, #3436 ) ;
#2673 = CARTESIAN_POINT ( 'NONE',  ( -21.46934213867906394, 16.78265176531005665, 1.600000000000000089 ) ) ;
#2674 = VECTOR ( 'NONE', #166, 1000.000000000000000 ) ;
#2675 = EDGE_CURVE ( 'NONE', #2601, #2402, #773, .T. ) ;
#2676 = CARTESIAN_POINT ( 'NONE',  ( -14.56934213867999617, -23.51734823469001157, -3.500000000000001332 ) ) ;
#2677 = EDGE_CURVE ( 'NONE', #3863, #1726, #3773, .T. ) ;
#2678 = AXIS2_PLACEMENT_3D ( 'NONE', #1866, #3065, #289 ) ;
#2679 = AXIS2_PLACEMENT_3D ( 'NONE', #2342, #651, #1880 ) ;
#2680 = LINE ( 'NONE', #3362, #2171 ) ;
#2681 = EDGE_LOOP ( 'NONE', ( #2220, #338, #2560, #3731 ) ) ;
#2682 = LINE ( 'NONE', #2921, #2737 ) ;
#2683 = LINE ( 'NONE', #3912, #2018 ) ;
#2684 = VERTEX_POINT ( 'NONE', #412 ) ;
#2685 = CARTESIAN_POINT ( 'NONE',  ( -12.56934213868000327, 17.54265185820429096, -3.229999999999998206 ) ) ;
#2686 = VECTOR ( 'NONE', #2924, 1000.000000000000000 ) ;
#2687 = VECTOR ( 'NONE', #489, 1000.000000000000000 ) ;
#2688 = VERTEX_POINT ( 'NONE', #1704 ) ;
#2689 = DIRECTION ( 'NONE',  ( 0.000000000000000000, -0.000000000000000000, 1.000000000000000000 ) ) ;
#2690 = DIRECTION ( 'NONE',  ( -1.000000000000000000, 0.000000000000000000, 3.614007241618349264E-16 ) ) ;
#2691 = EDGE_CURVE ( 'NONE', #9, #3605, #1366, .T. ) ;
#2692 = VECTOR ( 'NONE', #179, 1000.000000000000000 ) ;
#2693 = EDGE_LOOP ( 'NONE', ( #3990, #277 ) ) ;
#2694 = PLANE ( 'NONE',  #3775 ) ;
#2695 = CARTESIAN_POINT ( 'NONE',  ( 30.83065786131918529, 14.58265176531008755, 1.599999999999999867 ) ) ;
#2696 = VECTOR ( 'NONE', #3611, 1000.000000000000000 ) ;
#2697 = DIRECTION ( 'NONE',  ( -2.595206220084261201E-16, 1.000000000000000000, 0.000000000000000000 ) ) ;
#2698 = ORIENTED_EDGE ( 'NONE', *, *, #1021, .F. ) ;
#2699 = DIRECTION ( 'NONE',  ( 2.595206220084261201E-16, -1.000000000000000000, 0.000000000000000000 ) ) ;
#2700 = DIRECTION ( 'NONE',  ( 0.000000000000000000, 0.000000000000000000, 1.000000000000000000 ) ) ;
#2701 = DIRECTION ( 'NONE',  ( 1.000000000000000000, 0.000000000000000000, 0.000000000000000000 ) ) ;
#2702 = ADVANCED_FACE ( 'NONE', ( #1009 ), #713, .T. ) ;
#2703 = DIRECTION ( 'NONE',  ( -0.000000000000000000, 0.000000000000000000, 1.000000000000000000 ) ) ;
#2704 = CARTESIAN_POINT ( 'NONE',  ( 25.43065786132000383, -24.31734823469000162, -0.4999999999999995559 ) ) ;
#2705 = EDGE_LOOP ( 'NONE', ( #1159, #2542, #3794, #453 ) ) ;
#2706 = DIRECTION ( 'NONE',  ( 1.000000000000000000, -5.519574696289839780E-14, 0.000000000000000000 ) ) ;
#2707 = EDGE_CURVE ( 'NONE', #1061, #1984, #1387, .T. ) ;
#2708 = EDGE_CURVE ( 'NONE', #175, #2253, #2622, .T. ) ;
#2709 = ORIENTED_EDGE ( 'NONE', *, *, #2728, .F. ) ;
#2710 = DIRECTION ( 'NONE',  ( -1.000000000000000000, -2.595206220084261201E-16, 0.000000000000000000 ) ) ;
#2711 = CARTESIAN_POINT ( 'NONE',  ( 11.23065786132000277, -24.21734823469000730, 2.799999999999999822 ) ) ;
#2712 = ORIENTED_EDGE ( 'NONE', *, *, #594, .T. ) ;
#2713 = VECTOR ( 'NONE', #1760, 1000.000000000000000 ) ;
#2714 = DIRECTION ( 'NONE',  ( -8.673617379884035472E-16, -2.250982577490600249E-31, -1.000000000000000000 ) ) ;
#2715 = DIRECTION ( 'NONE',  ( -1.000000000000000000, -1.284980352575412699E-16, 0.000000000000000000 ) ) ;
#2716 = ORIENTED_EDGE ( 'NONE', *, *, #3416, .F. ) ;
#2717 = CARTESIAN_POINT ( 'NONE',  ( -13.36934213867999865, -19.31734823469000162, -3.699999999999999734 ) ) ;
#2718 = DIRECTION ( 'NONE',  ( -0.000000000000000000, 0.000000000000000000, -1.000000000000000000 ) ) ;
#2719 = CARTESIAN_POINT ( 'NONE',  ( 25.43065786132000383, -24.31734823469000162, -0.4999999999999995559 ) ) ;
#2720 = CARTESIAN_POINT ( 'NONE',  ( -21.96934213868076213, -13.41734823468991600, 1.599999999999996758 ) ) ;
#2721 = CARTESIAN_POINT ( 'NONE',  ( 30.33065786131905739, 16.78265176531006375, 1.600000000000000089 ) ) ;
#2722 = EDGE_LOOP ( 'NONE', ( #3418, #70, #3246, #2270 ) ) ;
#2723 = DIRECTION ( 'NONE',  ( -0.000000000000000000, -0.000000000000000000, -1.000000000000000000 ) ) ;
#2724 = ORIENTED_EDGE ( 'NONE', *, *, #3596, .F. ) ;
#2725 = LINE ( 'NONE', #557, #2696 ) ;
#2726 = CARTESIAN_POINT ( 'NONE',  ( 23.43065786132000028, -19.11734823468999878, -2.499999999999999556 ) ) ;
#2727 = ADVANCED_FACE ( 'NONE', ( #2948, #2243, #3949 ), #266, .F. ) ;
#2728 = EDGE_CURVE ( 'NONE', #2883, #3723, #1187, .T. ) ;
#2729 = EDGE_LOOP ( 'NONE', ( #891, #2388, #2540, #3651, #2381 ) ) ;
#2730 = CARTESIAN_POINT ( 'NONE',  ( 29.43065786132000028, -25.31734823469000517, 3.200000000000000178 ) ) ;
#2731 = DIRECTION ( 'NONE',  ( -1.000000000000000000, 0.000000000000000000, 0.000000000000000000 ) ) ;
#2732 = ORIENTED_EDGE ( 'NONE', *, *, #920, .F. ) ;
#2733 = DIRECTION ( 'NONE',  ( -1.000000000000000000, -5.645626090230307733E-14, -0.000000000000000000 ) ) ;
#2734 = DIRECTION ( 'NONE',  ( 0.000000000000000000, 0.000000000000000000, -1.000000000000000000 ) ) ;
#2735 = CARTESIAN_POINT ( 'NONE',  ( -21.96934213867906394, 16.78265176531008507, 1.600000000000000089 ) ) ;
#2736 = VECTOR ( 'NONE', #3648, 1000.000000000000000 ) ;
#2737 = VECTOR ( 'NONE', #3561, 1000.000000000000000 ) ;
#2738 = PLANE ( 'NONE',  #3570 ) ;
#2739 = DIRECTION ( 'NONE',  ( -5.519574696289839780E-14, -1.000000000000000000, -3.942553354492742545E-16 ) ) ;
#2740 = VERTEX_POINT ( 'NONE', #2052 ) ;
#2741 = LINE ( 'NONE', #3972, #3004 ) ;
#2742 = VECTOR ( 'NONE', #1539, 1000.000000000000000 ) ;
#2743 = VECTOR ( 'NONE', #273, 1000.000000000000000 ) ;
#2744 = ORIENTED_EDGE ( 'NONE', *, *, #1755, .T. ) ;
#2745 = PLANE ( 'NONE',  #747 ) ;
#2746 = CARTESIAN_POINT ( 'NONE',  ( 21.43065786132000028, -23.51734823469000446, -0.4999999999999995559 ) ) ;
#2747 = VECTOR ( 'NONE', #3919, 1000.000000000000000 ) ;
#2748 = EDGE_LOOP ( 'NONE', ( #2476, #2643, #3064, #2908 ) ) ;
#2749 = ADVANCED_FACE ( 'NONE', ( #2986 ), #530, .T. ) ;
#2750 = DIRECTION ( 'NONE',  ( 0.000000000000000000, 1.000000000000000000, 9.856383386231840338E-17 ) ) ;
#2751 = DIRECTION ( 'NONE',  ( -0.000000000000000000, 0.000000000000000000, -1.000000000000000000 ) ) ;
#2752 = VECTOR ( 'NONE', #3344, 1000.000000000000000 ) ;
#2753 = EDGE_LOOP ( 'NONE', ( #2942, #3772, #836, #3536, #1400 ) ) ;
#2754 = ADVANCED_FACE ( 'NONE', ( #2968 ), #3914, .F. ) ;
#2755 = CARTESIAN_POINT ( 'NONE',  ( -15.56934213867999794, -24.51734823469000446, -2.499999999999999556 ) ) ;
#2756 = CIRCLE ( 'NONE', #744, 0.7999999999999999334 ) ;
#2757 = LINE ( 'NONE', #3963, #999 ) ;
#2758 = LINE ( 'NONE', #3986, #104 ) ;
#2759 = PLANE ( 'NONE',  #655 ) ;
#2760 = DIRECTION ( 'NONE',  ( -7.224192438321208153E-17, 1.000000000000000000, 0.000000000000000000 ) ) ;
#2761 = ADVANCED_FACE ( 'NONE', ( #189, #3269 ), #2662, .F. ) ;
#2762 = CARTESIAN_POINT ( 'NONE',  ( -21.46934213868000896, -18.37689865378999698, 0.07000000000000018707 ) ) ;
#2763 = ORIENTED_EDGE ( 'NONE', *, *, #2212, .F. ) ;
#2764 = LINE ( 'NONE', #3670, #3836 ) ;
#2765 = EDGE_LOOP ( 'NONE', ( #360, #199, #2463, #2576 ) ) ;
#2766 = CARTESIAN_POINT ( 'NONE',  ( 30.83065786131905739, 16.78265176531009217, 1.600000000000000089 ) ) ;
#2767 = LINE ( 'NONE', #3672, #3200 ) ;
#2768 = LINE ( 'NONE', #1531, #3134 ) ;
#2769 = VERTEX_POINT ( 'NONE', #3589 ) ;
#2770 = LINE ( 'NONE', #2447, #2161 ) ;
#2771 = CARTESIAN_POINT ( 'NONE',  ( 23.43065786132000028, -19.11734823468999878, -1.499999999999998002 ) ) ;
#2772 = VERTEX_POINT ( 'NONE', #3650 ) ;
#2773 = CARTESIAN_POINT ( 'NONE',  ( -20.56934213868000327, 26.68265176530999838, -4.500000000000000000 ) ) ;
#2774 = CARTESIAN_POINT ( 'NONE',  ( -4.819342138679989951, -24.01734823469000446, -1.399999999999999689 ) ) ;
#2775 = DIRECTION ( 'NONE',  ( 0.000000000000000000, 0.000000000000000000, -1.000000000000000000 ) ) ;
#2776 = ADVANCED_FACE ( 'NONE', ( #3888 ), #819, .F. ) ;
#2777 = EDGE_CURVE ( 'NONE', #581, #1917, #2091, .T. ) ;
#2778 = CARTESIAN_POINT ( 'NONE',  ( -13.36934213867999865, -20.11734823469000588, -3.699999999999999734 ) ) ;
#2779 = LINE ( 'NONE', #962, #3190 ) ;
#2780 = LINE ( 'NONE', #8, #926 ) ;
#2781 = VERTEX_POINT ( 'NONE', #2114 ) ;
#2782 = CARTESIAN_POINT ( 'NONE',  ( 30.33065786131905739, 16.78265176531006375, 1.600000000000000089 ) ) ;
#2783 = ORIENTED_EDGE ( 'NONE', *, *, #1097, .T. ) ;
#2784 = DIRECTION ( 'NONE',  ( 1.297603110042130601E-16, -1.000000000000000000, 2.891206240920326334E-15 ) ) ;
#2785 = FACE_OUTER_BOUND ( 'NONE', #114, .T. ) ;
#2786 =( LENGTH_UNIT ( ) NAMED_UNIT ( * ) SI_UNIT ( .MILLI., .METRE. ) );
#2787 = VERTEX_POINT ( 'NONE', #1804 ) ;
#2788 = LINE ( 'NONE', #642, #735 ) ;
#2789 = CARTESIAN_POINT ( 'NONE',  ( -22.56934213867999617, -22.31734823469000517, -1.729999969035573404 ) ) ;
#2790 = VECTOR ( 'NONE', #939, 1000.000000000000000 ) ;
#2791 = VERTEX_POINT ( 'NONE', #1765 ) ;
#2792 = ORIENTED_EDGE ( 'NONE', *, *, #2383, .F. ) ;
#2793 = CARTESIAN_POINT ( 'NONE',  ( -13.36934213867999865, -20.11734823469000588, -4.500000000000000000 ) ) ;
#2794 = DIRECTION ( 'NONE',  ( -0.9284766908852596368, -0.3713906763541028333, -0.000000000000000000 ) ) ;
#2795 = CARTESIAN_POINT ( 'NONE',  ( 28.44065786132000895, -22.32734823469000318, 3.200000000000000178 ) ) ;
#2796 = DIRECTION ( 'NONE',  ( -1.000000000000000000, -0.000000000000000000, -3.614007241618349264E-16 ) ) ;
#2797 = EDGE_CURVE ( 'NONE', #964, #1484, #2030, .T. ) ;
#2798 = EDGE_CURVE ( 'NONE', #3884, #3669, #3609, .T. ) ;
#2799 = DIRECTION ( 'NONE',  ( -2.595206220084261201E-16, 1.000000000000000000, -0.000000000000000000 ) ) ;
#2800 = ORIENTED_EDGE ( 'NONE', *, *, #3219, .F. ) ;
#2801 = DIRECTION ( 'NONE',  ( 0.000000000000000000, 0.000000000000000000, 1.000000000000000000 ) ) ;
#2802 = CIRCLE ( 'NONE', #2603, 0.7999999999999999334 ) ;
#2803 = AXIS2_PLACEMENT_3D ( 'NONE', #2795, #3440, #669 ) ;
#2804 = ORIENTED_EDGE ( 'NONE', *, *, #2928, .F. ) ;
#2805 = DIRECTION ( 'NONE',  ( 5.619674028029464554E-14, 1.000000000000000000, 2.891205793294678622E-15 ) ) ;
#2806 = EDGE_CURVE ( 'NONE', #634, #964, #554, .T. ) ;
#2807 = CARTESIAN_POINT ( 'NONE',  ( -19.57934213868000484, -24.21734823469001441, 0.07000000000000018707 ) ) ;
#2808 = ORIENTED_EDGE ( 'NONE', *, *, #3178, .T. ) ;
#2809 = AXIS2_PLACEMENT_3D ( 'NONE', #3073, #15, #1870 ) ;
#2810 = AXIS2_PLACEMENT_3D ( 'NONE', #3010, #2360, #572 ) ;
#2811 = AXIS2_PLACEMENT_3D ( 'NONE', #2584, #756, #1669 ) ;
#2812 = VERTEX_POINT ( 'NONE', #1106 ) ;
#2813 = DIRECTION ( 'NONE',  ( 0.000000000000000000, 0.000000000000000000, -1.000000000000000000 ) ) ;
#2814 = ADVANCED_FACE ( 'NONE', ( #1727 ), #3289, .F. ) ;
#2815 = AXIS2_PLACEMENT_3D ( 'NONE', #2902, #2294, #2844 ) ;
#2816 = ORIENTED_EDGE ( 'NONE', *, *, #3173, .F. ) ;
#2817 = FACE_OUTER_BOUND ( 'NONE', #710, .T. ) ;
#2818 = PLANE ( 'NONE',  #3575 ) ;
#2819 = LINE ( 'NONE', #305, #685 ) ;
#2820 = CYLINDRICAL_SURFACE ( 'NONE', #2158, 1.199999999999999734 ) ;
#2821 = VECTOR ( 'NONE', #441, 1000.000000000000000 ) ;
#2822 = FACE_OUTER_BOUND ( 'NONE', #2203, .T. ) ;
#2823 = LINE ( 'NONE', #3426, #599 ) ;
#2824 = ORIENTED_EDGE ( 'NONE', *, *, #2205, .T. ) ;
#2825 = LINE ( 'NONE', #1228, #933 ) ;
#2826 = EDGE_CURVE ( 'NONE', #3415, #723, #31, .T. ) ;
#2827 = VECTOR ( 'NONE', #3592, 1000.000000000000000 ) ;
#2828 = VERTEX_POINT ( 'NONE', #1153 ) ;
#2829 = DIRECTION ( 'NONE',  ( 0.000000000000000000, 1.000000000000000000, 0.000000000000000000 ) ) ;
#2830 = ORIENTED_EDGE ( 'NONE', *, *, #2677, .T. ) ;
#2831 = DIRECTION ( 'NONE',  ( 5.519574696289839780E-14, 1.000000000000000000, 9.856383386231856362E-17 ) ) ;
#2832 = ADVANCED_FACE ( 'NONE', ( #2382 ), #1171, .T. ) ;
#2833 = EDGE_CURVE ( 'NONE', #3715, #814, #937, .T. ) ;
#2834 = ORIENTED_EDGE ( 'NONE', *, *, #1732, .T. ) ;
#2835 = CARTESIAN_POINT ( 'NONE',  ( 30.33065786131905739, 16.78265176531006020, 2.799999999999999822 ) ) ;
#2836 = EDGE_CURVE ( 'NONE', #2894, #1729, #588, .T. ) ;
#2837 = ORIENTED_EDGE ( 'NONE', *, *, #1981, .T. ) ;
#2838 = FACE_OUTER_BOUND ( 'NONE', #1305, .T. ) ;
#2839 = DIRECTION ( 'NONE',  ( -0.9284766908852596368, -0.3713906763541028333, -0.000000000000000000 ) ) ;
#2840 = LINE ( 'NONE', #1636, #1461 ) ;
#2841 = PLANE ( 'NONE',  #930 ) ;
#2842 = CARTESIAN_POINT ( 'NONE',  ( 11.23065786132000099, -24.21734823469000020, 2.799999999999999822 ) ) ;
#2843 = EDGE_LOOP ( 'NONE', ( #3365, #2268, #2858, #1011 ) ) ;
#2844 = DIRECTION ( 'NONE',  ( 1.000000000000000000, 0.000000000000000000, 0.000000000000000000 ) ) ;
#2845 = VERTEX_POINT ( 'NONE', #3089 ) ;
#2846 = DIRECTION ( 'NONE',  ( 2.009332211556146958E-16, -1.000000000000000000, 0.000000000000000000 ) ) ;
#2847 = UNCERTAINTY_MEASURE_WITH_UNIT (LENGTH_MEASURE( 1.000000000000000082E-05 ), #1548, 'distance_accuracy_value', 'NONE');
#2848 = VERTEX_POINT ( 'NONE', #2442 ) ;
#2849 = DIRECTION ( 'NONE',  ( 0.000000000000000000, -1.000000000000000000, 0.000000000000000000 ) ) ;
#2850 = ORIENTED_EDGE ( 'NONE', *, *, #3486, .F. ) ;
#2851 = FACE_OUTER_BOUND ( 'NONE', #1721, .T. ) ;
#2852 = ADVANCED_FACE ( 'NONE', ( #3107, #1268, #1821, #2459 ), #3732, .F. ) ;
#2853 = ADVANCED_FACE ( 'NONE', ( #965 ), #2216, .F. ) ;
#2854 = ORIENTED_EDGE ( 'NONE', *, *, #2901, .F. ) ;
#2855 = CARTESIAN_POINT ( 'NONE',  ( -3.619342138679993770, -19.31734823469000517, -1.399999999999999911 ) ) ;
#2856 = LINE ( 'NONE', #1635, #2609 ) ;
#2857 = DIRECTION ( 'NONE',  ( 0.000000000000000000, 0.000000000000000000, 1.000000000000000000 ) ) ;
#2858 = ORIENTED_EDGE ( 'NONE', *, *, #77, .F. ) ;
#2859 = EDGE_CURVE ( 'NONE', #1042, #438, #2825, .T. ) ;
#2860 = DIRECTION ( 'NONE',  ( -0.000000000000000000, -0.000000000000000000, -1.000000000000000000 ) ) ;
#2861 = ORIENTED_EDGE ( 'NONE', *, *, #1782, .F. ) ;
#2862 = CARTESIAN_POINT ( 'NONE',  ( -13.36934213868000221, -3.469619987673696290E-15, -3.699999999999999734 ) ) ;
#2863 = EDGE_LOOP ( 'NONE', ( #3653, #1787, #375, #1131 ) ) ;
#2864 = CARTESIAN_POINT ( 'NONE',  ( 21.43065786132000028, -24.31734823469000162, -0.4999999999999995559 ) ) ;
#2865 = ORIENTED_EDGE ( 'NONE', *, *, #919, .F. ) ;
#2866 = DIRECTION ( 'NONE',  ( 2.595206220084261201E-16, -1.000000000000000000, -0.000000000000000000 ) ) ;
#2867 = VECTOR ( 'NONE', #1850, 1000.000000000000000 ) ;
#2868 = ORIENTED_EDGE ( 'NONE', *, *, #3045, .T. ) ;
#2869 = VECTOR ( 'NONE', #264, 1000.000000000000000 ) ;
#2870 = FACE_OUTER_BOUND ( 'NONE', #3013, .T. ) ;
#2871 = VECTOR ( 'NONE', #2333, 1000.000000000000000 ) ;
#2872 = AXIS2_PLACEMENT_3D ( 'NONE', #422, #3816, #1355 ) ;
#2873 = AXIS2_PLACEMENT_3D ( 'NONE', #59, #2204, #1294 ) ;
#2874 = ADVANCED_FACE ( 'NONE', ( #3443 ), #2197, .F. ) ;
#2875 = ORIENTED_EDGE ( 'NONE', *, *, #2928, .T. ) ;
#2876 = AXIS2_PLACEMENT_3D ( 'NONE', #170, #2299, #450 ) ;
#2877 = CARTESIAN_POINT ( 'NONE',  ( -21.46934213867906394, 16.78265176531005665, 1.600000000000000089 ) ) ;
#2878 = AXIS2_PLACEMENT_3D ( 'NONE', #1041, #2620, #144 ) ;
#2879 = CARTESIAN_POINT ( 'NONE',  ( 13.68065786131999673, -19.61734823469000233, -1.999999999999999556 ) ) ;
#2880 = EDGE_CURVE ( 'NONE', #653, #3758, #353, .T. ) ;
#2881 = EDGE_LOOP ( 'NONE', ( #882, #1837, #466, #1989 ) ) ;
#2882 = CARTESIAN_POINT ( 'NONE',  ( 12.48065786131999744, -19.31734823469000162, -2.000000000000000000 ) ) ;
#2883 = VERTEX_POINT ( 'NONE', #1503 ) ;
#2884 = DIRECTION ( 'NONE',  ( -1.000000000000000000, -2.595206220084261201E-16, 0.000000000000000000 ) ) ;
#2885 = VECTOR ( 'NONE', #2993, 1000.000000000000114 ) ;
#2886 = EDGE_CURVE ( 'NONE', #1357, #1746, #1258, .T. ) ;
#2887 = ORIENTED_EDGE ( 'NONE', *, *, #1588, .T. ) ;
#2888 = FACE_OUTER_BOUND ( 'NONE', #1937, .T. ) ;
#2889 = ORIENTED_EDGE ( 'NONE', *, *, #1175, .F. ) ;
#2890 = VECTOR ( 'NONE', #3249, 1000.000000000000000 ) ;
#2891 = LINE ( 'NONE', #3169, #1896 ) ;
#2892 = ORIENTED_EDGE ( 'NONE', *, *, #589, .T. ) ;
#2893 = CARTESIAN_POINT ( 'NONE',  ( 13.43065786132000206, -24.71734823469000020, 2.799999999999999822 ) ) ;
#2894 = VERTEX_POINT ( 'NONE', #53 ) ;
#2895 = DIRECTION ( 'NONE',  ( -1.000000000000000000, 0.000000000000000000, 0.000000000000000000 ) ) ;
#2896 = DIRECTION ( 'NONE',  ( 2.891205793294679411E-15, 0.000000000000000000, 1.000000000000000000 ) ) ;
#2897 = DIRECTION ( 'NONE',  ( 1.000000000000000000, 2.595206220084261201E-16, 0.000000000000000000 ) ) ;
#2898 = EDGE_LOOP ( 'NONE', ( #131, #1845, #1668, #3210 ) ) ;
#2899 = LINE ( 'NONE', #1037, #1827 ) ;
#2900 = ORIENTED_EDGE ( 'NONE', *, *, #426, .F. ) ;
#2901 = EDGE_CURVE ( 'NONE', #405, #2341, #1526, .T. ) ;
#2902 = CARTESIAN_POINT ( 'NONE',  ( 28.44335534671500199, 25.69534925070499298, 3.200000000000000178 ) ) ;
#2903 = EDGE_CURVE ( 'NONE', #2544, #621, #2764, .T. ) ;
#2904 = EDGE_LOOP ( 'NONE', ( #3130, #96, #1718, #1329 ) ) ;
#2905 = CARTESIAN_POINT ( 'NONE',  ( 25.43065786132000383, -24.31734823469000162, -4.500000000000000000 ) ) ;
#2906 = VERTEX_POINT ( 'NONE', #352 ) ;
#2907 = CARTESIAN_POINT ( 'NONE',  ( -22.56934213868000683, 25.68265176531000193, -0.8300000928932848021 ) ) ;
#2908 = ORIENTED_EDGE ( 'NONE', *, *, #126, .T. ) ;
#2909 = DIRECTION ( 'NONE',  ( 7.224192438321208153E-17, -1.000000000000000000, -0.000000000000000000 ) ) ;
#2910 = ORIENTED_EDGE ( 'NONE', *, *, #1222, .T. ) ;
#2911 = LINE ( 'NONE', #135, #1382 ) ;
#2912 = CARTESIAN_POINT ( 'NONE',  ( -3.619342138679993770, -19.61734823469000588, -2.000000000000000000 ) ) ;
#2913 = CARTESIAN_POINT ( 'NONE',  ( 21.43065786132000028, -20.11734823469000233, -3.499999999999999556 ) ) ;
#2914 = VERTEX_POINT ( 'NONE', #3366 ) ;
#2915 = CARTESIAN_POINT ( 'NONE',  ( 13.43065786132000206, -24.71734823469000020, 2.799999999999999822 ) ) ;
#2916 = ORIENTED_EDGE ( 'NONE', *, *, #1070, .T. ) ;
#2917 = DIRECTION ( 'NONE',  ( -0.000000000000000000, -0.000000000000000000, 1.000000000000000000 ) ) ;
#2918 = EDGE_CURVE ( 'NONE', #2684, #3758, #2134, .T. ) ;
#2919 = EDGE_CURVE ( 'NONE', #2791, #2393, #3686, .T. ) ;
#2920 = EDGE_LOOP ( 'NONE', ( #766, #2597, #3241, #3908 ) ) ;
#2921 = CARTESIAN_POINT ( 'NONE',  ( 12.48065786131999744, -24.31734823469000162, -2.000000000000000000 ) ) ;
#2922 = DIRECTION ( 'NONE',  ( -2.595206220084261201E-16, 1.000000000000000000, 0.000000000000000000 ) ) ;
#2923 = EDGE_LOOP ( 'NONE', ( #1348, #3591, #1227, #3938 ) ) ;
#2924 = DIRECTION ( 'NONE',  ( 0.000000000000000000, 0.000000000000000000, 1.000000000000000000 ) ) ;
#2925 = EDGE_CURVE ( 'NONE', #970, #1746, #2741, .T. ) ;
#2926 = ORIENTED_EDGE ( 'NONE', *, *, #1590, .F. ) ;
#2927 = CARTESIAN_POINT ( 'NONE',  ( 21.43065786132000028, -23.51734823469000446, -1.499999999999999556 ) ) ;
#2928 = EDGE_CURVE ( 'NONE', #3088, #291, #3508, .T. ) ;
#2929 = AXIS2_PLACEMENT_3D ( 'NONE', #51, #3042, #1881 ) ;
#2930 = AXIS2_PLACEMENT_3D ( 'NONE', #3681, #3988, #1500 ) ;
#2931 = ORIENTED_EDGE ( 'NONE', *, *, #149, .F. ) ;
#2932 = EDGE_CURVE ( 'NONE', #3495, #402, #614, .T. ) ;
#2933 = PLANE ( 'NONE',  #1573 ) ;
#2934 = LINE ( 'NONE', #158, #2225 ) ;
#2935 = LINE ( 'NONE', #159, #818 ) ;
#2936 = CIRCLE ( 'NONE', #1509, 1.199999999999999734 ) ;
#2937 = AXIS2_PLACEMENT_3D ( 'NONE', #519, #3295, #561 ) ;
#2938 = VERTEX_POINT ( 'NONE', #2782 ) ;
#2939 =( GEOMETRIC_REPRESENTATION_CONTEXT ( 3 ) GLOBAL_UNCERTAINTY_ASSIGNED_CONTEXT ( ( #1909 ) ) GLOBAL_UNIT_ASSIGNED_CONTEXT ( ( #2786, #1595, #1349 ) ) REPRESENTATION_CONTEXT ( 'NONE', 'WORKASPACE' ) );
#2940 = AXIS2_PLACEMENT_3D ( 'NONE', #3793, #1608, #2315 ) ;
#2941 = CARTESIAN_POINT ( 'NONE',  ( -20.56934213868000327, 26.68265176530999838, 3.200000000000000622 ) ) ;
#2942 = ORIENTED_EDGE ( 'NONE', *, *, #3317, .F. ) ;
#2943 = DIRECTION ( 'NONE',  ( -1.000000000000000000, -0.000000000000000000, -0.000000000000000000 ) ) ;
#2944 = ORIENTED_EDGE ( 'NONE', *, *, #2707, .F. ) ;
#2945 = PLANE ( 'NONE',  #2416 ) ;
#2946 = LINE ( 'NONE', #230, #2344 ) ;
#2947 = ORIENTED_EDGE ( 'NONE', *, *, #1048, .T. ) ;
#2948 = FACE_BOUND ( 'NONE', #3942, .T. ) ;
#2949 = EDGE_LOOP ( 'NONE', ( #2400, #3277, #1368, #1394, #1156 ) ) ;
#2950 = DIRECTION ( 'NONE',  ( -0.000000000000000000, -0.000000000000000000, 1.000000000000000000 ) ) ;
#2951 = VECTOR ( 'NONE', #3058, 1000.000000000000000 ) ;
#2952 = CARTESIAN_POINT ( 'NONE',  ( 11.23065786132000099, -24.71734823469000020, 2.799999999999999822 ) ) ;
#2953 = EDGE_CURVE ( 'NONE', #1680, #3669, #2096, .T. ) ;
#2954 = ADVANCED_FACE ( 'NONE', ( #3409 ), #635, .T. ) ;
#2955 = AXIS2_PLACEMENT_3D ( 'NONE', #3357, #299, #2164 ) ;
#2956 = VERTEX_POINT ( 'NONE', #2616 ) ;
#2957 = CARTESIAN_POINT ( 'NONE',  ( -12.56934213867999617, -20.11734823469000943, -1.499999999999999556 ) ) ;
#2958 = DIRECTION ( 'NONE',  ( 0.000000000000000000, 0.000000000000000000, 1.000000000000000000 ) ) ;
#2959 = LINE ( 'NONE', #1398, #1017 ) ;
#2960 = ORIENTED_EDGE ( 'NONE', *, *, #1986, .T. ) ;
#2961 = LINE ( 'NONE', #1556, #1574 ) ;
#2962 = ORIENTED_EDGE ( 'NONE', *, *, #2081, .T. ) ;
#2963 = CARTESIAN_POINT ( 'NONE',  ( 11.23065786132000099, 28.08265176530999341, 1.600000000000000311 ) ) ;
#2964 = ORIENTED_EDGE ( 'NONE', *, *, #740, .T. ) ;
#2965 = DIRECTION ( 'NONE',  ( 1.000000000000000000, 0.000000000000000000, 0.000000000000000000 ) ) ;
#2966 = LINE ( 'NONE', #2984, #1123 ) ;
#2967 = VERTEX_POINT ( 'NONE', #1679 ) ;
#2968 = FACE_OUTER_BOUND ( 'NONE', #249, .T. ) ;
#2969 = ORIENTED_EDGE ( 'NONE', *, *, #2517, .T. ) ;
#2970 = FACE_OUTER_BOUND ( 'NONE', #2621, .T. ) ;
#2971 = ORIENTED_EDGE ( 'NONE', *, *, #1667, .T. ) ;
#2972 = ADVANCED_FACE ( 'NONE', ( #3182 ), #69, .T. ) ;
#2973 = EDGE_CURVE ( 'NONE', #1532, #2198, #709, .T. ) ;
#2974 = DIRECTION ( 'NONE',  ( -1.000000000000000000, -5.645626090230307733E-14, -0.000000000000000000 ) ) ;
#2975 = CYLINDRICAL_SURFACE ( 'NONE', #536, 1.000000000000001554 ) ;
#2976 = LINE ( 'NONE', #2308, #1596 ) ;
#2977 = VERTEX_POINT ( 'NONE', #2561 ) ;
#2978 = CARTESIAN_POINT ( 'NONE',  ( -12.56934213867999617, -24.31734823469000162, -0.4999999999999995559 ) ) ;
#2979 = CARTESIAN_POINT ( 'NONE',  ( -21.96934213868076213, -13.41734823468991600, 2.799999999999996270 ) ) ;
#2980 = CARTESIAN_POINT ( 'NONE',  ( -21.96934213868063779, -11.21734823468991493, 1.599999999999996980 ) ) ;
#2981 = ORIENTED_EDGE ( 'NONE', *, *, #1147, .T. ) ;
#2982 = DIRECTION ( 'NONE',  ( 0.000000000000000000, 0.000000000000000000, 1.000000000000000000 ) ) ;
#2983 = ADVANCED_FACE ( 'NONE', ( #406 ), #3821, .T. ) ;
#2984 = CARTESIAN_POINT ( 'NONE',  ( -21.96934213867918828, 14.58265176531008045, 2.799999999999998934 ) ) ;
#2985 = EDGE_LOOP ( 'NONE', ( #208, #1088, #494, #1931 ) ) ;
#2986 = FACE_OUTER_BOUND ( 'NONE', #1927, .T. ) ;
#2987 = ORIENTED_EDGE ( 'NONE', *, *, #676, .F. ) ;
#2988 = DIRECTION ( 'NONE',  ( 0.000000000000000000, 0.000000000000000000, -1.000000000000000000 ) ) ;
#2989 = DIRECTION ( 'NONE',  ( -0.9284766908852596368, -0.3713906763541031109, 0.000000000000000000 ) ) ;
#2990 = EDGE_LOOP ( 'NONE', ( #3973, #351, #317, #1562 ) ) ;
#2991 = LINE ( 'NONE', #1477, #800 ) ;
#2992 = DIRECTION ( 'NONE',  ( -0.9659258262890669799, -2.506776712525416488E-16, 0.2588190451025257910 ) ) ;
#2993 = DIRECTION ( 'NONE',  ( -0.2588190451025257910, 0.000000000000000000, 0.9659258262890668689 ) ) ;
#2994 = EDGE_CURVE ( 'NONE', #2119, #1431, #1039, .T. ) ;
#2995 = VECTOR ( 'NONE', #707, 1000.000000000000000 ) ;
#2996 = VERTEX_POINT ( 'NONE', #3465 ) ;
#2997 = VECTOR ( 'NONE', #1220, 1000.000000000000114 ) ;
#2998 = LINE ( 'NONE', #2310, #1251 ) ;
#2999 = CIRCLE ( 'NONE', #3505, 2.000000000000001776 ) ;
#3000 = LINE ( 'NONE', #3322, #3513 ) ;
#3001 = EDGE_CURVE ( 'NONE', #3924, #1431, #2593, .T. ) ;
#3002 = EDGE_CURVE ( 'NONE', #2781, #3502, #2617, .T. ) ;
#3003 = EDGE_CURVE ( 'NONE', #355, #3830, #3519, .T. ) ;
#3004 = VECTOR ( 'NONE', #1587, 1000.000000000000000 ) ;
#3005 = AXIS2_PLACEMENT_3D ( 'NONE', #758, #3874, #1994 ) ;
#3006 = PLANE ( 'NONE',  #764 ) ;
#3007 = CARTESIAN_POINT ( 'NONE',  ( -4.819342138679993504, -19.31734823469000517, -1.999999999999999556 ) ) ;
#3008 = CARTESIAN_POINT ( 'NONE',  ( 21.43065786132000028, -23.51734823469000446, -3.499999999999999556 ) ) ;
#3009 = VERTEX_POINT ( 'NONE', #1325 ) ;
#3010 = CARTESIAN_POINT ( 'NONE',  ( 25.43065786132000383, -19.31734823469000162, -0.4999999999999995559 ) ) ;
#3011 = VECTOR ( 'NONE', #2237, 1000.000000000000000 ) ;
#3012 = VECTOR ( 'NONE', #2989, 1000.000000000000000 ) ;
#3013 = EDGE_LOOP ( 'NONE', ( #3311, #3413, #3696, #334 ) ) ;
#3014 = CARTESIAN_POINT ( 'NONE',  ( -21.96934213867918828, 14.58265176531008045, 1.599999999999999867 ) ) ;
#3015 = CARTESIAN_POINT ( 'NONE',  ( -21.46934213868000896, -22.32734823469001029, 3.200000000000000178 ) ) ;
#3016 = AXIS2_PLACEMENT_3D ( 'NONE', #3533, #481, #1692 ) ;
#3017 = ORIENTED_EDGE ( 'NONE', *, *, #1756, .T. ) ;
#3018 = DIRECTION ( 'NONE',  ( 0.000000000000000000, -0.000000000000000000, 1.000000000000000000 ) ) ;
#3019 = AXIS2_PLACEMENT_3D ( 'NONE', #191, #254, #1429 ) ;
#3020 = CARTESIAN_POINT ( 'NONE',  ( 12.48065786131999744, -19.61734823469000233, -2.000000000000000000 ) ) ;
#3021 = ORIENTED_EDGE ( 'NONE', *, *, #1975, .T. ) ;
#3022 = DIRECTION ( 'NONE',  ( 5.703228892670392522E-14, -1.000000000000000000, -3.942553354492742545E-16 ) ) ;
#3023 = CARTESIAN_POINT ( 'NONE',  ( -3.619342138679991994, -24.01734823469000446, -2.000000000000000000 ) ) ;
#3024 = DIRECTION ( 'NONE',  ( -1.000000000000000000, -0.000000000000000000, -0.000000000000000000 ) ) ;
#3025 = DIRECTION ( 'NONE',  ( -0.000000000000000000, -2.891205793294678622E-15, 1.000000000000000000 ) ) ;
#3026 = ADVANCED_FACE ( 'NONE', ( #694 ), #1083, .F. ) ;
#3027 = ADVANCED_FACE ( 'NONE', ( #1380 ), #3539, .F. ) ;
#3028 = CARTESIAN_POINT ( 'NONE',  ( 12.48065786131999744, -24.31734823469000162, -1.399999999999999911 ) ) ;
#3029 = ORIENTED_EDGE ( 'NONE', *, *, #2280, .F. ) ;
#3030 = DIRECTION ( 'NONE',  ( -0.3713906763541028888, 0.9284766908852596368, 0.000000000000000000 ) ) ;
#3031 = ORIENTED_EDGE ( 'NONE', *, *, #1275, .F. ) ;
#3032 = PLANE ( 'NONE',  #2109 ) ;
#3033 = CARTESIAN_POINT ( 'NONE',  ( 30.83065786131918529, 14.58265176531008755, 2.799999999999998934 ) ) ;
#3034 = ORIENTED_EDGE ( 'NONE', *, *, #133, .F. ) ;
#3035 = DIRECTION ( 'NONE',  ( -2.595206220084261201E-16, 1.000000000000000000, 0.000000000000000000 ) ) ;
#3036 = PLANE ( 'NONE',  #108 ) ;
#3037 = ORIENTED_EDGE ( 'NONE', *, *, #761, .F. ) ;
#3038 = DIRECTION ( 'NONE',  ( 0.000000000000000000, -1.000000000000000000, 0.000000000000000000 ) ) ;
#3039 = LINE ( 'NONE', #1283, #3399 ) ;
#3040 = LINE ( 'NONE', #3666, #3691 ) ;
#3041 = CARTESIAN_POINT ( 'NONE',  ( 12.48065786131999744, -19.61734823469000233, -2.000000000000000000 ) ) ;
#3042 = DIRECTION ( 'NONE',  ( 1.000000000000000000, 2.595206220084261201E-16, -0.000000000000000000 ) ) ;
#3043 = ORIENTED_EDGE ( 'NONE', *, *, #2107, .T. ) ;
#3044 = DIRECTION ( 'NONE',  ( -1.000000000000000000, -7.224192438321208153E-17, 0.000000000000000000 ) ) ;
#3045 = EDGE_CURVE ( 'NONE', #842, #723, #3496, .T. ) ;
#3046 = EDGE_CURVE ( 'NONE', #3263, #291, #1455, .T. ) ;
#3047 = ORIENTED_EDGE ( 'NONE', *, *, #774, .F. ) ;
#3048 = CARTESIAN_POINT ( 'NONE',  ( -21.96934213867906394, 16.78265176531008152, 2.799999999999999822 ) ) ;
#3049 = LINE ( 'NONE', #2154, #869 ) ;
#3050 = EDGE_CURVE ( 'NONE', #1627, #964, #3713, .T. ) ;
#3051 = EDGE_LOOP ( 'NONE', ( #3239, #1040, #74, #3529 ) ) ;
#3052 = CARTESIAN_POINT ( 'NONE',  ( 11.23065786132000099, 28.08265176530999341, 2.799999999999999822 ) ) ;
#3053 = DIRECTION ( 'NONE',  ( -2.595206220084261201E-16, 1.000000000000000000, 0.000000000000000000 ) ) ;
#3054 = EDGE_CURVE ( 'NONE', #1605, #2119, #2539, .T. ) ;
#3055 = ORIENTED_EDGE ( 'NONE', *, *, #1435, .T. ) ;
#3056 = VERTEX_POINT ( 'NONE', #3165 ) ;
#3057 = FACE_OUTER_BOUND ( 'NONE', #3950, .T. ) ;
#3058 = DIRECTION ( 'NONE',  ( 1.000000000000000000, 2.595206220084261201E-16, 0.000000000000000000 ) ) ;
#3059 = CARTESIAN_POINT ( 'NONE',  ( -12.56934213868000327, 17.54265188916871665, -2.029999999999998472 ) ) ;
#3060 = CIRCLE ( 'NONE', #1761, 1.000000000000001776 ) ;
#3061 = VECTOR ( 'NONE', #3025, 1000.000000000000000 ) ;
#3062 = DIRECTION ( 'NONE',  ( 0.000000000000000000, 0.000000000000000000, -1.000000000000000000 ) ) ;
#3063 = CARTESIAN_POINT ( 'NONE',  ( 23.43065786132000028, -24.51734823469000446, -2.499999999999999556 ) ) ;
#3064 = ORIENTED_EDGE ( 'NONE', *, *, #2574, .F. ) ;
#3065 = DIRECTION ( 'NONE',  ( -1.000000000000000000, 0.000000000000000000, 0.000000000000000000 ) ) ;
#3066 = CIRCLE ( 'NONE', #1516, 2.000000000000001776 ) ;
#3067 = AXIS2_PLACEMENT_3D ( 'NONE', #361, #2139, #954 ) ;
#3068 = ORIENTED_EDGE ( 'NONE', *, *, #1683, .T. ) ;
#3069 = DIRECTION ( 'NONE',  ( 1.000000000000000000, 0.000000000000000000, 0.000000000000000000 ) ) ;
#3070 = VECTOR ( 'NONE', #3393, 1000.000000000000000 ) ;
#3071 = CARTESIAN_POINT ( 'NONE',  ( 23.43065786132000028, -28.34577535943619964, -2.499999999999999556 ) ) ;
#3072 = VECTOR ( 'NONE', #1158, 1000.000000000000000 ) ;
#3073 = CARTESIAN_POINT ( 'NONE',  ( 10.35065786131999310, 26.68265176530999838, -3.499999999999999556 ) ) ;
#3074 = ORIENTED_EDGE ( 'NONE', *, *, #227, .T. ) ;
#3075 = CARTESIAN_POINT ( 'NONE',  ( -3.619342138679993770, -19.61734823469000588, -1.399999999999999911 ) ) ;
#3076 = ADVANCED_FACE ( 'NONE', ( #389 ), #1624, .T. ) ;
#3077 = EDGE_CURVE ( 'NONE', #1917, #3830, #3530, .T. ) ;
#3078 = DIRECTION ( 'NONE',  ( 0.000000000000000000, 1.000000000000000000, 1.182766006347823109E-16 ) ) ;
#3079 = VERTEX_POINT ( 'NONE', #2254 ) ;
#3080 = VERTEX_POINT ( 'NONE', #2066 ) ;
#3081 = AXIS2_PLACEMENT_3D ( 'NONE', #2963, #183, #1463 ) ;
#3082 = DIRECTION ( 'NONE',  ( -0.000000000000000000, 0.000000000000000000, -1.000000000000000000 ) ) ;
#3083 = LINE ( 'NONE', #2472, #1527 ) ;
#3084 = AXIS2_PLACEMENT_3D ( 'NONE', #1796, #2715, #1199 ) ;
#3085 = LINE ( 'NONE', #2535, #1890 ) ;
#3086 = CARTESIAN_POINT ( 'NONE',  ( -3.619342138679991994, -24.01734823469000446, -2.000000000000000000 ) ) ;
#3087 = CARTESIAN_POINT ( 'NONE',  ( -22.56934213868000327, 16.34265182723986243, -0.8299999690355729376 ) ) ;
#3088 = VERTEX_POINT ( 'NONE', #1101 ) ;
#3089 = CARTESIAN_POINT ( 'NONE',  ( 21.43065786132000028, -20.11734823468999878, -0.5000000000000001110 ) ) ;
#3090 = ORIENTED_EDGE ( 'NONE', *, *, #1755, .F. ) ;
#3091 = LINE ( 'NONE', #2506, #2362 ) ;
#3092 = FILL_AREA_STYLE_COLOUR ( '', #2165 ) ;
#3093 = ORIENTED_EDGE ( 'NONE', *, *, #3805, .F. ) ;
#3094 = CARTESIAN_POINT ( 'NONE',  ( -3.619342138679991994, -24.31734823469000517, -2.000000000000000000 ) ) ;
#3095 = FACE_OUTER_BOUND ( 'NONE', #2309, .T. ) ;
#3096 = EDGE_CURVE ( 'NONE', #2075, #206, #3000, .T. ) ;
#3097 = EDGE_CURVE ( 'NONE', #814, #3088, #485, .T. ) ;
#3098 = ORIENTED_EDGE ( 'NONE', *, *, #498, .F. ) ;
#3099 = ORIENTED_EDGE ( 'NONE', *, *, #3002, .T. ) ;
#3100 = FACE_BOUND ( 'NONE', #3843, .T. ) ;
#3101 = LINE ( 'NONE', #323, #295 ) ;
#3102 = DIRECTION ( 'NONE',  ( 0.000000000000000000, -1.000000000000000000, 0.000000000000000000 ) ) ;
#3103 = DIRECTION ( 'NONE',  ( 1.000000000000000000, 2.595206220084261201E-16, 0.000000000000000000 ) ) ;
#3104 = CARTESIAN_POINT ( 'NONE',  ( 23.43065786132000028, -23.51734823469000446, -2.499999999999999556 ) ) ;
#3105 =( BOUNDED_CURVE ( )  B_SPLINE_CURVE ( 3, ( #598, #3998, #1235, #2468 ),
 .UNSPECIFIED., .F., .F. ) 
 B_SPLINE_CURVE_WITH_KNOTS ( ( 4, 4 ),
 ( 4.712388980384689674, 6.283185307179586232 ),
 .UNSPECIFIED. ) 
 CURVE ( )  GEOMETRIC_REPRESENTATION_ITEM ( )  RATIONAL_B_SPLINE_CURVE ( ( 1.000000000000000000, 0.8047378541243649375, 0.8047378541243649375, 1.000000000000000000 ) ) 
 REPRESENTATION_ITEM ( '' )  );
#3106 = EDGE_LOOP ( 'NONE', ( #3807, #1127, #615, #1967 ) ) ;
#3107 = FACE_OUTER_BOUND ( 'NONE', #661, .T. ) ;
#3108 = EDGE_CURVE ( 'NONE', #3385, #2411, #811, .T. ) ;
#3109 = ORIENTED_EDGE ( 'NONE', *, *, #2691, .F. ) ;
#3110 = CARTESIAN_POINT ( 'NONE',  ( 12.48065786131999744, -19.61734823469000233, -1.399999999999999911 ) ) ;
#3111 = FACE_OUTER_BOUND ( 'NONE', #2729, .T. ) ;
#3112 = ORIENTED_EDGE ( 'NONE', *, *, #695, .T. ) ;
#3113 = CARTESIAN_POINT ( 'NONE',  ( -21.46934213868063779, -11.21734823468994335, 1.599999999999996980 ) ) ;
#3114 = CLOSED_SHELL ( 'NONE', ( #789, #2776, #1495, #2651, #3230, #2852, #3718, #33, #2509, #1735, #2853, #2727, #1891, #1589, #1243, #2508, #1371, #1633, #2761, #1858, #1345, #2650, #2115, #348, #2874, #2033, #3026, #184, #3170, #357, #1467, #469, #2983, #10, #3877, #2432, #996, #379, #984, #2187, #461, #1658, #1155, #820, #251, #3302, #2832, #3665, #3882, #2408, #300, #2038, #3806, #3762, #3932, #3719, #3395, #3120, #2754, #3220, #397, #2972, #198, #2579, #2557, #768, #3647, #324, #2000, #2409, #1319, #568, #3419, #714, #3512, #549, #2702, #2256, #2329, #1557, #1514, #960, #2954, #1176, #950, #3710, #3076, #2255, #3027, #1121, #2637, #3225, #2749, #1119, #3941, #788, #3664, #2264, #1535, #1276, #3981, #1449, #425, #1361, #3933, #312, #951, #1096, #649, #174, #762, #1468, #1707, #3540, #1901, #2480, #2458, #3195, #2814, #913, #624, #3128, #3520, #4, #2431, #113, #1110, #601, #121, #2512, #1487 ) ) ;
#3115 = ORIENTED_EDGE ( 'NONE', *, *, #1296, .T. ) ;
#3116 = DIRECTION ( 'NONE',  ( 7.503275258302001123E-31, -2.891205793294678622E-15, 1.000000000000000000 ) ) ;
#3117 = ORIENTED_EDGE ( 'NONE', *, *, #527, .F. ) ;
#3118 = ORIENTED_EDGE ( 'NONE', *, *, #2973, .T. ) ;
#3119 = CARTESIAN_POINT ( 'NONE',  ( -21.46934213867918828, 14.58265176531005380, 1.599999999999999867 ) ) ;
#3120 = ADVANCED_FACE ( 'NONE', ( #851 ), #3944, .F. ) ;
#3121 = CARTESIAN_POINT ( 'NONE',  ( 30.33065786132000596, 25.69534925070499298, 3.200000000000000178 ) ) ;
#3122 = LINE ( 'NONE', #285, #2086 ) ;
#3123 = CARTESIAN_POINT ( 'NONE',  ( -4.819342138679991727, -24.01734823469000446, -1.999999999999999556 ) ) ;
#3124 = CARTESIAN_POINT ( 'NONE',  ( -22.56934213868000327, 26.68265176530999838, 3.200000000000000178 ) ) ;
#3125 = ORIENTED_EDGE ( 'NONE', *, *, #696, .T. ) ;
#3126 = EDGE_CURVE ( 'NONE', #2378, #3671, #785, .T. ) ;
#3127 = DIRECTION ( 'NONE',  ( 0.000000000000000000, 0.000000000000000000, 1.000000000000000000 ) ) ;
#3128 = ADVANCED_FACE ( 'NONE', ( #1722 ), #3301, .F. ) ;
#3129 = AXIS2_PLACEMENT_3D ( 'NONE', #1185, #2418, #528 ) ;
#3130 = ORIENTED_EDGE ( 'NONE', *, *, #3296, .T. ) ;
#3131 = APPLICATION_PROTOCOL_DEFINITION ( 'draft international standard', 'automotive_design', 1998, #376 ) ;
#3132 = LINE ( 'NONE', #2483, #678 ) ;
#3133 = LINE ( 'NONE', #3826, #1388 ) ;
#3134 = VECTOR ( 'NONE', #2464, 1000.000000000000000 ) ;
#3135 = AXIS2_PLACEMENT_3D ( 'NONE', #3572, #3035, #3337 ) ;
#3136 = VECTOR ( 'NONE', #2340, 1000.000000000000000 ) ;
#3137 = ORIENTED_EDGE ( 'NONE', *, *, #1413, .F. ) ;
#3138 = CARTESIAN_POINT ( 'NONE',  ( 28.44335534671500199, 27.58265176530999696, 3.200000000000000178 ) ) ;
#3139 = VECTOR ( 'NONE', #2884, 1000.000000000000000 ) ;
#3140 = ORIENTED_EDGE ( 'NONE', *, *, #518, .T. ) ;
#3141 = ORIENTED_EDGE ( 'NONE', *, *, #656, .T. ) ;
#3142 = LINE ( 'NONE', #704, #2421 ) ;
#3143 = LINE ( 'NONE', #385, #3847 ) ;
#3144 = CARTESIAN_POINT ( 'NONE',  ( 10.35065786131999310, 28.68265176530999483, 0.1000000000000002554 ) ) ;
#3145 = AXIS2_PLACEMENT_3D ( 'NONE', #2497, #1205, #912 ) ;
#3146 = DIRECTION ( 'NONE',  ( 0.000000000000000000, -0.000000000000000000, 1.000000000000000000 ) ) ;
#3147 = ORIENTED_EDGE ( 'NONE', *, *, #1675, .T. ) ;
#3148 = DIRECTION ( 'NONE',  ( -1.000000000000000000, 0.000000000000000000, 0.000000000000000000 ) ) ;
#3149 = AXIS2_PLACEMENT_3D ( 'NONE', #902, #945, #1529 ) ;
#3150 = EDGE_CURVE ( 'NONE', #2967, #2883, #1781, .T. ) ;
#3151 = EDGE_CURVE ( 'NONE', #12, #3056, #3283, .T. ) ;
#3152 = EDGE_LOOP ( 'NONE', ( #3421, #3215, #1008, #2889 ) ) ;
#3153 = CARTESIAN_POINT ( 'NONE',  ( -17.24113890840450836, -27.65845295633035406, -4.500000000000000000 ) ) ;
#3154 = ORIENTED_EDGE ( 'NONE', *, *, #349, .T. ) ;
#3155 = CARTESIAN_POINT ( 'NONE',  ( 29.43065786132000028, -23.31734823469000517, 3.200000000000000622 ) ) ;
#3156 = ORIENTED_EDGE ( 'NONE', *, *, #3394, .F. ) ;
#3157 = DIRECTION ( 'NONE',  ( 1.000000000000000000, 0.000000000000000000, -1.807003620809179809E-16 ) ) ;
#3158 = ORIENTED_EDGE ( 'NONE', *, *, #2217, .T. ) ;
#3159 = LINE ( 'NONE', #664, #792 ) ;
#3160 = LINE ( 'NONE', #63, #3257 ) ;
#3161 = DIRECTION ( 'NONE',  ( -0.000000000000000000, -0.000000000000000000, -1.000000000000000000 ) ) ;
#3162 = ORIENTED_EDGE ( 'NONE', *, *, #2130, .F. ) ;
#3163 = DIRECTION ( 'NONE',  ( 2.595206220084261201E-16, -1.000000000000000000, -0.000000000000000000 ) ) ;
#3164 = ORIENTED_EDGE ( 'NONE', *, *, #1223, .F. ) ;
#3165 = CARTESIAN_POINT ( 'NONE',  ( -15.56934213867999794, -23.51734823469001157, -2.499999999999999556 ) ) ;
#3166 = ORIENTED_EDGE ( 'NONE', *, *, #3683, .F. ) ;
#3167 = DIRECTION ( 'NONE',  ( 0.000000000000000000, 0.000000000000000000, 1.000000000000000000 ) ) ;
#3168 = VERTEX_POINT ( 'NONE', #2979 ) ;
#3169 = CARTESIAN_POINT ( 'NONE',  ( 30.33065786131918173, 14.58265176531006091, 2.799999999999998934 ) ) ;
#3170 = ADVANCED_FACE ( 'NONE', ( #3926 ), #2636, .F. ) ;
#3171 = ORIENTED_EDGE ( 'NONE', *, *, #2574, .T. ) ;
#3172 = LINE ( 'NONE', #1651, #671 ) ;
#3173 = EDGE_CURVE ( 'NONE', #663, #3671, #1143, .T. ) ;
#3174 = EDGE_LOOP ( 'NONE', ( #2578, #1, #2641, #459 ) ) ;
#3175 = LINE ( 'NONE', #2855, #40 ) ;
#3176 = DIRECTION ( 'NONE',  ( -1.000000000000000000, 0.000000000000000000, 3.614007241618349264E-16 ) ) ;
#3177 = LINE ( 'NONE', #401, #234 ) ;
#3178 = EDGE_CURVE ( 'NONE', #516, #2812, #3558, .T. ) ;
#3179 = ORIENTED_EDGE ( 'NONE', *, *, #1203, .F. ) ;
#3180 = LINE ( 'NONE', #981, #3444 ) ;
#3181 = ORIENTED_EDGE ( 'NONE', *, *, #271, .T. ) ;
#3182 = FACE_OUTER_BOUND ( 'NONE', #3685, .T. ) ;
#3183 = ORIENTED_EDGE ( 'NONE', *, *, #3613, .F. ) ;
#3184 = CARTESIAN_POINT ( 'NONE',  ( 8.861315722640004111, -24.01734823469000091, 0.000000000000000000 ) ) ;
#3185 = VERTEX_POINT ( 'NONE', #2413 ) ;
#3186 = CARTESIAN_POINT ( 'NONE',  ( -12.56934213867999617, -23.51734823469001157, -0.4999999999999995559 ) ) ;
#3187 = AXIS2_PLACEMENT_3D ( 'NONE', #3063, #1266, #1524 ) ;
#3188 = ORIENTED_EDGE ( 'NONE', *, *, #3367, .F. ) ;
#3189 = LINE ( 'NONE', #418, #3901 ) ;
#3190 = VECTOR ( 'NONE', #3946, 1000.000000000000000 ) ;
#3191 = VECTOR ( 'NONE', #3470, 1000.000000000000000 ) ;
#3192 = VECTOR ( 'NONE', #2511, 1000.000000000000000 ) ;
#3193 = EDGE_CURVE ( 'NONE', #1910, #825, #3642, .T. ) ;
#3194 = VERTEX_POINT ( 'NONE', #1120 ) ;
#3195 = ADVANCED_FACE ( 'NONE', ( #1740 ), #2350, .F. ) ;
#3196 = EDGE_CURVE ( 'NONE', #2196, #3194, #2367, .T. ) ;
#3197 = CARTESIAN_POINT ( 'NONE',  ( 21.43065786132000028, -23.51734823469000446, -1.499999999999999556 ) ) ;
#3198 = VECTOR ( 'NONE', #2917, 1000.000000000000000 ) ;
#3199 = DIRECTION ( 'NONE',  ( -0.000000000000000000, 1.000000000000000000, -0.000000000000000000 ) ) ;
#3200 = VECTOR ( 'NONE', #592, 1000.000000000000000 ) ;
#3201 = PLANE ( 'NONE',  #1273 ) ;
#3202 = ORIENTED_EDGE ( 'NONE', *, *, #2331, .T. ) ;
#3203 = VECTOR ( 'NONE', #1934, 1000.000000000000000 ) ;
#3204 = DIRECTION ( 'NONE',  ( 0.000000000000000000, 0.000000000000000000, -1.000000000000000000 ) ) ;
#3205 = ORIENTED_EDGE ( 'NONE', *, *, #2305, .F. ) ;
#3206 = CARTESIAN_POINT ( 'NONE',  ( -22.56934213867999617, -25.31734823469000517, -2.729999969035571628 ) ) ;
#3207 = VECTOR ( 'NONE', #242, 1000.000000000000000 ) ;
#3208 = VERTEX_POINT ( 'NONE', #1403 ) ;
#3209 = PLANE ( 'NONE',  #83 ) ;
#3210 = ORIENTED_EDGE ( 'NONE', *, *, #3535, .T. ) ;
#3211 = CIRCLE ( 'NONE', #2955, 1.000000000000001776 ) ;
#3212 = CARTESIAN_POINT ( 'NONE',  ( -22.56934213867999617, -23.31734823469000872, -4.500000000000000000 ) ) ;
#3213 = ORIENTED_EDGE ( 'NONE', *, *, #3439, .F. ) ;
#3214 = DIRECTION ( 'NONE',  ( 5.619674028029464554E-14, 1.000000000000000000, 0.000000000000000000 ) ) ;
#3215 = ORIENTED_EDGE ( 'NONE', *, *, #3096, .T. ) ;
#3216 = CARTESIAN_POINT ( 'NONE',  ( 22.23065786131999744, 0.000000000000000000, -4.500000000000000000 ) ) ;
#3217 = DIRECTION ( 'NONE',  ( 9.856383386231856362E-17, -7.120441032801096536E-33, 1.000000000000000000 ) ) ;
#3218 = LINE ( 'NONE', #1356, #2821 ) ;
#3219 = EDGE_CURVE ( 'NONE', #1504, #1532, #1438, .T. ) ;
#3220 = ADVANCED_FACE ( 'NONE', ( #1145 ), #2376, .T. ) ;
#3221 = ORIENTED_EDGE ( 'NONE', *, *, #1634, .T. ) ;
#3222 = CARTESIAN_POINT ( 'NONE',  ( -13.56934213867999617, -23.91734823469001014, -2.499999999999999556 ) ) ;
#3223 = ORIENTED_EDGE ( 'NONE', *, *, #3404, .F. ) ;
#3224 = CARTESIAN_POINT ( 'NONE',  ( -19.58203962407375798, 25.69534925070374953, -3.500000000000000000 ) ) ;
#3225 = ADVANCED_FACE ( 'NONE', ( #1581 ), #22, .F. ) ;
#3226 = ORIENTED_EDGE ( 'NONE', *, *, #2919, .T. ) ;
#3227 = FACE_OUTER_BOUND ( 'NONE', #2423, .T. ) ;
#3228 = ORIENTED_EDGE ( 'NONE', *, *, #1563, .T. ) ;
#3229 = LINE ( 'NONE', #2260, #2686 ) ;
#3230 = ADVANCED_FACE ( 'NONE', ( #3965, #630 ), #3727, .F. ) ;
#3231 = ORIENTED_EDGE ( 'NONE', *, *, #1682, .T. ) ;
#3232 = DIRECTION ( 'NONE',  ( -0.000000000000000000, 1.000000000000000000, -0.000000000000000000 ) ) ;
#3233 = VERTEX_POINT ( 'NONE', #1540 ) ;
#3234 = PLANE ( 'NONE',  #281 ) ;
#3235 = LINE ( 'NONE', #1114, #3962 ) ;
#3236 = CARTESIAN_POINT ( 'NONE',  ( -12.56934213867999617, -24.31734823469000872, -3.499999999999999556 ) ) ;
#3237 = ORIENTED_EDGE ( 'NONE', *, *, #2205, .F. ) ;
#3238 = DIRECTION ( 'NONE',  ( 0.000000000000000000, 0.000000000000000000, 1.000000000000000000 ) ) ;
#3239 = ORIENTED_EDGE ( 'NONE', *, *, #1841, .T. ) ;
#3240 = CARTESIAN_POINT ( 'NONE',  ( -13.98355570105309020, -23.75166280974077537, -3.500000000000001332 ) ) ;
#3241 = ORIENTED_EDGE ( 'NONE', *, *, #3559, .F. ) ;
#3242 = DIRECTION ( 'NONE',  ( 0.000000000000000000, 1.000000000000000000, 0.000000000000000000 ) ) ;
#3243 = EDGE_CURVE ( 'NONE', #2845, #1577, #2106, .T. ) ;
#3244 = EDGE_CURVE ( 'NONE', #2185, #786, #3083, .T. ) ;
#3245 = CARTESIAN_POINT ( 'NONE',  ( 21.43065786132000028, -19.31734823469000162, -0.4999999999999995559 ) ) ;
#3246 = ORIENTED_EDGE ( 'NONE', *, *, #2925, .T. ) ;
#3247 = DIRECTION ( 'NONE',  ( -5.519574696289839780E-14, -1.000000000000000000, -3.942553354492742545E-16 ) ) ;
#3248 = VERTEX_POINT ( 'NONE', #1876 ) ;
#3249 = DIRECTION ( 'NONE',  ( -1.000000000000000000, -7.224192438321206921E-17, -0.000000000000000000 ) ) ;
#3250 = PLANE ( 'NONE',  #3388 ) ;
#3251 = AXIS2_PLACEMENT_3D ( 'NONE', #2941, #181, #2045 ) ;
#3252 = VECTOR ( 'NONE', #1583, 1000.000000000000000 ) ;
#3253 = ORIENTED_EDGE ( 'NONE', *, *, #841, .F. ) ;
#3254 = LINE ( 'NONE', #3197, #1057 ) ;
#3255 = CARTESIAN_POINT ( 'NONE',  ( -21.46934213868000896, 17.54265188916871665, -2.029999999999998472 ) ) ;
#3256 = LINE ( 'NONE', #2649, #3722 ) ;
#3257 = VECTOR ( 'NONE', #1935, 1000.000000000000000 ) ;
#3258 = CIRCLE ( 'NONE', #2811, 1.887302514605004866 ) ;
#3259 = EDGE_LOOP ( 'NONE', ( #1289, #576, #2800, #1738 ) ) ;
#3260 = AXIS2_PLACEMENT_3D ( 'NONE', #3564, #1446, #793 ) ;
#3261 = AXIS2_PLACEMENT_3D ( 'NONE', #2258, #2580, #3482 ) ;
#3262 = DIRECTION ( 'NONE',  ( -0.000000000000000000, -1.000000000000000000, -0.000000000000000000 ) ) ;
#3263 = VERTEX_POINT ( 'NONE', #3361 ) ;
#3264 = CARTESIAN_POINT ( 'NONE',  ( 13.68065786131999673, -19.61734823469000233, -1.999999999999999556 ) ) ;
#3265 = ORIENTED_EDGE ( 'NONE', *, *, #997, .F. ) ;
#3266 = CARTESIAN_POINT ( 'NONE',  ( -19.57934213868000484, -22.32734823469001029, 3.200000000000000178 ) ) ;
#3267 = DIRECTION ( 'NONE',  ( 0.000000000000000000, -0.000000000000000000, -1.000000000000000000 ) ) ;
#3268 = ORIENTED_EDGE ( 'NONE', *, *, #1741, .F. ) ;
#3269 = FACE_OUTER_BOUND ( 'NONE', #2017, .T. ) ;
#3270 = EDGE_CURVE ( 'NONE', #2338, #1627, #2144, .T. ) ;
#3271 = EDGE_CURVE ( 'NONE', #1670, #2241, #341, .T. ) ;
#3272 = VERTEX_POINT ( 'NONE', #3663 ) ;
#3273 = CARTESIAN_POINT ( 'NONE',  ( 12.48065786131999744, -24.01734823469000091, -1.399999999999999911 ) ) ;
#3274 = VECTOR ( 'NONE', #979, 1000.000000000000000 ) ;
#3275 = PLANE ( 'NONE',  #1966 ) ;
#3276 = VECTOR ( 'NONE', #1230, 1000.000000000000000 ) ;
#3277 = ORIENTED_EDGE ( 'NONE', *, *, #3317, .T. ) ;
#3278 = CARTESIAN_POINT ( 'NONE',  ( -21.46934213868000896, -22.32734823469001029, 0.3699999999999966094 ) ) ;
#3279 = DIRECTION ( 'NONE',  ( -0.000000000000000000, -0.000000000000000000, -1.000000000000000000 ) ) ;
#3280 = CARTESIAN_POINT ( 'NONE',  ( 25.43065786132000383, -23.51734823469000446, -0.4999999999999995559 ) ) ;
#3281 = VERTEX_POINT ( 'NONE', #583 ) ;
#3282 = PLANE ( 'NONE',  #3894 ) ;
#3283 = LINE ( 'NONE', #2655, #1716 ) ;
#3284 = DIRECTION ( 'NONE',  ( -1.000000000000000000, -7.224192438321208153E-17, 0.000000000000000000 ) ) ;
#3285 = ORIENTED_EDGE ( 'NONE', *, *, #2836, .T. ) ;
#3286 = CARTESIAN_POINT ( 'NONE',  ( -21.46934213868075858, -13.41734823468994442, 1.599999999999996758 ) ) ;
#3287 = CARTESIAN_POINT ( 'NONE',  ( -12.56934213867999794, -19.31734823469001228, -1.499999999999999556 ) ) ;
#3288 = ORIENTED_EDGE ( 'NONE', *, *, #3557, .T. ) ;
#3289 = PLANE ( 'NONE',  #3390 ) ;
#3290 = ORIENTED_EDGE ( 'NONE', *, *, #3193, .T. ) ;
#3291 = CARTESIAN_POINT ( 'NONE',  ( 1.993814051188738058E-15, -15.51629989666884946, 3.200000000000000178 ) ) ;
#3292 = LINE ( 'NONE', #1750, #3012 ) ;
#3293 = EDGE_CURVE ( 'NONE', #3495, #405, #2819, .T. ) ;
#3294 = ORIENTED_EDGE ( 'NONE', *, *, #2384, .F. ) ;
#3295 = DIRECTION ( 'NONE',  ( -0.3713906763541028888, -0.9284766908852596368, 0.000000000000000000 ) ) ;
#3296 = EDGE_CURVE ( 'NONE', #1941, #3185, #1261, .T. ) ;
#3297 = CARTESIAN_POINT ( 'NONE',  ( -21.46934213868000896, 25.68265176531000193, -0.8300000928932848021 ) ) ;
#3298 = DIRECTION ( 'NONE',  ( -0.000000000000000000, -0.000000000000000000, 1.000000000000000000 ) ) ;
#3299 = ORIENTED_EDGE ( 'NONE', *, *, #1031, .F. ) ;
#3300 = LINE ( 'NONE', #1720, #2545 ) ;
#3301 = PLANE ( 'NONE',  #3081 ) ;
#3302 = ADVANCED_FACE ( 'NONE', ( #2453 ), #3378, .T. ) ;
#3303 = CARTESIAN_POINT ( 'NONE',  ( -12.56934213867999794, -19.31734823469001228, -1.499999999999999556 ) ) ;
#3304 = CARTESIAN_POINT ( 'NONE',  ( -12.56934213868000150, -19.31734823469000162, -0.4999999999999995559 ) ) ;
#3305 = LINE ( 'NONE', #3008, #1191 ) ;
#3306 = ORIENTED_EDGE ( 'NONE', *, *, #1741, .T. ) ;
#3307 = DIRECTION ( 'NONE',  ( -0.000000000000000000, 1.000000000000000000, 0.000000000000000000 ) ) ;
#3308 = ORIENTED_EDGE ( 'NONE', *, *, #3467, .T. ) ;
#3309 = CARTESIAN_POINT ( 'NONE',  ( -14.56934213867999617, -23.51734823469001157, -1.499999999999999556 ) ) ;
#3310 = DIRECTION ( 'NONE',  ( -0.000000000000000000, 0.000000000000000000, -1.000000000000000000 ) ) ;
#3311 = ORIENTED_EDGE ( 'NONE', *, *, #1902, .T. ) ;
#3312 = LINE ( 'NONE', #3921, #1194 ) ;
#3313 = DIRECTION ( 'NONE',  ( 1.000000000000000000, 2.595206220084261201E-16, 0.000000000000000000 ) ) ;
#3314 = VECTOR ( 'NONE', #2347, 1000.000000000000000 ) ;
#3315 = VECTOR ( 'NONE', #1690, 1000.000000000000000 ) ;
#3316 = EDGE_CURVE ( 'NONE', #718, #1445, #2756, .T. ) ;
#3317 = EDGE_CURVE ( 'NONE', #3009, #590, #3039, .T. ) ;
#3318 = ORIENTED_EDGE ( 'NONE', *, *, #3439, .T. ) ;
#3319 = VECTOR ( 'NONE', #2412, 1000.000000000000000 ) ;
#3320 = DIRECTION ( 'NONE',  ( -1.000000000000000000, 0.000000000000000000, -2.891205793294679411E-15 ) ) ;
#3321 = VECTOR ( 'NONE', #1033, 1000.000000000000000 ) ;
#3322 = CARTESIAN_POINT ( 'NONE',  ( 23.43065786132000028, -28.34577535943619964, -3.500000000000001332 ) ) ;
#3323 = VECTOR ( 'NONE', #1545, 1000.000000000000000 ) ;
#3324 = VECTOR ( 'NONE', #1763, 1000.000000000000000 ) ;
#3325 = DIRECTION ( 'NONE',  ( 0.000000000000000000, 0.000000000000000000, 1.000000000000000000 ) ) ;
#3326 = CARTESIAN_POINT ( 'NONE',  ( 22.23065786131999744, 0.000000000000000000, -3.699999999999999734 ) ) ;
#3327 = CARTESIAN_POINT ( 'NONE',  ( 30.33065786132000596, 25.69534925070499298, 3.200000000000000178 ) ) ;
#3328 = EDGE_LOOP ( 'NONE', ( #2245, #267, #2470, #890 ) ) ;
#3329 = DIRECTION ( 'NONE',  ( -1.000000000000000000, -1.297603110042130601E-16, 0.000000000000000000 ) ) ;
#3330 = AXIS2_PLACEMENT_3D ( 'NONE', #3224, #2001, #445 ) ;
#3331 = ORIENTED_EDGE ( 'NONE', *, *, #3046, .F. ) ;
#3332 = LINE ( 'NONE', #776, #1080 ) ;
#3333 = LINE ( 'NONE', #2404, #1005 ) ;
#3334 = AXIS2_PLACEMENT_3D ( 'NONE', #1784, #1146, #2701 ) ;
#3335 = AXIS2_PLACEMENT_3D ( 'NONE', #2046, #1166, #3881 ) ;
#3336 = ORIENTED_EDGE ( 'NONE', *, *, #3341, .F. ) ;
#3337 = DIRECTION ( 'NONE',  ( -1.000000000000000000, 0.000000000000000000, 0.000000000000000000 ) ) ;
#3338 = LINE ( 'NONE', #3634, #3791 ) ;
#3339 = VERTEX_POINT ( 'NONE', #3744 ) ;
#3340 = PLANE ( 'NONE',  #1321 ) ;
#3341 = EDGE_CURVE ( 'NONE', #2562, #2345, #565, .T. ) ;
#3342 = CARTESIAN_POINT ( 'NONE',  ( -12.56934213868000327, 17.54265185820429096, 0.3699999999999996625 ) ) ;
#3343 = EDGE_CURVE ( 'NONE', #683, #2996, #261, .T. ) ;
#3344 = DIRECTION ( 'NONE',  ( -0.000000000000000000, 1.000000000000000000, -0.000000000000000000 ) ) ;
#3345 = CARTESIAN_POINT ( 'NONE',  ( -21.46934213867906394, 16.78265176531005309, 2.799999999999999822 ) ) ;
#3346 = DIRECTION ( 'NONE',  ( -0.000000000000000000, 1.000000000000000000, -0.000000000000000000 ) ) ;
#3347 = EDGE_LOOP ( 'NONE', ( #1365, #2162, #3518, #1645 ) ) ;
#3348 = EDGE_CURVE ( 'NONE', #2484, #2956, #3403, .T. ) ;
#3349 = CARTESIAN_POINT ( 'NONE',  ( -19.58203962407375798, 27.58265176530999341, 3.200000000000000178 ) ) ;
#3350 = ORIENTED_EDGE ( 'NONE', *, *, #527, .T. ) ;
#3351 = DIRECTION ( 'NONE',  ( 1.000000000000000000, 2.595206220084261201E-16, 0.000000000000000000 ) ) ;
#3352 = DIRECTION ( 'NONE',  ( 0.000000000000000000, 0.000000000000000000, -1.000000000000000000 ) ) ;
#3353 = ORIENTED_EDGE ( 'NONE', *, *, #396, .F. ) ;
#3354 = EDGE_CURVE ( 'NONE', #2906, #3208, #2758, .T. ) ;
#3355 = ORIENTED_EDGE ( 'NONE', *, *, #3001, .T. ) ;
#3356 = DIRECTION ( 'NONE',  ( 0.000000000000000000, -1.000000000000000000, -7.811254844997559940E-17 ) ) ;
#3357 = CARTESIAN_POINT ( 'NONE',  ( -14.56934213867999617, -19.11734823469000588, -2.499999999999999556 ) ) ;
#3358 = ORIENTED_EDGE ( 'NONE', *, *, #3151, .T. ) ;
#3359 = ORIENTED_EDGE ( 'NONE', *, *, #3739, .F. ) ;
#3360 = LINE ( 'NONE', #874, #1381 ) ;
#3361 = CARTESIAN_POINT ( 'NONE',  ( -22.56934213867999617, -20.31734823469000162, -2.729999969035571628 ) ) ;
#3362 = CARTESIAN_POINT ( 'NONE',  ( -17.56934213867999617, -25.31734823469000517, -1.729999969035572960 ) ) ;
#3363 = PLANE ( 'NONE',  #862 ) ;
#3364 = DIRECTION ( 'NONE',  ( -1.284980352575412699E-16, 1.000000000000000000, 0.000000000000000000 ) ) ;
#3365 = ORIENTED_EDGE ( 'NONE', *, *, #3271, .T. ) ;
#3366 = CARTESIAN_POINT ( 'NONE',  ( -21.46934213868000896, 24.48265185820328682, 0.3700000000000001066 ) ) ;
#3367 = EDGE_CURVE ( 'NONE', #2168, #1984, #3101, .T. ) ;
#3368 = EDGE_CURVE ( 'NONE', #3884, #595, #1954, .T. ) ;
#3369 = EDGE_LOOP ( 'NONE', ( #3265, #2433, #2592, #3896 ) ) ;
#3370 = DIRECTION ( 'NONE',  ( 1.000000000000000000, 1.297603110042130601E-16, 0.000000000000000000 ) ) ;
#3371 = PLANE ( 'NONE',  #608 ) ;
#3372 = ORIENTED_EDGE ( 'NONE', *, *, #2919, .F. ) ;
#3373 = CARTESIAN_POINT ( 'NONE',  ( 13.43065786132000206, -24.21734823469000020, 2.799999999999999822 ) ) ;
#3374 = DIRECTION ( 'NONE',  ( 1.000000000000000000, 0.000000000000000000, -0.000000000000000000 ) ) ;
#3375 = ORIENTED_EDGE ( 'NONE', *, *, #1788, .F. ) ;
#3376 = VERTEX_POINT ( 'NONE', #1602 ) ;
#3377 = CARTESIAN_POINT ( 'NONE',  ( 30.83065786131905739, 16.78265176531009217, 1.600000000000000089 ) ) ;
#3378 = PLANE ( 'NONE',  #1335 ) ;
#3379 = VECTOR ( 'NONE', #1126, 1000.000000000000000 ) ;
#3380 = FACE_OUTER_BOUND ( 'NONE', #2570, .T. ) ;
#3381 = VECTOR ( 'NONE', #2799, 1000.000000000000000 ) ;
#3382 = AXIS2_PLACEMENT_3D ( 'NONE', #1843, #3667, #2417 ) ;
#3383 = CARTESIAN_POINT ( 'NONE',  ( -21.46934213868000896, 24.48265185820329037, -3.229999999999999538 ) ) ;
#3384 = LINE ( 'NONE', #878, #2869 ) ;
#3385 = VERTEX_POINT ( 'NONE', #2232 ) ;
#3386 = DIRECTION ( 'NONE',  ( 0.000000000000000000, 0.000000000000000000, -1.000000000000000000 ) ) ;
#3387 = VECTOR ( 'NONE', #3841, 1000.000000000000000 ) ;
#3388 = AXIS2_PLACEMENT_3D ( 'NONE', #2319, #3214, #3549 ) ;
#3389 = VERTEX_POINT ( 'NONE', #690 ) ;
#3390 = AXIS2_PLACEMENT_3D ( 'NONE', #512, #3044, #1747 ) ;
#3391 = DIRECTION ( 'NONE',  ( -2.595206220084261201E-16, 1.000000000000000000, 0.000000000000000000 ) ) ;
#3392 = VECTOR ( 'NONE', #3498, 1000.000000000000000 ) ;
#3393 = DIRECTION ( 'NONE',  ( 1.000000000000000000, 1.284980352575412699E-16, -0.000000000000000000 ) ) ;
#3394 = EDGE_CURVE ( 'NONE', #3248, #634, #2286, .T. ) ;
#3395 = ADVANCED_FACE ( 'NONE', ( #3515 ), #2250, .F. ) ;
#3396 = ORIENTED_EDGE ( 'NONE', *, *, #821, .T. ) ;
#3397 = DIRECTION ( 'NONE',  ( 0.000000000000000000, 0.000000000000000000, -1.000000000000000000 ) ) ;
#3398 = DIRECTION ( 'NONE',  ( 0.000000000000000000, 0.000000000000000000, 1.000000000000000000 ) ) ;
#3399 = VECTOR ( 'NONE', #2127, 1000.000000000000000 ) ;
#3400 = VERTEX_POINT ( 'NONE', #3437 ) ;
#3401 = LINE ( 'NONE', #646, #1450 ) ;
#3402 = LINE ( 'NONE', #2496, #2742 ) ;
#3403 = LINE ( 'NONE', #282, #1847 ) ;
#3404 = EDGE_CURVE ( 'NONE', #2198, #3281, #1300, .T. ) ;
#3405 = PLANE ( 'NONE',  #2288 ) ;
#3406 = CARTESIAN_POINT ( 'NONE',  ( 11.23065786132000099, -24.71734823469000020, 2.799999999999999822 ) ) ;
#3407 = DIRECTION ( 'NONE',  ( 1.000000000000000000, 0.000000000000000000, -9.856383386231856362E-17 ) ) ;
#3408 = EDGE_LOOP ( 'NONE', ( #3809, #531, #2663, #753 ) ) ;
#3409 = FACE_OUTER_BOUND ( 'NONE', #3456, .T. ) ;
#3410 = EDGE_LOOP ( 'NONE', ( #243, #2964, #484 ) ) ;
#3411 = FACE_OUTER_BOUND ( 'NONE', #2300, .T. ) ;
#3412 = CARTESIAN_POINT ( 'NONE',  ( 29.43065786131999317, 28.68265176530999483, 3.200000000000000178 ) ) ;
#3413 = ORIENTED_EDGE ( 'NONE', *, *, #1362, .F. ) ;
#3414 = CARTESIAN_POINT ( 'NONE',  ( -19.57934213868000484, -24.21734823469001441, 0.07000000000000061728 ) ) ;
#3415 = VERTEX_POINT ( 'NONE', #100 ) ;
#3416 = EDGE_CURVE ( 'NONE', #2368, #2338, #1315, .T. ) ;
#3417 = LINE ( 'NONE', #2835, #864 ) ;
#3418 = ORIENTED_EDGE ( 'NONE', *, *, #569, .F. ) ;
#3419 = ADVANCED_FACE ( 'NONE', ( #3800 ), #3201, .T. ) ;
#3420 = EDGE_CURVE ( 'NONE', #2914, #3687, #2840, .T. ) ;
#3421 = ORIENTED_EDGE ( 'NONE', *, *, #1136, .T. ) ;
#3422 = DIRECTION ( 'NONE',  ( -5.703228892670382425E-14, 1.000000000000000000, 9.856383386231840338E-17 ) ) ;
#3423 = DIRECTION ( 'NONE',  ( 1.000000000000000000, 2.167501219462898772E-16, 0.000000000000000000 ) ) ;
#3424 = CARTESIAN_POINT ( 'NONE',  ( 11.23065786132000099, 28.08265176530999341, 2.799999999999999822 ) ) ;
#3425 = LINE ( 'NONE', #3406, #729 ) ;
#3426 = CARTESIAN_POINT ( 'NONE',  ( 29.25065786131999346, 27.40127229455744740, -3.500000000000000000 ) ) ;
#3427 = EDGE_LOOP ( 'NONE', ( #2263, #573, #3358, #145, #434 ) ) ;
#3428 = CARTESIAN_POINT ( 'NONE',  ( -4.819342138679989951, -19.61734823469000588, -1.399999999999999689 ) ) ;
#3429 = EDGE_LOOP ( 'NONE', ( #1570, #3166 ) ) ;
#3430 =( NAMED_UNIT ( * ) SI_UNIT ( $, .STERADIAN. ) SOLID_ANGLE_UNIT ( ) );
#3431 = DIRECTION ( 'NONE',  ( 0.000000000000000000, 1.000000000000000000, 0.000000000000000000 ) ) ;
#3432 = ORIENTED_EDGE ( 'NONE', *, *, #426, .T. ) ;
#3433 = CARTESIAN_POINT ( 'NONE',  ( 29.25065786131999346, 27.40127229455744740, 0.1000000000000002554 ) ) ;
#3434 = ORIENTED_EDGE ( 'NONE', *, *, #3473, .T. ) ;
#3435 = LINE ( 'NONE', #1918, #3825 ) ;
#3436 = DIRECTION ( 'NONE',  ( -1.000000000000000000, 0.000000000000000000, 0.000000000000000000 ) ) ;
#3437 = CARTESIAN_POINT ( 'NONE',  ( -3.619342138679995546, -19.31734823469000162, -2.000000000000000000 ) ) ;
#3438 = EDGE_CURVE ( 'NONE', #749, #1867, #3218, .T. ) ;
#3439 = EDGE_CURVE ( 'NONE', #1061, #3272, #2211, .T. ) ;
#3440 = DIRECTION ( 'NONE',  ( 0.000000000000000000, 0.000000000000000000, 1.000000000000000000 ) ) ;
#3441 = FACE_BOUND ( 'NONE', #1407, .T. ) ;
#3442 = ORIENTED_EDGE ( 'NONE', *, *, #3757, .F. ) ;
#3443 = FACE_OUTER_BOUND ( 'NONE', #2247, .T. ) ;
#3444 = VECTOR ( 'NONE', #105, 1000.000000000000000 ) ;
#3445 = VECTOR ( 'NONE', #1522, 1000.000000000000000 ) ;
#3446 = ORIENTED_EDGE ( 'NONE', *, *, #1565, .F. ) ;
#3447 = DIRECTION ( 'NONE',  ( 0.9284766908852597478, -0.3713906763541026113, -0.000000000000000000 ) ) ;
#3448 = ORIENTED_EDGE ( 'NONE', *, *, #2675, .T. ) ;
#3449 = CARTESIAN_POINT ( 'NONE',  ( -19.58203962407375798, 27.58265176530999341, -3.500000000000000000 ) ) ;
#3450 = VECTOR ( 'NONE', #3422, 1000.000000000000000 ) ;
#3451 = VECTOR ( 'NONE', #395, 1000.000000000000227 ) ;
#3452 = VECTOR ( 'NONE', #2502, 1000.000000000000000 ) ;
#3453 = VECTOR ( 'NONE', #3310, 1000.000000000000000 ) ;
#3454 = ORIENTED_EDGE ( 'NONE', *, *, #2452, .F. ) ;
#3455 = PLANE ( 'NONE',  #2610 ) ;
#3456 = EDGE_LOOP ( 'NONE', ( #2724, #58, #1177, #697 ) ) ;
#3457 = CARTESIAN_POINT ( 'NONE',  ( 12.48065786131999744, -24.31734823469000162, -2.000000000000000000 ) ) ;
#3458 = LINE ( 'NONE', #80, #670 ) ;
#3459 = DIRECTION ( 'NONE',  ( 0.000000000000000000, 0.000000000000000000, -1.000000000000000000 ) ) ;
#3460 = CARTESIAN_POINT ( 'NONE',  ( -14.56934213867999617, -28.34577535943619964, -2.499999999999999556 ) ) ;
#3461 = AXIS2_PLACEMENT_3D ( 'NONE', #245, #2022, #1421 ) ;
#3462 = EDGE_CURVE ( 'NONE', #3902, #1838, #1673, .T. ) ;
#3463 = DIRECTION ( 'NONE',  ( -1.000000000000000000, 0.000000000000000000, 0.000000000000000000 ) ) ;
#3464 = ORIENTED_EDGE ( 'NONE', *, *, #1362, .T. ) ;
#3465 = CARTESIAN_POINT ( 'NONE',  ( -12.56934213867999617, -20.11734823469000943, -3.499999999999999556 ) ) ;
#3466 = ORIENTED_EDGE ( 'NONE', *, *, #829, .T. ) ;
#3467 = EDGE_CURVE ( 'NONE', #12, #581, #2565, .T. ) ;
#3468 = LINE ( 'NONE', #128, #1644 ) ;
#3469 = VERTEX_POINT ( 'NONE', #2913 ) ;
#3470 = DIRECTION ( 'NONE',  ( -0.000000000000000000, -0.000000000000000000, 1.000000000000000000 ) ) ;
#3471 = ORIENTED_EDGE ( 'NONE', *, *, #2806, .T. ) ;
#3472 = CARTESIAN_POINT ( 'NONE',  ( -17.24113890840450836, -23.51734823469001157, -4.500000000000000000 ) ) ;
#3473 = EDGE_CURVE ( 'NONE', #491, #1925, #1899, .T. ) ;
#3474 = ORIENTED_EDGE ( 'NONE', *, *, #569, .T. ) ;
#3475 = LINE ( 'NONE', #703, #3203 ) ;
#3476 = CARTESIAN_POINT ( 'NONE',  ( -12.56934213867999617, -23.51734823469001157, -3.699999999999999734 ) ) ;
#3477 = EDGE_LOOP ( 'NONE', ( #1774, #2854, #3074, #712 ) ) ;
#3478 = DIRECTION ( 'NONE',  ( -0.000000000000000000, 1.000000000000000000, -0.000000000000000000 ) ) ;
#3479 = ORIENTED_EDGE ( 'NONE', *, *, #3046, .T. ) ;
#3480 = CARTESIAN_POINT ( 'NONE',  ( -13.56934213867999617, -23.91734823469001014, -2.499999999999999556 ) ) ;
#3481 = ORIENTED_EDGE ( 'NONE', *, *, #497, .F. ) ;
#3482 = DIRECTION ( 'NONE',  ( -1.000000000000000000, 0.000000000000000000, 0.000000000000000000 ) ) ;
#3483 = EDGE_LOOP ( 'NONE', ( #3588, #1409, #1797, #1653, #887, #3188, #1944, #2850, #2373, #1333 ) ) ;
#3484 = CYLINDRICAL_SURFACE ( 'NONE', #475, 1.000000000000001554 ) ;
#3485 = EDGE_CURVE ( 'NONE', #1519, #2239, #3143, .T. ) ;
#3486 = EDGE_CURVE ( 'NONE', #3185, #2538, #1619, .T. ) ;
#3487 = ORIENTED_EDGE ( 'NONE', *, *, #1756, .F. ) ;
#3488 = CARTESIAN_POINT ( 'NONE',  ( 26.10245463104451602, -27.65845295633035406, -4.500000000000000000 ) ) ;
#3489 = ORIENTED_EDGE ( 'NONE', *, *, #997, .T. ) ;
#3490 = DIRECTION ( 'NONE',  ( 0.9284766908852597478, -0.3713906763541026668, 0.000000000000000000 ) ) ;
#3491 = CARTESIAN_POINT ( 'NONE',  ( 13.68065786131999673, -19.61734823469000233, -1.999999999999999556 ) ) ;
#3492 = FACE_OUTER_BOUND ( 'NONE', #1723, .T. ) ;
#3493 = EDGE_LOOP ( 'NONE', ( #3556, #628, #390, #3117, #1270 ) ) ;
#3494 = DIRECTION ( 'NONE',  ( -1.000000000000000000, -2.595206220084261201E-16, 3.614007241618349264E-16 ) ) ;
#3495 = VERTEX_POINT ( 'NONE', #81 ) ;
#3496 = LINE ( 'NONE', #2312, #3840 ) ;
#3497 = ORIENTED_EDGE ( 'NONE', *, *, #871, .T. ) ;
#3498 = DIRECTION ( 'NONE',  ( -1.000000000000000000, 0.000000000000000000, 0.000000000000000000 ) ) ;
#3499 = ORIENTED_EDGE ( 'NONE', *, *, #3293, .F. ) ;
#3500 = DIRECTION ( 'NONE',  ( -1.284980352575412699E-16, 1.000000000000000000, 0.000000000000000000 ) ) ;
#3501 = VECTOR ( 'NONE', #458, 1000.000000000000000 ) ;
#3502 = VERTEX_POINT ( 'NONE', #119 ) ;
#3503 = VECTOR ( 'NONE', #2958, 1000.000000000000000 ) ;
#3504 = PLANE ( 'NONE',  #2226 ) ;
#3505 = AXIS2_PLACEMENT_3D ( 'NONE', #2265, #1093, #719 ) ;
#3506 = EDGE_CURVE ( 'NONE', #3625, #3415, #3783, .T. ) ;
#3507 = EDGE_CURVE ( 'NONE', #3996, #2740, #3177, .T. ) ;
#3508 = CIRCLE ( 'NONE', #541, 1.000000000000000888 ) ;
#3509 = VECTOR ( 'NONE', #1795, 1000.000000000000000 ) ;
#3510 = ORIENTED_EDGE ( 'NONE', *, *, #2120, .F. ) ;
#3511 = CARTESIAN_POINT ( 'NONE',  ( 29.25065786131999346, 26.68265176530999838, -3.499999999999999556 ) ) ;
#3512 = ADVANCED_FACE ( 'NONE', ( #3492 ), #1656, .F. ) ;
#3513 = VECTOR ( 'NONE', #524, 1000.000000000000000 ) ;
#3514 = CARTESIAN_POINT ( 'NONE',  ( -21.96934213868001962, 1.246972357033663596E-12, 0.000000000000000000 ) ) ;
#3515 = FACE_OUTER_BOUND ( 'NONE', #2313, .T. ) ;
#3516 = ORIENTED_EDGE ( 'NONE', *, *, #722, .F. ) ;
#3517 = CARTESIAN_POINT ( 'NONE',  ( -21.46934213868000541, -18.37689865379001120, 55.32821550088815599 ) ) ;
#3518 = ORIENTED_EDGE ( 'NONE', *, *, #3507, .F. ) ;
#3519 = LINE ( 'NONE', #1985, #3139 ) ;
#3520 = ADVANCED_FACE ( 'NONE', ( #3876 ), #2391, .T. ) ;
#3521 = VECTOR ( 'NONE', #64, 1000.000000000000000 ) ;
#3522 = VERTEX_POINT ( 'NONE', #760 ) ;
#3523 = DIRECTION ( 'NONE',  ( 1.000000000000000000, 2.009332211556146958E-16, 0.000000000000000000 ) ) ;
#3524 = VERTEX_POINT ( 'NONE', #2632 ) ;
#3525 = AXIS2_PLACEMENT_3D ( 'NONE', #626, #2410, #3940 ) ;
#3526 = DIRECTION ( 'NONE',  ( -1.284980352575412699E-16, 1.000000000000000000, -0.000000000000000000 ) ) ;
#3527 = ORIENTED_EDGE ( 'NONE', *, *, #2826, .F. ) ;
#3528 = DIRECTION ( 'NONE',  ( -1.000000000000000000, -1.297603110042130601E-16, 0.000000000000000000 ) ) ;
#3529 = ORIENTED_EDGE ( 'NONE', *, *, #1683, .F. ) ;
#3530 =( BOUNDED_CURVE ( )  B_SPLINE_CURVE ( 3, ( #3480, #2083, #3240, #2676 ),
 .UNSPECIFIED., .F., .F. ) 
 B_SPLINE_CURVE_WITH_KNOTS ( ( 4, 4 ),
 ( 3.141592653589793116, 4.712388980384689674 ),
 .UNSPECIFIED. ) 
 CURVE ( )  GEOMETRIC_REPRESENTATION_ITEM ( )  RATIONAL_B_SPLINE_CURVE ( ( 1.000000000000000000, 0.8047378541243649375, 0.8047378541243649375, 1.000000000000000000 ) ) 
 REPRESENTATION_ITEM ( '' )  );
#3531 = DIRECTION ( 'NONE',  ( 0.000000000000000000, -5.160737867146111753E-08, 0.9999999999999986677 ) ) ;
#3532 = LINE ( 'NONE', #2695, #3387 ) ;
#3533 = CARTESIAN_POINT ( 'NONE',  ( -3.612096219160604077E-17, 28.08265176530999341, 0.000000000000000000 ) ) ;
#3534 = EDGE_CURVE ( 'NONE', #2787, #636, #2343, .T. ) ;
#3535 = EDGE_CURVE ( 'NONE', #2484, #3711, #1434, .T. ) ;
#3536 = ORIENTED_EDGE ( 'NONE', *, *, #3462, .T. ) ;
#3537 = LINE ( 'NONE', #1377, #2281 ) ;
#3538 = ORIENTED_EDGE ( 'NONE', *, *, #3368, .T. ) ;
#3539 = PLANE ( 'NONE',  #1262 ) ;
#3540 = ADVANCED_FACE ( 'NONE', ( #2372 ), #3574, .F. ) ;
#3541 = EDGE_LOOP ( 'NONE', ( #3446, #2709, #259, #193 ) ) ;
#3542 = CARTESIAN_POINT ( 'NONE',  ( 31.43065786132000383, -4.516299896668843239, 0.9299999999999993827 ) ) ;
#3543 = PLANE ( 'NONE',  #1201 ) ;
#3544 = ORIENTED_EDGE ( 'NONE', *, *, #1070, .F. ) ;
#3545 = CARTESIAN_POINT ( 'NONE',  ( 23.43065786132000028, -28.34577535943619964, -2.499999999999999556 ) ) ;
#3546 = VECTOR ( 'NONE', #1183, 1000.000000000000000 ) ;
#3547 = VERTEX_POINT ( 'NONE', #807 ) ;
#3548 = LINE ( 'NONE', #532, #3918 ) ;
#3549 = DIRECTION ( 'NONE',  ( -1.000000000000000000, 5.619674028029464554E-14, 0.000000000000000000 ) ) ;
#3550 = ORIENTED_EDGE ( 'NONE', *, *, #1044, .T. ) ;
#3551 = CARTESIAN_POINT ( 'NONE',  ( 21.43065786132000028, -24.31734823469000162, -3.699999999999999734 ) ) ;
#3552 = FACE_OUTER_BOUND ( 'NONE', #2705, .T. ) ;
#3553 = DIRECTION ( 'NONE',  ( 2.595206220084261201E-16, -1.000000000000000000, 0.000000000000000000 ) ) ;
#3554 = EDGE_LOOP ( 'NONE', ( #3318, #125, #2887, #1078, #3396, #2646, #2568, #791, #2043, #2259, #2558, #2944 ) ) ;
#3555 = DIRECTION ( 'NONE',  ( 5.677276830469539877E-14, 1.000000000000000000, 9.856383386231840338E-17 ) ) ;
#3556 = ORIENTED_EDGE ( 'NONE', *, *, #3889, .F. ) ;
#3557 = EDGE_CURVE ( 'NONE', #2848, #3056, #423, .T. ) ;
#3558 = LINE ( 'NONE', #3264, #1397 ) ;
#3559 = EDGE_CURVE ( 'NONE', #2152, #2787, #2042, .T. ) ;
#3560 = VERTEX_POINT ( 'NONE', #3599 ) ;
#3561 = DIRECTION ( 'NONE',  ( 0.000000000000000000, 0.000000000000000000, 1.000000000000000000 ) ) ;
#3562 = CARTESIAN_POINT ( 'NONE',  ( 21.43065786132000028, -20.11734823468999878, -0.5000000000000001110 ) ) ;
#3563 = ORIENTED_EDGE ( 'NONE', *, *, #57, .T. ) ;
#3564 = CARTESIAN_POINT ( 'NONE',  ( -13.36934213867999510, -23.51734823469001157, -3.699999999999999734 ) ) ;
#3565 = ORIENTED_EDGE ( 'NONE', *, *, #419, .T. ) ;
#3566 = CARTESIAN_POINT ( 'NONE',  ( 10.35065786131999310, 28.68265176530999483, -3.499999999999999556 ) ) ;
#3567 = PLANE ( 'NONE',  #736 ) ;
#3568 = AXIS2_PLACEMENT_3D ( 'NONE', #358, #3370, #3431 ) ;
#3569 = AXIS2_PLACEMENT_3D ( 'NONE', #1358, #2860, #3463 ) ;
#3570 = AXIS2_PLACEMENT_3D ( 'NONE', #2129, #1184, #3103 ) ;
#3571 = VERTEX_POINT ( 'NONE', #1417 ) ;
#3572 = CARTESIAN_POINT ( 'NONE',  ( -14.56934213867999617, -28.34577535943619964, -2.499999999999999556 ) ) ;
#3573 = CARTESIAN_POINT ( 'NONE',  ( 30.83065786131918529, 14.58265176531008755, 1.599999999999999867 ) ) ;
#3574 = PLANE ( 'NONE',  #3915 ) ;
#3575 = AXIS2_PLACEMENT_3D ( 'NONE', #3514, #2515, #2553 ) ;
#3576 = VECTOR ( 'NONE', #1334, 1000.000000000000000 ) ;
#3577 = VERTEX_POINT ( 'NONE', #828 ) ;
#3578 = VECTOR ( 'NONE', #1128, 1000.000000000000000 ) ;
#3579 = AXIS2_PLACEMENT_3D ( 'NONE', #799, #860, #3952 ) ;
#3580 = CARTESIAN_POINT ( 'NONE',  ( -21.46934213868000896, -22.32734823469001029, 3.200000000000000178 ) ) ;
#3581 = VERTEX_POINT ( 'NONE', #3280 ) ;
#3582 = CARTESIAN_POINT ( 'NONE',  ( -19.56934213867999972, -25.31734823469000517, -1.729999969035573626 ) ) ;
#3583 = FACE_OUTER_BOUND ( 'NONE', #3811, .T. ) ;
#3584 = EDGE_CURVE ( 'NONE', #3605, #2490, #2062, .T. ) ;
#3585 = VERTEX_POINT ( 'NONE', #1996 ) ;
#3586 = LINE ( 'NONE', #3542, #1638 ) ;
#3587 = LINE ( 'NONE', #3867, #3767 ) ;
#3588 = ORIENTED_EDGE ( 'NONE', *, *, #1536, .T. ) ;
#3589 = CARTESIAN_POINT ( 'NONE',  ( 13.43065786132000206, 27.58265176530999341, 2.799999999999999822 ) ) ;
#3590 = EDGE_CURVE ( 'NONE', #2070, #2138, #1115, .T. ) ;
#3591 = ORIENTED_EDGE ( 'NONE', *, *, #543, .F. ) ;
#3592 = DIRECTION ( 'NONE',  ( -0.000000000000000000, -1.000000000000000000, -0.000000000000000000 ) ) ;
#3593 = LINE ( 'NONE', #1771, #3072 ) ;
#3594 = VECTOR ( 'NONE', #2339, 1000.000000000000000 ) ;
#3595 = ORIENTED_EDGE ( 'NONE', *, *, #3126, .F. ) ;
#3596 = EDGE_CURVE ( 'NONE', #402, #2341, #3256, .T. ) ;
#3597 = DIRECTION ( 'NONE',  ( -0.000000000000000000, -0.000000000000000000, -1.000000000000000000 ) ) ;
#3598 = CARTESIAN_POINT ( 'NONE',  ( 31.43065786132000383, -15.51629989666884413, 3.200000000000000178 ) ) ;
#3599 = CARTESIAN_POINT ( 'NONE',  ( -21.96934213867918828, 14.58265176531008045, 1.599999999999999867 ) ) ;
#3600 = AXIS2_PLACEMENT_3D ( 'NONE', #813, #2047, #3284 ) ;
#3601 = ORIENTED_EDGE ( 'NONE', *, *, #1546, .T. ) ;
#3602 = CYLINDRICAL_SURFACE ( 'NONE', #3893, 1.890000000000002789 ) ;
#3603 = DIRECTION ( 'NONE',  ( 0.000000000000000000, 0.000000000000000000, -1.000000000000000000 ) ) ;
#3604 = CARTESIAN_POINT ( 'NONE',  ( 21.43065786132000028, -19.31734823469000517, -1.499999999999999556 ) ) ;
#3605 = VERTEX_POINT ( 'NONE', #3842 ) ;
#3606 = CARTESIAN_POINT ( 'NONE',  ( 13.43065786132000206, 27.58265176530999341, 1.600000000000000089 ) ) ;
#3607 = CARTESIAN_POINT ( 'NONE',  ( -21.46934213868000896, 14.58265176531005736, 2.799999999999999822 ) ) ;
#3608 = EDGE_LOOP ( 'NONE', ( #917, #1894, #737, #272 ) ) ;
#3609 = LINE ( 'NONE', #2685, #1836 ) ;
#3610 = ORIENTED_EDGE ( 'NONE', *, *, #3485, .T. ) ;
#3611 = DIRECTION ( 'NONE',  ( 0.000000000000000000, 0.000000000000000000, -1.000000000000000000 ) ) ;
#3612 = CARTESIAN_POINT ( 'NONE',  ( 21.43065786132000028, -23.51734823469000446, -0.4999999999999995559 ) ) ;
#3613 = EDGE_CURVE ( 'NONE', #470, #2769, #1077, .T. ) ;
#3614 = EDGE_CURVE ( 'NONE', #2781, #1256, #2976, .T. ) ;
#3615 = EDGE_LOOP ( 'NONE', ( #1423, #1566, #2274, #1278 ) ) ;
#3616 = DIRECTION ( 'NONE',  ( -1.000000000000000000, -2.595206220084261201E-16, 1.807003620809177097E-16 ) ) ;
#3617 = CARTESIAN_POINT ( 'NONE',  ( 11.23065786132000099, -24.71734823469000020, 1.600000000000000311 ) ) ;
#3618 = CARTESIAN_POINT ( 'NONE',  ( 13.43065786132000206, 27.58265176530999341, 2.799999999999999822 ) ) ;
#3619 = ORIENTED_EDGE ( 'NONE', *, *, #955, .T. ) ;
#3620 = CARTESIAN_POINT ( 'NONE',  ( -19.57934213868000484, -22.32734823469001029, -3.500000000000000000 ) ) ;
#3621 = DIRECTION ( 'NONE',  ( 0.000000000000000000, -1.000000000000000000, 0.000000000000000000 ) ) ;
#3622 = PLANE ( 'NONE',  #3600 ) ;
#3623 = LINE ( 'NONE', #854, #2021 ) ;
#3624 = LINE ( 'NONE', #510, #596 ) ;
#3625 = VERTEX_POINT ( 'NONE', #2669 ) ;
#3626 = DIRECTION ( 'NONE',  ( 5.519574696289839780E-14, 1.000000000000000000, 0.000000000000000000 ) ) ;
#3627 = ORIENTED_EDGE ( 'NONE', *, *, #2107, .F. ) ;
#3628 = LINE ( 'NONE', #3014, #492 ) ;
#3629 = LINE ( 'NONE', #1731, #219 ) ;
#3630 = ORIENTED_EDGE ( 'NONE', *, *, #2708, .T. ) ;
#3631 = EDGE_CURVE ( 'NONE', #3233, #2671, #2935, .T. ) ;
#3632 = EDGE_CURVE ( 'NONE', #504, #386, #2959, .T. ) ;
#3633 = CARTESIAN_POINT ( 'NONE',  ( 28.44335534671500199, 25.69534925070499298, -3.500000000000000000 ) ) ;
#3634 = CARTESIAN_POINT ( 'NONE',  ( 23.43065786132000028, -23.51734823469000446, -1.499999999999999556 ) ) ;
#3635 = VECTOR ( 'NONE', #3786, 1000.000000000000000 ) ;
#3636 = AXIS2_PLACEMENT_3D ( 'NONE', #1224, #631, #2145 ) ;
#3637 = ORIENTED_EDGE ( 'NONE', *, *, #2600, .F. ) ;
#3638 = EDGE_CURVE ( 'NONE', #1987, #1068, #521, .T. ) ;
#3639 = AXIS2_PLACEMENT_3D ( 'NONE', #1075, #1140, #2370 ) ;
#3640 = CARTESIAN_POINT ( 'NONE',  ( -17.24113890840451191, -20.11734823469000588, -4.500000000000000000 ) ) ;
#3641 = AXIS2_PLACEMENT_3D ( 'NONE', #888, #3955, #2750 ) ;
#3642 = LINE ( 'NONE', #506, #881 ) ;
#3643 = VECTOR ( 'NONE', #3247, 1000.000000000000000 ) ;
#3644 = VECTOR ( 'NONE', #986, 1000.000000000000000 ) ;
#3645 = CARTESIAN_POINT ( 'NONE',  ( -3.619342138679993770, -19.61734823469000588, -1.399999999999999911 ) ) ;
#3646 = CARTESIAN_POINT ( 'NONE',  ( 25.43065786132000383, -20.11734823468999878, -1.992820323027524099 ) ) ;
#3647 = ADVANCED_FACE ( 'NONE', ( #2323 ), #1717, .F. ) ;
#3648 = DIRECTION ( 'NONE',  ( -0.000000000000000000, 1.000000000000000000, -0.000000000000000000 ) ) ;
#3649 = ORIENTED_EDGE ( 'NONE', *, *, #3054, .F. ) ;
#3650 = CARTESIAN_POINT ( 'NONE',  ( 29.25065786131999346, 28.68265176530999483, -3.499999999999999556 ) ) ;
#3651 = ORIENTED_EDGE ( 'NONE', *, *, #1196, .F. ) ;
#3652 = LINE ( 'NONE', #210, #2747 ) ;
#3653 = ORIENTED_EDGE ( 'NONE', *, *, #2531, .T. ) ;
#3654 = EDGE_CURVE ( 'NONE', #2538, #2168, #847, .T. ) ;
#3655 = AXIS2_PLACEMENT_3D ( 'NONE', #163, #2330, #3864 ) ;
#3656 = EDGE_LOOP ( 'NONE', ( #3308, #3792 ) ) ;
#3657 = CARTESIAN_POINT ( 'NONE',  ( -21.96934213868063779, -11.21734823468991493, 2.799999999999997158 ) ) ;
#3658 = VECTOR ( 'NONE', #2710, 1000.000000000000000 ) ;
#3659 = PLANE ( 'NONE',  #3084 ) ;
#3660 = AXIS2_PLACEMENT_3D ( 'NONE', #3059, #1800, #1422 ) ;
#3661 = ORIENTED_EDGE ( 'NONE', *, *, #1269, .T. ) ;
#3662 = CARTESIAN_POINT ( 'NONE',  ( 10.35065786131999310, 26.68265176530999838, -3.499999999999999556 ) ) ;
#3663 = CARTESIAN_POINT ( 'NONE',  ( -16.56934213868000683, -23.51734823469001157, -0.4999999999999995559 ) ) ;
#3664 = ADVANCED_FACE ( 'NONE', ( #1835 ), #258, .F. ) ;
#3665 = ADVANCED_FACE ( 'NONE', ( #3675 ), #2123, .F. ) ;
#3666 = CARTESIAN_POINT ( 'NONE',  ( -21.46934213868000541, -18.37689865379001120, 0.07000000000000061728 ) ) ;
#3667 = DIRECTION ( 'NONE',  ( 0.000000000000000000, 1.000000000000000000, 0.000000000000000000 ) ) ;
#3668 = DIRECTION ( 'NONE',  ( 0.000000000000000000, 0.000000000000000000, -1.000000000000000000 ) ) ;
#3669 = VERTEX_POINT ( 'NONE', #18 ) ;
#3670 = CARTESIAN_POINT ( 'NONE',  ( -21.46934213868000541, 25.69534925070374953, -3.500000000000000000 ) ) ;
#3671 = VERTEX_POINT ( 'NONE', #274 ) ;
#3672 = CARTESIAN_POINT ( 'NONE',  ( 30.33065786132000596, -22.32734823469000318, 0.07000000000000061728 ) ) ;
#3673 = ORIENTED_EDGE ( 'NONE', *, *, #462, .F. ) ;
#3674 = CARTESIAN_POINT ( 'NONE',  ( 13.68065786131999317, -19.61734823469000233, -1.399999999999999689 ) ) ;
#3675 = FACE_OUTER_BOUND ( 'NONE', #1962, .T. ) ;
#3676 = ORIENTED_EDGE ( 'NONE', *, *, #150, .F. ) ;
#3677 = CARTESIAN_POINT ( 'NONE',  ( 30.33065786132000596, 25.69534925070499298, -3.500000000000000000 ) ) ;
#3678 = CARTESIAN_POINT ( 'NONE',  ( 13.68065786131999317, -24.31734823469000162, -1.399999999999999689 ) ) ;
#3679 = CARTESIAN_POINT ( 'NONE',  ( 28.44065786132000895, -24.21734823469000375, -3.500000000000000000 ) ) ;
#3680 = DIRECTION ( 'NONE',  ( -1.000000000000000000, 0.000000000000000000, 0.000000000000000000 ) ) ;
#3681 = CARTESIAN_POINT ( 'NONE',  ( -14.56934213867999617, -23.51734823469001157, -2.499999999999999556 ) ) ;
#3682 = EDGE_CURVE ( 'NONE', #3208, #447, #319, .T. ) ;
#3683 = EDGE_CURVE ( 'NONE', #590, #1838, #3211, .T. ) ;
#3684 = LINE ( 'NONE', #570, #1571 ) ;
#3685 = EDGE_LOOP ( 'NONE', ( #1102, #2296, #3845, #1632 ) ) ;
#3686 = LINE ( 'NONE', #675, #218 ) ;
#3687 = VERTEX_POINT ( 'NONE', #1494 ) ;
#3688 = LINE ( 'NONE', #3974, #3276 ) ;
#3689 = LINE ( 'NONE', #923, #2554 ) ;
#3690 = CARTESIAN_POINT ( 'NONE',  ( -12.56934213867999617, -23.51734823469001157, -0.4999999999999995559 ) ) ;
#3691 = VECTOR ( 'NONE', #895, 1000.000000000000000 ) ;
#3692 = ORIENTED_EDGE ( 'NONE', *, *, #3584, .T. ) ;
#3693 = FACE_OUTER_BOUND ( 'NONE', #2638, .T. ) ;
#3694 = EDGE_CURVE ( 'NONE', #1142, #2828, #3338, .T. ) ;
#3695 = CARTESIAN_POINT ( 'NONE',  ( 30.83065786131905739, 16.78265176531009217, 1.600000000000000089 ) ) ;
#3696 = ORIENTED_EDGE ( 'NONE', *, *, #2063, .F. ) ;
#3697 = ORIENTED_EDGE ( 'NONE', *, *, #3193, .F. ) ;
#3698 = DIRECTION ( 'NONE',  ( 0.000000000000000000, -1.000000000000000000, 0.000000000000000000 ) ) ;
#3699 = DIRECTION ( 'NONE',  ( 0.000000000000000000, 0.000000000000000000, -1.000000000000000000 ) ) ;
#3700 = AXIS2_PLACEMENT_3D ( 'NONE', #3989, #3364, #963 ) ;
#3701 = CARTESIAN_POINT ( 'NONE',  ( 12.48065786131999744, -24.01734823469000091, -1.399999999999999911 ) ) ;
#3702 = VECTOR ( 'NONE', #2230, 1000.000000000000000 ) ;
#3703 = VECTOR ( 'NONE', #650, 1000.000000000000000 ) ;
#3704 = DIRECTION ( 'NONE',  ( 1.000000000000000000, 7.224192438321208153E-17, 0.000000000000000000 ) ) ;
#3705 = LINE ( 'NONE', #1226, #2736 ) ;
#3706 = EDGE_LOOP ( 'NONE', ( #1218, #3510, #2763, #1107 ) ) ;
#3707 = CARTESIAN_POINT ( 'NONE',  ( 28.44065786132000895, -22.32734823469000318, -3.500000000000000000 ) ) ;
#3708 = AXIS2_PLACEMENT_3D ( 'NONE', #2178, #330, #2801 ) ;
#3709 = VECTOR ( 'NONE', #298, 1000.000000000000000 ) ;
#3710 = ADVANCED_FACE ( 'NONE', ( #3095 ), #579, .F. ) ;
#3711 = VERTEX_POINT ( 'NONE', #1515 ) ;
#3712 = DIRECTION ( 'NONE',  ( -1.000000000000000000, 0.000000000000000000, -1.807003620809179809E-16 ) ) ;
#3713 = CIRCLE ( 'NONE', #2815, 1.887302514605004866 ) ;
#3714 = CARTESIAN_POINT ( 'NONE',  ( 13.68065786131999673, -24.31734823469000162, -1.999999999999999556 ) ) ;
#3715 = VERTEX_POINT ( 'NONE', #2789 ) ;
#3716 = AXIS2_PLACEMENT_3D ( 'NONE', #1869, #3735, #968 ) ;
#3717 = DIRECTION ( 'NONE',  ( 0.000000000000000000, -0.000000000000000000, -1.000000000000000000 ) ) ;
#3718 = ADVANCED_FACE ( 'NONE', ( #2102, #562, #3958 ), #3659, .T. ) ;
#3719 = ADVANCED_FACE ( 'NONE', ( #1553 ), #3036, .F. ) ;
#3720 = ORIENTED_EDGE ( 'NONE', *, *, #3097, .T. ) ;
#3721 = FACE_OUTER_BOUND ( 'NONE', #3477, .T. ) ;
#3722 = VECTOR ( 'NONE', #502, 1000.000000000000000 ) ;
#3723 = VERTEX_POINT ( 'NONE', #889 ) ;
#3724 = CARTESIAN_POINT ( 'NONE',  ( 11.23065786132000099, -24.71734823469000020, 2.799999999999999822 ) ) ;
#3725 = VECTOR ( 'NONE', #883, 1000.000000000000000 ) ;
#3726 = DIRECTION ( 'NONE',  ( 0.000000000000000000, -0.000000000000000000, -1.000000000000000000 ) ) ;
#3727 = PLANE ( 'NONE',  #164 ) ;
#3728 = DIRECTION ( 'NONE',  ( -1.000000000000000000, 0.000000000000000000, -0.000000000000000000 ) ) ;
#3729 = PLANE ( 'NONE',  #213 ) ;
#3730 = LINE ( 'NONE', #1286, #2670 ) ;
#3731 = ORIENTED_EDGE ( 'NONE', *, *, #1830, .F. ) ;
#3732 = PLANE ( 'NONE',  #2678 ) ;
#3733 = ORIENTED_EDGE ( 'NONE', *, *, #3394, .T. ) ;
#3734 = LINE ( 'NONE', #2444, #428 ) ;
#3735 = DIRECTION ( 'NONE',  ( 0.000000000000000000, -0.000000000000000000, -1.000000000000000000 ) ) ;
#3736 = LINE ( 'NONE', #2543, #3070 ) ;
#3737 = EDGE_LOOP ( 'NONE', ( #2623, #1346, #1186, #2316, #394, #1002, #746, #909, #2501 ) ) ;
#3738 = DIRECTION ( 'NONE',  ( -5.782411586589358822E-15, -0.000000000000000000, 1.000000000000000000 ) ) ;
#3739 = EDGE_CURVE ( 'NONE', #2544, #730, #3980, .T. ) ;
#3740 = EDGE_CURVE ( 'NONE', #683, #3009, #3105, .T. ) ;
#3741 = VERTEX_POINT ( 'NONE', #3695 ) ;
#3742 = DIRECTION ( 'NONE',  ( 1.000000000000000000, -7.224192438321208153E-17, 0.000000000000000000 ) ) ;
#3743 = PLANE ( 'NONE',  #152 ) ;
#3744 = CARTESIAN_POINT ( 'NONE',  ( -21.46934213868000896, 16.34265182723986243, -0.8299999690355729376 ) ) ;
#3745 = CARTESIAN_POINT ( 'NONE',  ( -12.56934213867999617, -23.51734823469001157, -3.499999999999999556 ) ) ;
#3746 = DIRECTION ( 'NONE',  ( -0.3713906763541026668, -0.9284766908852597478, 0.000000000000000000 ) ) ;
#3747 = CARTESIAN_POINT ( 'NONE',  ( -16.56934213868000683, -24.31734823469000162, -0.4999999999999995559 ) ) ;
#3748 = ORIENTED_EDGE ( 'NONE', *, *, #1045, .F. ) ;
#3749 = DIRECTION ( 'NONE',  ( -1.000000000000000000, 0.000000000000000000, 0.000000000000000000 ) ) ;
#3750 = VERTEX_POINT ( 'NONE', #2771 ) ;
#3751 = CARTESIAN_POINT ( 'NONE',  ( -20.56934213867999617, -25.31734823469000517, -4.500000000000000000 ) ) ;
#3752 = ORIENTED_EDGE ( 'NONE', *, *, #56, .F. ) ;
#3753 = PRESENTATION_STYLE_ASSIGNMENT (( #682 ) ) ;
#3754 = ORIENTED_EDGE ( 'NONE', *, *, #3954, .F. ) ;
#3755 = DIRECTION ( 'NONE',  ( 7.224192438321208153E-17, -1.000000000000000000, -0.000000000000000000 ) ) ;
#3756 = EDGE_CURVE ( 'NONE', #1118, #151, #928, .T. ) ;
#3757 = EDGE_CURVE ( 'NONE', #3890, #2529, #2011, .T. ) ;
#3758 = VERTEX_POINT ( 'NONE', #471 ) ;
#3759 = PLANE ( 'NONE',  #2536 ) ;
#3760 = LINE ( 'NONE', #992, #3702 ) ;
#3761 = DIRECTION ( 'NONE',  ( -2.595206220084261201E-16, 1.000000000000000000, 0.000000000000000000 ) ) ;
#3762 = ADVANCED_FACE ( 'NONE', ( #3935 ), #2318, .T. ) ;
#3763 = CARTESIAN_POINT ( 'NONE',  ( 23.43065786132000028, -23.51734823469000446, -3.499999999999999556 ) ) ;
#3764 = LINE ( 'NONE', #67, #275 ) ;
#3765 = EDGE_LOOP ( 'NONE', ( #1551, #3205, #2481, #203 ) ) ;
#3766 = CARTESIAN_POINT ( 'NONE',  ( 12.48065786131999744, -24.31734823469000162, -1.399999999999999911 ) ) ;
#3767 = VECTOR ( 'NONE', #1104, 1000.000000000000000 ) ;
#3768 = CIRCLE ( 'NONE', #3895, 1.890000000000002789 ) ;
#3769 = EDGE_CURVE ( 'NONE', #2740, #1605, #3891, .T. ) ;
#3770 = EDGE_LOOP ( 'NONE', ( #1298, #2698, #3223, #2971 ) ) ;
#3771 = CARTESIAN_POINT ( 'NONE',  ( -12.56934213867999794, -20.11734823469000588, -3.699999999999999734 ) ) ;
#3772 = ORIENTED_EDGE ( 'NONE', *, *, #1196, .T. ) ;
#3773 = LINE ( 'NONE', #2275, #1578 ) ;
#3774 = AXIS2_PLACEMENT_3D ( 'NONE', #1161, #2992, #759 ) ;
#3775 = AXIS2_PLACEMENT_3D ( 'NONE', #866, #2101, #1834 ) ;
#3776 = VECTOR ( 'NONE', #2598, 1000.000000000000000 ) ;
#3777 = VECTOR ( 'NONE', #638, 1000.000000000000000 ) ;
#3778 = ORIENTED_EDGE ( 'NONE', *, *, #870, .F. ) ;
#3779 = FACE_OUTER_BOUND ( 'NONE', #2920, .T. ) ;
#3780 = ORIENTED_EDGE ( 'NONE', *, *, #60, .T. ) ;
#3781 = CARTESIAN_POINT ( 'NONE',  ( -19.58203962407375798, 27.58265176530999341, -3.500000000000000000 ) ) ;
#3782 = PLANE ( 'NONE',  #1955 ) ;
#3783 = LINE ( 'NONE', #3476, #618 ) ;
#3784 = ORIENTED_EDGE ( 'NONE', *, *, #227, .F. ) ;
#3785 = VECTOR ( 'NONE', #1979, 1000.000000000000000 ) ;
#3786 = DIRECTION ( 'NONE',  ( -0.000000000000000000, -0.000000000000000000, 1.000000000000000000 ) ) ;
#3787 = ORIENTED_EDGE ( 'NONE', *, *, #1634, .F. ) ;
#3788 = EDGE_CURVE ( 'NONE', #3560, #2241, #3628, .T. ) ;
#3789 = DIRECTION ( 'NONE',  ( -1.000000000000000000, -2.595206220084259229E-16, 0.000000000000000000 ) ) ;
#3790 = EDGE_CURVE ( 'NONE', #2141, #2848, #3917, .T. ) ;
#3791 = VECTOR ( 'NONE', #867, 1000.000000000000000 ) ;
#3792 = ORIENTED_EDGE ( 'NONE', *, *, #3889, .T. ) ;
#3793 = CARTESIAN_POINT ( 'NONE',  ( 30.83065786131905739, 16.78265176531008862, 2.799999999999999822 ) ) ;
#3794 = ORIENTED_EDGE ( 'NONE', *, *, #2130, .T. ) ;
#3795 = DIRECTION ( 'NONE',  ( 0.000000000000000000, 1.000000000000000000, 9.856383386231856362E-17 ) ) ;
#3796 = EDGE_LOOP ( 'NONE', ( #2916, #2834, #838, #1621, #1969, #2494 ) ) ;
#3797 = CARTESIAN_POINT ( 'NONE',  ( 23.43065786132000028, -20.11734823469000233, -1.499999999999999556 ) ) ;
#3798 = ORIENTED_EDGE ( 'NONE', *, *, #829, .F. ) ;
#3799 = CARTESIAN_POINT ( 'NONE',  ( -13.56934213867999439, -23.91734823469001370, -1.914213562373093369 ) ) ;
#3800 = FACE_OUTER_BOUND ( 'NONE', #679, .T. ) ;
#3801 = EDGE_LOOP ( 'NONE', ( #808, #3813, #627, #708 ) ) ;
#3802 = DIRECTION ( 'NONE',  ( 0.000000000000000000, -1.000000000000000000, 0.000000000000000000 ) ) ;
#3803 = ORIENTED_EDGE ( 'NONE', *, *, #2585, .T. ) ;
#3804 = DIRECTION ( 'NONE',  ( 1.000000000000000000, 0.000000000000000000, 0.000000000000000000 ) ) ;
#3805 = EDGE_CURVE ( 'NONE', #3080, #814, #1337, .T. ) ;
#3806 = ADVANCED_FACE ( 'NONE', ( #1710 ), #3032, .F. ) ;
#3807 = ORIENTED_EDGE ( 'NONE', *, *, #3614, .F. ) ;
#3808 = LINE ( 'NONE', #2864, #3904 ) ;
#3809 = ORIENTED_EDGE ( 'NONE', *, *, #3150, .F. ) ;
#3810 = CARTESIAN_POINT ( 'NONE',  ( -21.96934213868063779, -11.21734823468991493, 1.599999999999996980 ) ) ;
#3811 = EDGE_LOOP ( 'NONE', ( #371, #3154, #3983, #3544, #3156 ) ) ;
#3812 = CARTESIAN_POINT ( 'NONE',  ( -16.56934213868000683, -24.31734823469000162, -1.992820323027558960 ) ) ;
#3813 = ORIENTED_EDGE ( 'NONE', *, *, #1414, .F. ) ;
#3814 = EDGE_CURVE ( 'NONE', #329, #1293, #3332, .T. ) ;
#3815 = LINE ( 'NONE', #3511, #1772 ) ;
#3816 = DIRECTION ( 'NONE',  ( 2.595206220084261201E-16, -1.000000000000000000, 0.000000000000000000 ) ) ;
#3817 = CARTESIAN_POINT ( 'NONE',  ( 8.861315722639998782, 1.149847084076289112E-15, -3.499999999999999556 ) ) ;
#3818 = EDGE_LOOP ( 'NONE', ( #1412, #3158, #3630 ) ) ;
#3819 = CARTESIAN_POINT ( 'NONE',  ( 0.000000000000000000, 0.000000000000000000, -0.4999999999999995559 ) ) ;
#3820 = ORIENTED_EDGE ( 'NONE', *, *, #3003, .F. ) ;
#3821 = CYLINDRICAL_SURFACE ( 'NONE', #2492, 2.000000000000001776 ) ;
#3822 = ORIENTED_EDGE ( 'NONE', *, *, #717, .T. ) ;
#3823 = PLANE ( 'NONE',  #2940 ) ;
#3824 = EDGE_LOOP ( 'NONE', ( #1794, #2931, #1064, #763 ) ) ;
#3825 = VECTOR ( 'NONE', #910, 1000.000000000000000 ) ;
#3826 = CARTESIAN_POINT ( 'NONE',  ( 31.43065786131999673, 28.68265176530999483, 3.200000000000000178 ) ) ;
#3827 = EDGE_CURVE ( 'NONE', #2428, #3585, #2725, .T. ) ;
#3828 = VECTOR ( 'NONE', #3407, 1000.000000000000000 ) ;
#3829 = AXIS2_PLACEMENT_3D ( 'NONE', #3849, #3242, #3909 ) ;
#3830 = VERTEX_POINT ( 'NONE', #514 ) ;
#3831 = AXIS2_PLACEMENT_3D ( 'NONE', #520, #827, #1978 ) ;
#3832 = CARTESIAN_POINT ( 'NONE',  ( -3.619342138679993770, -19.31734823469000517, -1.399999999999999911 ) ) ;
#3833 = VECTOR ( 'NONE', #1775, 1000.000000000000000 ) ;
#3834 = EDGE_CURVE ( 'NONE', #1280, #1138, #495, .T. ) ;
#3835 = EDGE_CURVE ( 'NONE', #3687, #2345, #1474, .T. ) ;
#3836 = VECTOR ( 'NONE', #900, 1000.000000000000000 ) ;
#3837 = CIRCLE ( 'NONE', #1898, 1.000000000000001776 ) ;
#3838 = EDGE_LOOP ( 'NONE', ( #1703, #457, #2658, #3021 ) ) ;
#3839 = LINE ( 'NONE', #2306, #537 ) ;
#3840 = VECTOR ( 'NONE', #372, 1000.000000000000000 ) ;
#3841 = DIRECTION ( 'NONE',  ( -1.000000000000000000, -5.645626090230307733E-14, -0.000000000000000000 ) ) ;
#3842 = CARTESIAN_POINT ( 'NONE',  ( 12.48065786131999744, -19.61734823469000233, -1.399999999999999911 ) ) ;
#3843 = EDGE_LOOP ( 'NONE', ( #3093, #3034, #2804, #91 ) ) ;
#3844 = CARTESIAN_POINT ( 'NONE',  ( 11.23065786132000099, -24.71734823469000020, 2.799999999999999822 ) ) ;
#3845 = ORIENTED_EDGE ( 'NONE', *, *, #2859, .F. ) ;
#3846 = DIRECTION ( 'NONE',  ( -2.595206220084261201E-16, 1.000000000000000000, 0.000000000000000000 ) ) ;
#3847 = VECTOR ( 'NONE', #1936, 1000.000000000000000 ) ;
#3848 = ORIENTED_EDGE ( 'NONE', *, *, #446, .T. ) ;
#3849 = CARTESIAN_POINT ( 'NONE',  ( 0.000000000000000000, -20.11734823468999878, 0.000000000000000000 ) ) ;
#3850 = FACE_OUTER_BOUND ( 'NONE', #3369, .T. ) ;
#3851 = ORIENTED_EDGE ( 'NONE', *, *, #2708, .F. ) ;
#3852 = DIRECTION ( 'NONE',  ( 0.9284766908852596368, -0.3713906763541028333, 0.000000000000000000 ) ) ;
#3853 = ORIENTED_EDGE ( 'NONE', *, *, #1916, .F. ) ;
#3854 = CARTESIAN_POINT ( 'NONE',  ( 23.43065786132000028, -20.11734823468999878, -3.500000000000001332 ) ) ;
#3855 = ORIENTED_EDGE ( 'NONE', *, *, #3957, .F. ) ;
#3856 = EDGE_CURVE ( 'NONE', #2791, #3233, #3548, .T. ) ;
#3857 = EDGE_CURVE ( 'NONE', #2906, #2428, #839, .T. ) ;
#3858 = CARTESIAN_POINT ( 'NONE',  ( 0.000000000000000000, -24.51734823469000446, 0.000000000000000000 ) ) ;
#3859 = DIRECTION ( 'NONE',  ( -1.000000000000000000, 0.000000000000000000, 0.000000000000000000 ) ) ;
#3860 = CARTESIAN_POINT ( 'NONE',  ( 30.33065786132000596, 25.69534925070499298, -3.500000000000000000 ) ) ;
#3861 = ORIENTED_EDGE ( 'NONE', *, *, #478, .T. ) ;
#3862 = LINE ( 'NONE', #2673, #1892 ) ;
#3863 = VERTEX_POINT ( 'NONE', #3566 ) ;
#3864 = DIRECTION ( 'NONE',  ( -1.000000000000000000, 0.000000000000000000, 0.000000000000000000 ) ) ;
#3865 = ORIENTED_EDGE ( 'NONE', *, *, #3002, .F. ) ;
#3866 = CARTESIAN_POINT ( 'NONE',  ( -12.56934213867999794, -19.31734823469000872, -3.699999999999999734 ) ) ;
#3867 = CARTESIAN_POINT ( 'NONE',  ( 21.43065786132000028, -20.11734823469000233, -3.499999999999999556 ) ) ;
#3868 = ORIENTED_EDGE ( 'NONE', *, *, #841, .T. ) ;
#3869 = DIRECTION ( 'NONE',  ( -2.595206220084261201E-16, 1.000000000000000000, 0.000000000000000000 ) ) ;
#3870 = ORIENTED_EDGE ( 'NONE', *, *, #1588, .F. ) ;
#3871 = DIRECTION ( 'NONE',  ( 1.000000000000000000, -5.619674028029464554E-14, -0.000000000000000000 ) ) ;
#3872 = LINE ( 'NONE', #2665, #3453 ) ;
#3873 = ORIENTED_EDGE ( 'NONE', *, *, #2405, .F. ) ;
#3874 = DIRECTION ( 'NONE',  ( -2.432618059248117548E-32, 1.874701162799413597E-16, 1.000000000000000000 ) ) ;
#3875 = DIRECTION ( 'NONE',  ( -1.000000000000000000, 0.000000000000000000, 0.000000000000000000 ) ) ;
#3876 = FACE_OUTER_BOUND ( 'NONE', #2611, .T. ) ;
#3877 = ADVANCED_FACE ( 'NONE', ( #797 ), #1132, .T. ) ;
#3878 = ORIENTED_EDGE ( 'NONE', *, *, #3694, .T. ) ;
#3879 = CARTESIAN_POINT ( 'NONE',  ( -21.96934213867906394, 16.78265176531008507, 1.600000000000000089 ) ) ;
#3880 = ORIENTED_EDGE ( 'NONE', *, *, #696, .F. ) ;
#3881 = DIRECTION ( 'NONE',  ( 1.000000000000000000, 0.000000000000000000, 0.000000000000000000 ) ) ;
#3882 = ADVANCED_FACE ( 'NONE', ( #2970 ), #1749, .T. ) ;
#3883 = PLANE ( 'NONE',  #3334 ) ;
#3884 = VERTEX_POINT ( 'NONE', #2365 ) ;
#3885 = CARTESIAN_POINT ( 'NONE',  ( -20.56934213868000327, 28.68265176530999483, -4.500000000000000000 ) ) ;
#3886 = LINE ( 'NONE', #790, #3379 ) ;
#3887 = ORIENTED_EDGE ( 'NONE', *, *, #2056, .F. ) ;
#3888 = FACE_OUTER_BOUND ( 'NONE', #3493, .T. ) ;
#3889 = EDGE_CURVE ( 'NONE', #581, #12, #2374, .T. ) ;
#3890 = VERTEX_POINT ( 'NONE', #209 ) ;
#3891 = LINE ( 'NONE', #3273, #2827 ) ;
#3892 = CARTESIAN_POINT ( 'NONE',  ( -13.56934213867999439, -19.71734823469000730, -1.914213562373093369 ) ) ;
#3893 = AXIS2_PLACEMENT_3D ( 'NONE', #3620, #2019, #2082 ) ;
#3894 = AXIS2_PLACEMENT_3D ( 'NONE', #523, #2699, #850 ) ;
#3895 = AXIS2_PLACEMENT_3D ( 'NONE', #1762, #2703, #1168 ) ;
#3896 = ORIENTED_EDGE ( 'NONE', *, *, #1275, .T. ) ;
#3897 = DIRECTION ( 'NONE',  ( 0.000000000000000000, 0.000000000000000000, -1.000000000000000000 ) ) ;
#3898 = CARTESIAN_POINT ( 'NONE',  ( 29.43065786131999317, 28.68265176530999483, -4.500000000000000000 ) ) ;
#3899 = DIRECTION ( 'NONE',  ( 1.000000000000000000, -5.619674028029464554E-14, -0.000000000000000000 ) ) ;
#3900 = VECTOR ( 'NONE', #2839, 1000.000000000000114 ) ;
#3901 = VECTOR ( 'NONE', #2097, 1000.000000000000000 ) ;
#3902 = VERTEX_POINT ( 'NONE', #1452 ) ;
#3903 = AXIS2_PLACEMENT_3D ( 'NONE', #3810, #2582, #3795 ) ;
#3904 = VECTOR ( 'NONE', #731, 1000.000000000000000 ) ;
#3905 = CARTESIAN_POINT ( 'NONE',  ( 21.43065786132000028, -19.31734823469000517, -3.499999999999999556 ) ) ;
#3906 = CARTESIAN_POINT ( 'NONE',  ( 11.23065786132000099, 28.08265176530999341, 1.600000000000000311 ) ) ;
#3907 = DIRECTION ( 'NONE',  ( 0.000000000000000000, 5.160737867146111753E-08, -0.9999999999999986677 ) ) ;
#3908 = ORIENTED_EDGE ( 'NONE', *, *, #920, .T. ) ;
#3909 = DIRECTION ( 'NONE',  ( 0.000000000000000000, -0.000000000000000000, 1.000000000000000000 ) ) ;
#3910 = EDGE_CURVE ( 'NONE', #2368, #2605, #3734, .T. ) ;
#3911 = EDGE_CURVE ( 'NONE', #2196, #1941, #314, .T. ) ;
#3912 = CARTESIAN_POINT ( 'NONE',  ( 13.43065786132000206, 28.08265176530999341, 2.799999999999999822 ) ) ;
#3913 = EDGE_LOOP ( 'NONE', ( #61, #1865, #3055, #3231 ) ) ;
#3914 = PLANE ( 'NONE',  #1770 ) ;
#3915 = AXIS2_PLACEMENT_3D ( 'NONE', #540, #217, #1478 ) ;
#3916 = ORIENTED_EDGE ( 'NONE', *, *, #1536, .F. ) ;
#3917 = LINE ( 'NONE', #3309, #366 ) ;
#3918 = VECTOR ( 'NONE', #2644, 1000.000000000000000 ) ;
#3919 = DIRECTION ( 'NONE',  ( 1.000000000000000000, -0.000000000000000000, -0.000000000000000000 ) ) ;
#3920 = ORIENTED_EDGE ( 'NONE', *, *, #2063, .T. ) ;
#3921 = CARTESIAN_POINT ( 'NONE',  ( -12.56934213868000683, 24.48265185820329037, -3.229999999999999538 ) ) ;
#3922 = DIRECTION ( 'NONE',  ( 0.000000000000000000, 0.000000000000000000, 1.000000000000000000 ) ) ;
#3923 = DIRECTION ( 'NONE',  ( -1.000000000000000000, 0.000000000000000000, 0.000000000000000000 ) ) ;
#3924 = VERTEX_POINT ( 'NONE', #3993 ) ;
#3925 = CARTESIAN_POINT ( 'NONE',  ( 13.68065786131999673, -24.01734823469000091, -1.999999999999999556 ) ) ;
#3926 = FACE_OUTER_BOUND ( 'NONE', #3796, .T. ) ;
#3927 = CYLINDRICAL_SURFACE ( 'NONE', #3660, 1.199999999999999734 ) ;
#3928 = DIRECTION ( 'NONE',  ( -4.999203100798436587E-16, 1.000000000000000000, -1.874701162799413843E-16 ) ) ;
#3929 = DIRECTION ( 'NONE',  ( -5.703228892670382425E-14, 1.000000000000000000, 9.856383386231840338E-17 ) ) ;
#3930 = ORIENTED_EDGE ( 'NONE', *, *, #127, .F. ) ;
#3931 = CARTESIAN_POINT ( 'NONE',  ( 28.44335534671500199, 27.58265176530999696, -3.500000000000000000 ) ) ;
#3932 = ADVANCED_FACE ( 'NONE', ( #3411 ), #1808, .F. ) ;
#3933 = ADVANCED_FACE ( 'NONE', ( #13 ), #1592, .T. ) ;
#3934 = ORIENTED_EDGE ( 'NONE', *, *, #232, .F. ) ;
#3935 = FACE_OUTER_BOUND ( 'NONE', #1492, .T. ) ;
#3936 = DIRECTION ( 'NONE',  ( 0.000000000000000000, 1.000000000000000000, 0.000000000000000000 ) ) ;
#3937 = EDGE_CURVE ( 'NONE', #1768, #700, #268, .T. ) ;
#3938 = ORIENTED_EDGE ( 'NONE', *, *, #1980, .T. ) ;
#3939 = CARTESIAN_POINT ( 'NONE',  ( 26.10245463104451602, -23.51734823469000446, -4.500000000000000000 ) ) ;
#3940 = DIRECTION ( 'NONE',  ( 1.000000000000000000, -5.619674028029464554E-14, 0.000000000000000000 ) ) ;
#3941 = ADVANCED_FACE ( 'NONE', ( #2482 ), #922, .F. ) ;
#3942 = EDGE_LOOP ( 'NONE', ( #990, #1436, #427, #29 ) ) ;
#3943 = CARTESIAN_POINT ( 'NONE',  ( 21.43065786132000028, -23.51734823469000446, -3.699999999999999734 ) ) ;
#3944 = PLANE ( 'NONE',  #3461 ) ;
#3945 = LINE ( 'NONE', #2719, #3546 ) ;
#3946 = DIRECTION ( 'NONE',  ( 7.224192438321208153E-17, 1.000000000000000000, -0.000000000000000000 ) ) ;
#3947 = DIRECTION ( 'NONE',  ( 1.000000000000000000, 0.000000000000000000, 0.000000000000000000 ) ) ;
#3948 = ORIENTED_EDGE ( 'NONE', *, *, #1208, .T. ) ;
#3949 = FACE_BOUND ( 'NONE', #1923, .T. ) ;
#3950 = EDGE_LOOP ( 'NONE', ( #3228, #3961, #432, #1951, #1689, #2135, #1267, #944, #1291, #2732 ) ) ;
#3951 = DIRECTION ( 'NONE',  ( 0.000000000000000000, -1.000000000000000000, 0.000000000000000000 ) ) ;
#3952 = DIRECTION ( 'NONE',  ( -1.000000000000000000, 0.000000000000000000, 0.000000000000000000 ) ) ;
#3953 = ORIENTED_EDGE ( 'NONE', *, *, #1113, .F. ) ;
#3954 = EDGE_CURVE ( 'NONE', #1709, #1680, #967, .T. ) ;
#3955 = DIRECTION ( 'NONE',  ( 5.538966172590817614E-30, 9.856383386231840338E-17, -1.000000000000000000 ) ) ;
#3956 = EDGE_CURVE ( 'NONE', #2529, #2544, #884, .T. ) ;
#3957 = EDGE_CURVE ( 'NONE', #3758, #2977, #2181, .T. ) ;
#3958 = FACE_BOUND ( 'NONE', #1733, .T. ) ;
#3959 = VECTOR ( 'NONE', #1739, 1000.000000000000000 ) ;
#3960 = CIRCLE ( 'NONE', #995, 0.8000000000000003775 ) ;
#3961 = ORIENTED_EDGE ( 'NONE', *, *, #1708, .T. ) ;
#3962 = VECTOR ( 'NONE', #806, 1000.000000000000000 ) ;
#3963 = CARTESIAN_POINT ( 'NONE',  ( -12.56934213867999794, -19.31734823469000872, -0.5000000000000001110 ) ) ;
#3964 = VECTOR ( 'NONE', #3232, 1000.000000000000000 ) ;
#3965 = FACE_OUTER_BOUND ( 'NONE', #3106, .T. ) ;
#3966 = VECTOR ( 'NONE', #1089, 1000.000000000000000 ) ;
#3967 = AXIS2_PLACEMENT_3D ( 'NONE', #1968, #110, #374 ) ;
#3968 = DIRECTION ( 'NONE',  ( 5.677276830469539877E-14, 1.000000000000000000, 9.856383386231840338E-17 ) ) ;
#3969 = CARTESIAN_POINT ( 'NONE',  ( 8.861315722639998782, 1.149847084076289112E-15, -3.499999999999999556 ) ) ;
#3970 = CARTESIAN_POINT ( 'NONE',  ( 29.43065786131999317, 26.68265176530999838, -4.500000000000000000 ) ) ;
#3971 = VERTEX_POINT ( 'NONE', #637 ) ;
#3972 = CARTESIAN_POINT ( 'NONE',  ( -22.56934213867999617, -25.31734823469000517, -4.500000000000000000 ) ) ;
#3973 = ORIENTED_EDGE ( 'NONE', *, *, #1857, .T. ) ;
#3974 = CARTESIAN_POINT ( 'NONE',  ( -12.56934213868000327, 16.34265188916871736, -2.029999969034570917 ) ) ;
#3975 = FACE_OUTER_BOUND ( 'NONE', #2595, .T. ) ;
#3976 = AXIS2_PLACEMENT_3D ( 'NONE', #2396, #3621, #3603 ) ;
#3977 = ORIENTED_EDGE ( 'NONE', *, *, #3244, .T. ) ;
#3978 = DIRECTION ( 'NONE',  ( 1.000000000000000000, 0.000000000000000000, -0.000000000000000000 ) ) ;
#3979 = AXIS2_PLACEMENT_3D ( 'NONE', #1769, #2073, #2689 ) ;
#3980 = LINE ( 'NONE', #1217, #2179 ) ;
#3981 = ADVANCED_FACE ( 'NONE', ( #1505 ), #2745, .T. ) ;
#3982 = EDGE_CURVE ( 'NONE', #477, #1680, #3688, .T. ) ;
#3983 = ORIENTED_EDGE ( 'NONE', *, *, #1930, .F. ) ;
#3984 = ORIENTED_EDGE ( 'NONE', *, *, #3196, .F. ) ;
#3985 = CARTESIAN_POINT ( 'NONE',  ( 13.43065786132000206, -24.21734823469000020, 1.600000000000000089 ) ) ;
#3986 = CARTESIAN_POINT ( 'NONE',  ( 30.33065786132000596, -15.51629989666884413, -3.500000000000000000 ) ) ;
#3987 = DIRECTION ( 'NONE',  ( 0.000000000000000000, 0.000000000000000000, -1.000000000000000000 ) ) ;
#3988 = DIRECTION ( 'NONE',  ( 2.595206220084261201E-16, -1.000000000000000000, 0.000000000000000000 ) ) ;
#3989 = CARTESIAN_POINT ( 'NONE',  ( 21.43065786132000028, -4.516299896668844127, 3.869999999999999218 ) ) ;
#3990 = ORIENTED_EDGE ( 'NONE', *, *, #1907, .T. ) ;
#3991 = CARTESIAN_POINT ( 'NONE',  ( 21.43065786132000028, -19.31734823469000162, -0.5000000000000001110 ) ) ;
#3992 = ORIENTED_EDGE ( 'NONE', *, *, #2337, .T. ) ;
#3993 = CARTESIAN_POINT ( 'NONE',  ( 13.68065786131999673, -24.01734823469000091, -1.999999999999999556 ) ) ;
#3994 = CARTESIAN_POINT ( 'NONE',  ( -12.56934213868000683, 24.48265176530999909, -2.030000000000003357 ) ) ;
#3995 = FACE_OUTER_BOUND ( 'NONE', #1342, .T. ) ;
#3996 = VERTEX_POINT ( 'NONE', #1868 ) ;
#3997 = PLANE ( 'NONE',  #3067 ) ;
#3998 = CARTESIAN_POINT ( 'NONE',  ( -13.98355570105309020, -19.88303365963924563, -3.500000000000001332 ) ) ;
ENDSEC;
END-ISO-10303-21;
